InvoiceNo,StockCode,Description,Quantity,InvoiceDate,UnitPrice,CustomerID,Country,Discount,PaymentMethod,ShippingCost,Category,SalesChannel,ReturnStatus,ShipmentProvider,WarehouseLocation,OrderPriority
359178,SKU_1386,USB Cable,-30,2020-01-01 04:00,-68.11,,United Kingdom,1.501433043360303,Bank Transfer,,Electronics,In-store,Not Returned,FedEx,,Medium
655839,SKU_1047,Office Chair,48,2020-01-03 01:00,4.74,,Belgium,0.22,Credit Card,23.11,Accessories,Online,Not Returned,UPS,London,High
305041,SKU_1731,Desk Lamp,45,2020-01-03 14:00,54.79,,United Kingdom,0.23,Credit Card,8.97,Accessories,In-store,Not Returned,DHL,,Medium
672843,SKU_1953,Headphones,3,2020-01-03 23:00,99.17,,United States,0.03,paypall,11.58,Stationery,Online,Not Returned,DHL,London,Medium
124300,SKU_1951,Headphones,8,2020-01-05 07:00,46.19,,Norway,0.1,Bank Transfer,12.81,Stationery,In-store,Not Returned,UPS,,High
451279,SKU_1617,Wall Clock,-2,2020-01-07 00:00,34.06,,Spain,0.34,Credit Card,,Furniture,Online,Not Returned,DHL,,Medium
747972,SKU_1514,Desk Lamp,-26,2020-01-07 03:00,-72.33,,Netherlands,1.97208653797146,paypall,,Electronics,In-store,Not Returned,Royal Mail,,Low
318969,SKU_1115,Desk Lamp,-19,2020-01-07 23:00,-3.61,,Italy,1.0522543262800623,Credit Card,,Apparel,In-store,Not Returned,UPS,,High
872838,SKU_1491,Wall Clock,21,2020-01-08 05:00,32.07,,Belgium,0.01,Credit Card,9.79,Stationery,In-store,Not Returned,FedEx,Paris,Medium
285340,SKU_1710,Blue Pen,-3,2020-01-08 08:00,85.95,,Netherlands,0.26,Credit Card,,Accessories,In-store,Not Returned,UPS,,Low
542296,SKU_1447,Headphones,45,2020-01-09 03:00,56.42,,Germany,0.42,Bank Transfer,25.27,Apparel,Online,Returned,UPS,Berlin,Medium
981691,SKU_1962,Backpack,3,2020-01-09 06:00,2.73,,Portugal,0.09,Credit Card,17.4,Accessories,In-store,Not Returned,UPS,,High
867595,SKU_1343,White Mug,-2,2020-01-09 07:00,-96.08,,Portugal,1.702087569366962,Bank Transfer,,Accessories,Online,Not Returned,FedEx,,Low
227948,SKU_1009,Office Chair,18,2020-01-10 00:00,42.63,,United States,0.3,Credit Card,19.69,Stationery,In-store,Not Returned,UPS,Amsterdam,Low
328576,SKU_1327,Wall Clock,7,2020-01-10 09:00,68.38,,Netherlands,0.14,Credit Card,16.63,Electronics,Online,Not Returned,FedEx,Paris,Medium
693128,SKU_1649,White Mug,20,2020-01-10 15:00,84.59,,Australia,0.49,paypall,22.17,Furniture,Online,Not Returned,FedEx,,Low
937291,SKU_1936,Wall Clock,-16,2020-01-11 22:00,-73.6,,Germany,1.535439956251199,Credit Card,,Electronics,Online,Not Returned,DHL,,Medium
911774,SKU_1210,Headphones,15,2020-01-12 09:00,13.24,,Norway,0.39,Bank Transfer,29.7,Furniture,In-store,Returned,DHL,,Medium
206081,SKU_1231,T-shirt,4,2020-01-12 13:00,88.55,,Norway,0.35,Credit Card,28.5,Accessories,Online,Not Returned,DHL,,High
212547,SKU_1552,Wall Clock,-26,2020-01-13 04:00,-51.94,,Norway,1.5234671839451164,Credit Card,,Stationery,In-store,Not Returned,FedEx,,High
758271,SKU_1967,Blue Pen,24,2020-01-13 09:00,64.47,,Germany,0.45,Bank Transfer,10.03,Furniture,In-store,Not Returned,Royal Mail,Paris,High
710269,SKU_1024,Wireless Mouse,-11,2020-01-14 02:00,-44.4,,Germany,1.6477538873239466,Bank Transfer,,Apparel,Online,Not Returned,UPS,,Low
247718,SKU_1942,White Mug,28,2020-01-14 04:00,15.63,31772.0,France,0.38,paypall,18.47,Furniture,Online,Not Returned,FedEx,Rome,Low
570587,SKU_1170,Wireless Mouse,21,2020-01-14 10:00,86.65,,Netherlands,0.04,Bank Transfer,28.08,Apparel,Online,Not Returned,Royal Mail,,High
391999,SKU_1593,Office Chair,-18,2020-01-14 18:00,16.98,,Australia,0.21,paypall,,Apparel,Online,Not Returned,Royal Mail,,Medium
798376,SKU_1242,Blue Pen,-38,2020-01-14 20:00,-76.95,,Sweden,0.35,paypall,,Apparel,In-store,Not Returned,UPS,,Low
421184,SKU_1345,Wall Clock,-39,2020-01-15 05:00,84.86,,Sweden,0.28,Bank Transfer,,Electronics,In-store,Not Returned,Royal Mail,,High
522515,SKU_1635,Wall Clock,25,2020-01-15 07:00,7.42,,United States,0.1,Bank Transfer,8.87,Electronics,In-store,Not Returned,DHL,Amsterdam,Low
803714,SKU_1775,Backpack,19,2020-01-15 15:00,54.66,,United States,0.47,paypall,21.01,Electronics,Online,Not Returned,DHL,,Low
837378,SKU_1078,Backpack,41,2020-01-15 18:00,23.32,,Spain,0.26,paypall,22.68,Apparel,Online,Not Returned,UPS,Paris,High
158871,SKU_1477,Notebook,20,2020-01-16 13:00,49.04,,Belgium,0.04,paypall,22.13,Electronics,In-store,Not Returned,FedEx,,High
500109,SKU_1475,Office Chair,45,2020-01-17 01:00,59.5,,Spain,0.38,paypall,15.3,Apparel,Online,Returned,DHL,,High
760960,SKU_1535,Notebook,-15,2020-01-17 15:00,27.3,,Sweden,0.41,paypall,,Accessories,In-store,Returned,FedEx,,Low
730271,SKU_1138,Notebook,22,2020-01-17 23:00,14.4,,France,0.21,Bank Transfer,22.87,Accessories,In-store,Not Returned,UPS,Berlin,Low
787995,SKU_1399,USB Cable,-32,2020-01-18 08:00,-98.61,,France,1.5807770446256528,Bank Transfer,,Accessories,Online,Not Returned,UPS,,High
511927,SKU_1451,Office Chair,20,2020-01-18 11:00,11.79,,Netherlands,0.44,paypall,7.49,Apparel,In-store,Not Returned,DHL,Rome,Medium
241564,SKU_1084,USB Cable,8,2020-01-18 20:00,97.94,,Italy,0.11,Credit Card,9.64,Accessories,In-store,Returned,DHL,,High
477812,SKU_1617,Wireless Mouse,12,2020-01-18 21:00,60.08,,France,0.09,Bank Transfer,7.12,Apparel,Online,Returned,Royal Mail,,Low
136631,SKU_1748,Wall Clock,28,2020-01-19 09:00,69.36,,Netherlands,0.48,paypall,27.99,Stationery,Online,Not Returned,FedEx,Paris,High
258823,SKU_1229,White Mug,-47,2020-01-19 22:00,98.15,,Germany,0.14,Credit Card,,Apparel,In-store,Returned,DHL,,High
679036,SKU_1195,T-shirt,16,2020-01-20 04:00,17.22,,Spain,0.03,Credit Card,11.63,Electronics,In-store,Not Returned,UPS,London,Low
544209,SKU_1717,White Mug,-43,2020-01-20 09:00,-1.47,,France,1.330014402043576,Bank Transfer,,Electronics,Online,Returned,UPS,,High
319963,SKU_1411,Notebook,-27,2020-01-20 13:00,51.17,,United Kingdom,0.0,paypall,,Electronics,In-store,Returned,Royal Mail,,Medium
364512,SKU_1962,T-shirt,-29,2020-01-20 20:00,-79.33,,Italy,0.1,Bank Transfer,,Apparel,Online,Not Returned,DHL,,Low
694319,SKU_1766,Wall Clock,22,2020-01-21 00:00,30.9,,Spain,0.43,Credit Card,13.21,Stationery,In-store,Not Returned,Royal Mail,,High
712210,SKU_1979,Blue Pen,9,2020-01-21 02:00,83.09,,Spain,0.15,paypall,5.34,Electronics,In-store,Returned,UPS,,Low
224046,SKU_1625,Wireless Mouse,-41,2020-01-21 04:00,-97.18,,Netherlands,0.18,paypall,,Accessories,In-store,Not Returned,DHL,,Medium
489957,SKU_1542,USB Cable,-11,2020-01-21 21:00,-84.13,,United States,0.19,Bank Transfer,,Accessories,In-store,Returned,DHL,,Medium
804107,SKU_1386,Notebook,-5,2020-01-22 04:00,-25.55,,Belgium,1.9926773147419656,Credit Card,,Accessories,Online,Not Returned,DHL,,Low
289407,SKU_1172,Backpack,12,2020-01-22 08:00,40.9,,United States,0.32,paypall,6.99,Apparel,Online,Not Returned,DHL,Berlin,Medium
322866,SKU_1723,Notebook,39,2020-01-22 19:00,26.77,,France,0.49,Bank Transfer,5.33,Electronics,In-store,Not Returned,Royal Mail,Amsterdam,Low
850201,SKU_1397,USB Cable,-50,2020-01-23 15:00,-98.5,,Germany,0.42,paypall,,Apparel,In-store,Not Returned,DHL,,High
641252,SKU_1723,Headphones,45,2020-01-24 06:00,33.3,,Netherlands,0.39,paypall,23.87,Apparel,Online,Not Returned,FedEx,,Medium
612153,SKU_1566,Wireless Mouse,-28,2020-01-24 12:00,-89.53,,Belgium,1.5321500433511075,Bank Transfer,,Furniture,Online,Not Returned,Royal Mail,,High
260196,SKU_1878,USB Cable,39,2020-01-25 02:00,96.88,,Sweden,0.49,Credit Card,27.88,Furniture,Online,Not Returned,UPS,Rome,Low
864121,SKU_1978,T-shirt,9,2020-01-25 05:00,7.32,,United States,0.28,Bank Transfer,23.53,Accessories,In-store,Not Returned,DHL,Rome,Medium
497827,SKU_1957,Headphones,-49,2020-01-26 09:00,77.98,,United States,0.15,Bank Transfer,,Stationery,In-store,Not Returned,UPS,,High
104000,SKU_1243,USB Cable,35,2020-01-27 01:00,86.02,,Spain,0.26,Credit Card,10.64,Apparel,Online,Not Returned,FedEx,,Low
455754,SKU_1574,Wall Clock,-18,2020-01-27 04:00,-66.18,,Belgium,1.3518524557519638,Credit Card,,Apparel,In-store,Not Returned,DHL,,Medium
365517,SKU_1215,Headphones,25,2020-01-27 16:00,99.05,,Portugal,0.24,Bank Transfer,14.34,Apparel,Online,Not Returned,Royal Mail,Paris,High
485777,SKU_1185,Blue Pen,-41,2020-01-27 20:00,-35.69,,Netherlands,0.22,Bank Transfer,,Furniture,In-store,Not Returned,UPS,,High
651638,SKU_1152,Wireless Mouse,45,2020-01-27 22:00,19.41,,Italy,0.22,Bank Transfer,14.84,Electronics,Online,Not Returned,UPS,,High
738873,SKU_1335,T-shirt,19,2020-01-28 03:00,17.18,,United Kingdom,0.28,Credit Card,23.07,Apparel,Online,Not Returned,FedEx,Amsterdam,Medium
906790,SKU_1531,Wireless Mouse,20,2020-01-28 09:00,25.25,,United Kingdom,0.26,Credit Card,14.16,Furniture,In-store,Not Returned,DHL,Rome,Low
231484,SKU_1803,T-shirt,-9,2020-01-28 16:00,-74.28,,Germany,0.37,paypall,,Stationery,Online,Not Returned,UPS,,Low
663044,SKU_1508,Office Chair,-12,2020-01-29 00:00,-79.17,,Belgium,1.236046393230739,Bank Transfer,,Accessories,In-store,Not Returned,FedEx,,High
170640,SKU_1175,Blue Pen,32,2020-01-29 09:00,16.64,,United Kingdom,0.34,paypall,20.38,Apparel,Online,Not Returned,Royal Mail,,Medium
664242,SKU_1424,Headphones,45,2020-01-30 06:00,3.48,,Spain,0.16,Bank Transfer,26.04,Apparel,Online,Not Returned,Royal Mail,,High
825256,SKU_1862,Backpack,-35,2020-01-30 12:00,-86.53,,France,1.348446394966762,Bank Transfer,,Electronics,Online,Returned,FedEx,,Medium
742612,SKU_1446,Headphones,-31,2020-01-31 05:00,-42.19,,France,1.1149112131646657,paypall,,Apparel,Online,Not Returned,UPS,,Medium
887494,SKU_1543,USB Cable,38,2020-01-31 09:00,75.44,87333.0,Norway,0.35,Credit Card,21.55,Apparel,In-store,Not Returned,UPS,Berlin,Low
989465,SKU_1879,Headphones,1,2020-01-31 16:00,9.04,,France,0.15,Bank Transfer,16.12,Electronics,Online,Not Returned,UPS,Paris,Medium
279208,SKU_1449,Headphones,13,2020-02-01 01:00,76.42,,Netherlands,0.45,Credit Card,9.62,Furniture,Online,Not Returned,DHL,,Low
455249,SKU_1740,Headphones,9,2020-02-01 14:00,40.41,,Netherlands,0.25,Credit Card,9.28,Electronics,Online,Not Returned,DHL,,Low
257504,SKU_1903,Notebook,20,2020-02-02 02:00,84.84,,United States,0.31,Credit Card,5.4,Electronics,Online,Not Returned,UPS,London,Low
338067,SKU_1784,Headphones,31,2020-02-02 03:00,89.53,,Sweden,0.15,Bank Transfer,28.18,Stationery,Online,Not Returned,DHL,,High
617923,SKU_1074,White Mug,8,2020-02-02 08:00,86.63,,Australia,0.3,Credit Card,26.41,Electronics,In-store,Not Returned,FedEx,,Low
506332,SKU_1714,Desk Lamp,28,2020-02-03 08:00,52.24,,Spain,0.23,Bank Transfer,15.38,Electronics,In-store,Not Returned,Royal Mail,Paris,Medium
359214,SKU_1222,USB Cable,-49,2020-02-05 02:00,77.84,,Netherlands,0.21,Bank Transfer,,Furniture,Online,Not Returned,FedEx,,Medium
250159,SKU_1263,USB Cable,46,2020-02-05 08:00,51.74,,France,0.46,paypall,15.24,Electronics,In-store,Not Returned,UPS,,Medium
255576,SKU_1467,Wall Clock,-45,2020-02-05 10:00,-29.15,,Sweden,1.8515904099835208,Credit Card,,Apparel,Online,Not Returned,DHL,,High
111023,SKU_1958,Desk Lamp,22,2020-02-05 13:00,47.37,,Australia,0.21,Bank Transfer,26.19,Apparel,In-store,Not Returned,Royal Mail,,Low
614723,SKU_1724,Headphones,36,2020-02-05 21:00,52.58,,Spain,0.36,Bank Transfer,13.7,Accessories,Online,Not Returned,Royal Mail,Berlin,Medium
790907,SKU_1596,Office Chair,-4,2020-02-06 15:00,-88.61,,Australia,1.1396455477557932,Bank Transfer,,Apparel,Online,Not Returned,Royal Mail,,High
222402,SKU_1017,T-shirt,5,2020-02-06 20:00,81.04,,Norway,0.37,paypall,26.43,Apparel,In-store,Not Returned,Royal Mail,,Medium
563556,SKU_1870,White Mug,4,2020-02-07 02:00,12.13,,Belgium,0.04,Credit Card,16.11,Accessories,Online,Not Returned,UPS,Rome,High
268964,SKU_1724,Desk Lamp,29,2020-02-07 10:00,89.62,,United Kingdom,0.26,paypall,16.5,Stationery,Online,Not Returned,UPS,,High
251456,SKU_1855,Wireless Mouse,48,2020-02-08 02:00,20.27,,United States,0.19,Credit Card,23.45,Furniture,Online,Not Returned,UPS,,High
335365,SKU_1837,USB Cable,-20,2020-02-08 14:00,19.75,,Belgium,0.28,Bank Transfer,,Furniture,Online,Not Returned,DHL,,Low
909956,SKU_1817,Desk Lamp,15,2020-02-08 18:00,17.15,,United Kingdom,0.03,Bank Transfer,22.65,Stationery,In-store,Not Returned,UPS,Paris,High
244528,SKU_1755,White Mug,30,2020-02-09 00:00,40.43,,Belgium,0.15,Bank Transfer,27.82,Apparel,In-store,Not Returned,Royal Mail,Amsterdam,Low
136187,SKU_1974,T-shirt,-37,2020-02-09 13:00,44.04,,United Kingdom,0.36,Bank Transfer,,Furniture,Online,Not Returned,Royal Mail,,High
144238,SKU_1191,Office Chair,24,2020-02-10 11:00,98.49,,Italy,0.15,Credit Card,13.76,Accessories,Online,Not Returned,Royal Mail,,Low
762301,SKU_1036,Headphones,-47,2020-02-11 01:00,-61.53,,Netherlands,1.1007868099387903,paypall,,Stationery,Online,Not Returned,FedEx,,Medium
807689,SKU_1931,USB Cable,-38,2020-02-11 14:00,-24.14,,United States,1.5009899123536776,Credit Card,,Furniture,In-store,Not Returned,FedEx,,Low
667376,SKU_1664,Wall Clock,3,2020-02-11 16:00,40.22,,Spain,0.23,Credit Card,28.16,Accessories,Online,Not Returned,Royal Mail,,High
533027,SKU_1443,White Mug,-28,2020-02-11 19:00,-73.12,,Italy,1.5286765290970958,Credit Card,,Stationery,In-store,Not Returned,DHL,,Medium
417623,SKU_1576,Backpack,-27,2020-02-11 21:00,43.13,,Netherlands,0.35,Bank Transfer,,Apparel,Online,Not Returned,DHL,,Medium
988900,SKU_1072,USB Cable,3,2020-02-12 04:00,72.47,,Australia,0.42,paypall,29.8,Accessories,In-store,Not Returned,FedEx,,Medium
766997,SKU_1818,Office Chair,-44,2020-02-12 22:00,-56.43,,Australia,1.925327224727465,Bank Transfer,,Apparel,Online,Not Returned,FedEx,,Medium
526650,SKU_1549,Wireless Mouse,-24,2020-02-13 07:00,-29.57,,Netherlands,1.0492347440188017,Credit Card,,Apparel,Online,Not Returned,FedEx,,Low
989513,SKU_1886,T-shirt,14,2020-02-13 16:00,54.83,,United States,0.24,Credit Card,13.43,Accessories,Online,Not Returned,Royal Mail,Berlin,High
572930,SKU_1853,White Mug,25,2020-02-14 21:00,11.2,,Sweden,0.49,Bank Transfer,12.39,Accessories,Online,Returned,UPS,Paris,High
969270,SKU_1673,Headphones,-38,2020-02-15 17:00,68.7,,Australia,0.37,paypall,,Stationery,Online,Not Returned,Royal Mail,,Medium
101062,SKU_1594,White Mug,-32,2020-02-16 10:00,-29.62,,Italy,0.26,paypall,,Electronics,Online,Returned,FedEx,,Low
499445,SKU_1402,Headphones,-23,2020-02-16 14:00,-18.16,,United States,1.266263632966273,Credit Card,,Stationery,Online,Not Returned,FedEx,,Medium
672203,SKU_1187,Backpack,-6,2020-02-16 17:00,93.62,,Spain,0.07,paypall,,Electronics,Online,Not Returned,DHL,,High
366776,SKU_1492,Wireless Mouse,-7,2020-02-16 18:00,-29.52,,Norway,0.37,Credit Card,,Apparel,In-store,Not Returned,Royal Mail,,High
749324,SKU_1589,White Mug,43,2020-02-17 03:00,77.31,,Italy,0.28,Bank Transfer,16.94,Accessories,Online,Not Returned,DHL,Paris,Low
570951,SKU_1179,White Mug,9,2020-02-17 10:00,12.24,,Norway,0.16,paypall,10.04,Furniture,Online,Not Returned,UPS,,Low
564374,SKU_1600,Wireless Mouse,4,2020-02-18 05:00,89.23,,Portugal,0.05,Bank Transfer,27.83,Electronics,Online,Not Returned,DHL,Rome,High
962557,SKU_1398,T-shirt,-36,2020-02-18 10:00,1.35,,United States,0.03,Bank Transfer,,Stationery,In-store,Not Returned,FedEx,,High
244990,SKU_1017,Headphones,-34,2020-02-18 11:00,-84.76,,Sweden,0.48,Credit Card,,Furniture,Online,Not Returned,Royal Mail,,Medium
258518,SKU_1549,Desk Lamp,-50,2020-02-18 12:00,-18.93,,Netherlands,1.8770664248534583,paypall,,Furniture,Online,Not Returned,Royal Mail,,Low
403571,SKU_1220,Desk Lamp,-34,2020-02-18 23:00,93.63,,Sweden,0.0,Bank Transfer,,Electronics,In-store,Not Returned,DHL,,High
487952,SKU_1248,Notebook,-20,2020-02-19 04:00,91.76,,Netherlands,0.04,paypall,,Furniture,In-store,Not Returned,UPS,,Low
689833,SKU_1263,Headphones,-50,2020-02-20 19:00,-10.6,,Germany,1.5035882252935395,Credit Card,,Apparel,In-store,Not Returned,FedEx,,High
357665,SKU_1172,White Mug,32,2020-02-21 02:00,21.02,,France,0.26,paypall,27.47,Electronics,Online,Not Returned,Royal Mail,,High
193070,SKU_1630,Office Chair,-6,2020-02-21 08:00,-30.81,,Portugal,1.207563971347419,Credit Card,,Accessories,Online,Not Returned,UPS,,Low
988266,SKU_1606,Backpack,21,2020-02-21 22:00,26.47,,Italy,0.08,paypall,26.55,Apparel,Online,Not Returned,Royal Mail,Paris,Low
760775,SKU_1942,White Mug,-29,2020-02-22 05:00,20.12,,Sweden,0.01,Credit Card,,Electronics,Online,Not Returned,UPS,,Medium
618545,SKU_1881,Notebook,-40,2020-02-23 04:00,10.72,,Spain,0.13,Credit Card,,Accessories,Online,Not Returned,Royal Mail,,Low
290279,SKU_1654,Wireless Mouse,25,2020-02-23 06:00,92.71,,Spain,0.08,paypall,18.24,Electronics,In-store,Not Returned,UPS,Amsterdam,High
139711,SKU_1262,Backpack,37,2020-02-23 09:00,5.68,,United States,0.25,paypall,27.88,Accessories,Online,Not Returned,DHL,,Medium
243026,SKU_1123,USB Cable,-16,2020-02-23 10:00,63.66,,Spain,0.27,paypall,,Stationery,Online,Not Returned,UPS,,Medium
996209,SKU_1832,Wireless Mouse,-29,2020-02-27 04:00,15.97,,Spain,0.03,Credit Card,,Electronics,In-store,Returned,FedEx,,Medium
330203,SKU_1804,Blue Pen,48,2020-02-27 09:00,16.36,,Belgium,0.02,paypall,6.44,Stationery,Online,Not Returned,UPS,London,Medium
938761,SKU_1434,Desk Lamp,-33,2020-02-27 20:00,-22.69,,Italy,1.5610842316179174,Credit Card,,Stationery,Online,Returned,UPS,,High
600315,SKU_1430,White Mug,-43,2020-02-27 22:00,-42.19,,Norway,1.1939972794163576,paypall,,Apparel,In-store,Not Returned,FedEx,,High
278595,SKU_1076,Blue Pen,-28,2020-02-28 14:00,-89.23,,Norway,1.9856555899355053,paypall,,Electronics,Online,Not Returned,FedEx,,High
268502,SKU_1184,Wireless Mouse,13,2020-02-28 21:00,31.15,,Italy,0.34,paypall,9.92,Furniture,In-store,Not Returned,UPS,Paris,High
532498,SKU_1388,Desk Lamp,-42,2020-02-28 22:00,80.96,,Sweden,0.31,Credit Card,,Electronics,In-store,Not Returned,FedEx,,Low
984377,SKU_1493,White Mug,-34,2020-02-29 06:00,-28.01,,France,1.8263448475671504,paypall,,Accessories,In-store,Not Returned,UPS,,High
932672,SKU_1617,Headphones,-10,2020-03-01 04:00,-13.28,,United States,1.2350487134696615,Bank Transfer,,Accessories,In-store,Not Returned,DHL,,Medium
643385,SKU_1243,Backpack,34,2020-03-01 08:00,11.67,,Spain,0.17,Bank Transfer,21.47,Apparel,In-store,Not Returned,Royal Mail,,Medium
233554,SKU_1177,Wireless Mouse,33,2020-03-02 06:00,60.2,,United Kingdom,0.49,Bank Transfer,27.34,Accessories,In-store,Not Returned,Royal Mail,Amsterdam,Low
717895,SKU_1978,Blue Pen,30,2020-03-02 16:00,96.01,,Italy,0.29,paypall,24.56,Furniture,Online,Not Returned,Royal Mail,,High
688365,SKU_1686,Backpack,33,2020-03-02 20:00,89.61,,France,0.4,paypall,16.97,Electronics,In-store,Not Returned,DHL,London,Medium
357009,SKU_1887,White Mug,15,2020-03-02 23:00,76.99,,Belgium,0.3,Bank Transfer,21.88,Apparel,In-store,Not Returned,UPS,Berlin,Medium
402950,SKU_1606,Headphones,-30,2020-03-03 10:00,-63.42,,Germany,1.783446387851377,paypall,,Accessories,Online,Not Returned,UPS,,Low
752465,SKU_1858,White Mug,-17,2020-03-03 19:00,-11.36,,Belgium,1.1442046074940042,Credit Card,,Accessories,Online,Not Returned,FedEx,,Medium
316454,SKU_1093,Wall Clock,36,2020-03-03 20:00,79.67,,Netherlands,0.49,Bank Transfer,23.56,Furniture,In-store,Not Returned,Royal Mail,London,Low
112175,SKU_1209,White Mug,-28,2020-03-05 00:00,-6.22,,Portugal,1.3450909282956791,Credit Card,,Accessories,Online,Not Returned,FedEx,,Low
307990,SKU_1153,Blue Pen,-3,2020-03-06 06:00,-93.29,,Australia,1.8240749249321304,Bank Transfer,,Accessories,In-store,Not Returned,UPS,,High
294269,SKU_1807,Desk Lamp,-47,2020-03-06 10:00,-51.81,,Spain,1.1990271377400532,Bank Transfer,,Stationery,Online,Not Returned,UPS,,High
864757,SKU_1970,Blue Pen,48,2020-03-06 16:00,88.66,,Portugal,0.25,Credit Card,21.71,Apparel,In-store,Not Returned,DHL,,Medium
807280,SKU_1930,Headphones,-8,2020-03-07 00:00,99.71,,Sweden,0.04,paypall,,Electronics,Online,Not Returned,UPS,,Low
595553,SKU_1277,USB Cable,-8,2020-03-07 06:00,58.26,,Australia,0.39,Credit Card,,Stationery,Online,Returned,DHL,,Low
123752,SKU_1996,Backpack,37,2020-03-07 10:00,99.23,,Belgium,0.02,Credit Card,22.94,Stationery,Online,Not Returned,DHL,Berlin,Medium
942393,SKU_1982,T-shirt,-49,2020-03-07 15:00,-77.48,,Netherlands,1.9471402916967229,Bank Transfer,,Accessories,In-store,Not Returned,DHL,,Low
356609,SKU_1235,White Mug,-17,2020-03-07 19:00,-58.85,,Australia,0.2,paypall,,Furniture,In-store,Not Returned,UPS,,Low
641013,SKU_1348,USB Cable,25,2020-03-08 13:00,21.09,,Portugal,0.12,paypall,18.95,Stationery,Online,Not Returned,UPS,Paris,Medium
791757,SKU_1269,Backpack,-38,2020-03-09 08:00,-25.25,,Norway,1.4055975816045392,Bank Transfer,,Stationery,In-store,Not Returned,UPS,,Low
662997,SKU_1822,Wall Clock,-19,2020-03-09 12:00,37.96,,Sweden,0.16,paypall,,Apparel,In-store,Not Returned,Royal Mail,,Low
322320,SKU_1043,Wall Clock,-4,2020-03-09 23:00,82.02,,France,0.18,paypall,,Apparel,Online,Not Returned,UPS,,High
305550,SKU_1293,Wall Clock,38,2020-03-10 12:00,24.69,,United Kingdom,0.46,paypall,20.64,Electronics,Online,Returned,FedEx,Berlin,Medium
724712,SKU_1234,White Mug,4,2020-03-11 02:00,18.19,,Spain,0.25,paypall,17.99,Furniture,Online,Not Returned,FedEx,,Low
493276,SKU_1728,T-shirt,47,2020-03-11 07:00,33.32,,France,0.07,paypall,28.64,Electronics,Online,Not Returned,DHL,,Medium
385195,SKU_1732,White Mug,26,2020-03-11 23:00,88.31,,Australia,0.0,Bank Transfer,13.67,Apparel,In-store,Not Returned,DHL,Rome,Low
675762,SKU_1890,Desk Lamp,-28,2020-03-12 00:00,-72.95,,United Kingdom,1.95436178929028,Credit Card,,Accessories,In-store,Not Returned,UPS,,High
528988,SKU_1592,USB Cable,-26,2020-03-12 06:00,58.88,,Australia,0.31,Bank Transfer,,Electronics,In-store,Returned,Royal Mail,,Low
616142,SKU_1926,Wireless Mouse,-46,2020-03-13 10:00,-3.47,,Norway,0.44,paypall,,Stationery,In-store,Not Returned,DHL,,Medium
956774,SKU_1793,Notebook,-19,2020-03-13 13:00,-10.9,,Netherlands,1.9825276609403584,Credit Card,,Apparel,In-store,Not Returned,UPS,,Medium
893072,SKU_1678,Wall Clock,36,2020-03-15 08:00,62.89,,Spain,0.23,Bank Transfer,18.08,Stationery,Online,Not Returned,UPS,Paris,Low
354444,SKU_1845,Blue Pen,-7,2020-03-15 16:00,-41.05,,Belgium,1.7730586901443632,Credit Card,,Accessories,Online,Not Returned,FedEx,,Medium
522845,SKU_1429,T-shirt,-10,2020-03-16 11:00,66.3,,United States,0.28,Credit Card,,Apparel,Online,Not Returned,Royal Mail,,Medium
806544,SKU_1714,White Mug,-48,2020-03-16 12:00,43.75,,Italy,0.5,Credit Card,,Electronics,In-store,Not Returned,Royal Mail,,Medium
709719,SKU_1393,Headphones,47,2020-03-16 18:00,40.96,,Italy,0.44,paypall,23.5,Apparel,In-store,Returned,DHL,,Medium
989097,SKU_1321,Blue Pen,-47,2020-03-16 22:00,-32.44,,Italy,0.32,paypall,,Stationery,Online,Not Returned,UPS,,Medium
281144,SKU_1213,T-shirt,3,2020-03-17 00:00,97.19,,Germany,0.37,Credit Card,7.35,Electronics,In-store,Not Returned,DHL,,Medium
321888,SKU_1498,Headphones,29,2020-03-17 17:00,9.85,96788.0,Germany,0.37,Bank Transfer,27.1,Apparel,In-store,Not Returned,UPS,Rome,Low
601946,SKU_1357,Wall Clock,19,2020-03-18 03:00,71.01,,Australia,0.08,Bank Transfer,14.75,Furniture,Online,Not Returned,Royal Mail,Berlin,Low
658924,SKU_1944,Backpack,-4,2020-03-18 15:00,66.75,,Italy,0.5,Bank Transfer,,Stationery,In-store,Not Returned,FedEx,,Medium
910694,SKU_1850,T-shirt,26,2020-03-18 18:00,41.61,,United Kingdom,0.35,Credit Card,22.09,Electronics,In-store,Returned,Royal Mail,,Medium
161665,SKU_1029,USB Cable,21,2020-03-19 04:00,43.73,,United States,0.07,Bank Transfer,14.39,Accessories,Online,Not Returned,DHL,,High
678316,SKU_1233,Desk Lamp,-5,2020-03-20 04:00,-1.49,,Germany,1.332088265012199,Bank Transfer,,Stationery,Online,Not Returned,Royal Mail,,Medium
893719,SKU_1260,T-shirt,-7,2020-03-20 05:00,-20.99,,Sweden,0.31,paypall,,Furniture,Online,Not Returned,UPS,,High
183560,SKU_1147,White Mug,-17,2020-03-20 15:00,29.38,,Spain,0.26,Credit Card,,Accessories,In-store,Not Returned,UPS,,High
928187,SKU_1999,Desk Lamp,-15,2020-03-21 21:00,48.38,,United Kingdom,0.15,Credit Card,,Electronics,Online,Not Returned,UPS,,Low
433863,SKU_1885,Wireless Mouse,-23,2020-03-22 10:00,18.28,,Australia,0.08,Bank Transfer,,Electronics,Online,Not Returned,Royal Mail,,Low
777894,SKU_1972,Notebook,32,2020-03-23 08:00,80.79,,Australia,0.17,paypall,20.25,Stationery,In-store,Not Returned,Royal Mail,Rome,High
178249,SKU_1051,USB Cable,-24,2020-03-23 17:00,58.33,,Germany,0.21,Bank Transfer,,Stationery,Online,Not Returned,DHL,,Low
264134,SKU_1414,Office Chair,26,2020-03-24 08:00,6.57,,Australia,0.11,Credit Card,13.22,Electronics,In-store,Not Returned,UPS,Amsterdam,High
175418,SKU_1519,Backpack,-30,2020-03-24 12:00,81.72,,Australia,0.34,paypall,,Electronics,In-store,Not Returned,Royal Mail,,High
268383,SKU_1026,Notebook,-34,2020-03-24 16:00,-3.37,,Italy,1.789655272349311,paypall,,Electronics,In-store,Not Returned,DHL,,Medium
943804,SKU_1260,Blue Pen,27,2020-03-26 15:00,20.39,,United Kingdom,0.42,paypall,28.28,Electronics,Online,Not Returned,UPS,,Low
605934,SKU_1489,Office Chair,-7,2020-03-26 19:00,-82.15,,Australia,1.399088489462544,paypall,,Furniture,Online,Not Returned,FedEx,,Medium
605518,SKU_1819,Wall Clock,7,2020-03-27 17:00,36.24,,United Kingdom,0.28,Credit Card,17.46,Stationery,Online,Not Returned,UPS,Rome,Medium
384186,SKU_1797,Headphones,-50,2020-03-27 20:00,25.59,,France,0.04,paypall,,Accessories,In-store,Not Returned,UPS,,Low
883204,SKU_1459,T-shirt,23,2020-03-28 07:00,60.17,,Australia,0.47,Credit Card,26.31,Accessories,Online,Not Returned,Royal Mail,,High
673189,SKU_1570,Backpack,-35,2020-03-28 10:00,44.37,,Netherlands,0.11,Credit Card,,Electronics,Online,Not Returned,UPS,,Medium
971408,SKU_1773,T-shirt,-45,2020-03-28 22:00,-58.69,,Sweden,0.43,paypall,,Accessories,Online,Not Returned,UPS,,Medium
516235,SKU_1017,White Mug,-13,2020-03-29 04:00,32.59,,Norway,0.28,paypall,,Apparel,In-store,Not Returned,FedEx,,High
338260,SKU_1349,Wireless Mouse,5,2020-03-29 20:00,66.07,,Norway,0.17,Bank Transfer,10.77,Furniture,In-store,Not Returned,UPS,,Medium
770611,SKU_1123,Blue Pen,46,2020-03-29 23:00,5.63,,Belgium,0.06,Bank Transfer,21.54,Stationery,Online,Not Returned,Royal Mail,London,High
382725,SKU_1250,USB Cable,3,2020-03-31 14:00,86.02,,Germany,0.37,Credit Card,16.4,Stationery,In-store,Not Returned,Royal Mail,,Low
536624,SKU_1045,Backpack,-15,2020-03-31 22:00,-72.7,,Italy,0.34,Bank Transfer,,Accessories,In-store,Not Returned,Royal Mail,,High
545485,SKU_1745,Wireless Mouse,44,2020-04-01 01:00,49.15,,Portugal,0.29,paypall,24.86,Apparel,In-store,Returned,DHL,,Low
867285,SKU_1944,Wireless Mouse,-20,2020-04-01 05:00,-85.81,,Norway,1.4270716434389914,paypall,,Accessories,In-store,Not Returned,UPS,,Low
410931,SKU_1057,Headphones,-2,2020-04-01 07:00,-6.04,,Germany,1.275459656960188,Credit Card,,Electronics,In-store,Returned,DHL,,High
778758,SKU_1983,Wall Clock,-21,2020-04-02 02:00,-98.33,,France,0.13,Credit Card,,Apparel,In-store,Not Returned,DHL,,Low
853753,SKU_1970,White Mug,3,2020-04-02 03:00,22.4,,France,0.36,paypall,23.75,Accessories,Online,Not Returned,UPS,London,Medium
438041,SKU_1871,Wall Clock,-31,2020-04-02 05:00,-16.85,,Germany,1.5380197599462295,paypall,,Apparel,In-store,Not Returned,UPS,,High
829497,SKU_1964,Backpack,4,2020-04-03 15:00,85.66,,Netherlands,0.19,Bank Transfer,7.74,Accessories,Online,Not Returned,FedEx,,Low
800601,SKU_1356,Desk Lamp,-5,2020-04-06 18:00,-70.2,,Netherlands,0.02,Credit Card,,Electronics,In-store,Returned,Royal Mail,,Medium
971310,SKU_1884,Notebook,2,2020-04-07 00:00,54.9,,Norway,0.06,Bank Transfer,14.14,Furniture,In-store,Not Returned,FedEx,Berlin,Medium
395286,SKU_1195,Backpack,-2,2020-04-07 10:00,-1.04,,Netherlands,0.12,Credit Card,,Accessories,Online,Not Returned,DHL,,Low
201520,SKU_1076,USB Cable,-26,2020-04-08 02:00,73.86,,Germany,0.35,Bank Transfer,,Electronics,In-store,Not Returned,UPS,,Medium
244832,SKU_1077,Headphones,-18,2020-04-08 08:00,99.52,,Netherlands,0.04,paypall,,Apparel,In-store,Returned,Royal Mail,,Medium
438511,SKU_1912,Backpack,11,2020-04-08 20:00,26.43,,Norway,0.12,Credit Card,5.01,Stationery,In-store,Not Returned,UPS,,High
994235,SKU_1183,Wall Clock,18,2020-04-09 09:00,37.04,,Netherlands,0.14,Bank Transfer,14.8,Accessories,Online,Not Returned,DHL,,High
316184,SKU_1477,Wall Clock,16,2020-04-09 10:00,80.45,47174.0,Spain,0.2,Bank Transfer,5.02,Electronics,In-store,Not Returned,FedEx,London,Medium
134707,SKU_1970,Headphones,48,2020-04-10 04:00,28.47,,Portugal,0.25,Bank Transfer,6.45,Accessories,In-store,Not Returned,FedEx,Berlin,Medium
438404,SKU_1953,Wireless Mouse,42,2020-04-10 17:00,99.89,,United States,0.4,Bank Transfer,23.51,Electronics,In-store,Not Returned,Royal Mail,Paris,Medium
751233,SKU_1151,Wireless Mouse,-31,2020-04-11 08:00,2.61,,Netherlands,0.44,Credit Card,,Stationery,Online,Returned,FedEx,,High
975825,SKU_1677,Headphones,20,2020-04-11 10:00,76.86,,Netherlands,0.19,paypall,19.13,Furniture,Online,Not Returned,Royal Mail,,High
246470,SKU_1305,Office Chair,6,2020-04-11 12:00,94.81,,Spain,0.3,Bank Transfer,27.18,Stationery,In-store,Not Returned,UPS,Paris,Medium
633398,SKU_1363,USB Cable,-34,2020-04-11 17:00,-14.04,,United Kingdom,0.08,paypall,,Furniture,In-store,Not Returned,DHL,,High
148320,SKU_1645,Headphones,15,2020-04-12 15:00,12.19,,United Kingdom,0.08,paypall,10.8,Accessories,Online,Not Returned,DHL,,Medium
596758,SKU_1999,T-shirt,26,2020-04-12 16:00,88.0,,United States,0.48,paypall,27.36,Furniture,In-store,Returned,UPS,Berlin,Medium
996880,SKU_1047,Office Chair,-16,2020-04-13 04:00,-79.12,,Belgium,1.2655472801608796,Credit Card,,Accessories,Online,Not Returned,UPS,,Low
562785,SKU_1646,Notebook,-47,2020-04-13 21:00,-41.39,,United States,1.1944941835626035,paypall,,Electronics,In-store,Not Returned,DHL,,High
727697,SKU_1370,Backpack,36,2020-04-13 22:00,92.34,,United States,0.48,Bank Transfer,21.08,Apparel,Online,Not Returned,FedEx,,Low
435441,SKU_1342,White Mug,28,2020-04-14 18:00,33.7,,Germany,0.26,Credit Card,18.97,Electronics,In-store,Not Returned,DHL,Berlin,High
983084,SKU_1372,Desk Lamp,45,2020-04-14 19:00,88.03,,Portugal,0.43,Credit Card,28.63,Electronics,Online,Not Returned,UPS,Amsterdam,Low
494583,SKU_1510,Wall Clock,-34,2020-04-15 02:00,19.37,,Netherlands,0.29,Credit Card,,Accessories,In-store,Returned,UPS,,Low
628014,SKU_1326,Blue Pen,2,2020-04-15 07:00,6.79,,Spain,0.5,paypall,20.52,Electronics,Online,Not Returned,Royal Mail,Berlin,Medium
451296,SKU_1036,Wall Clock,-21,2020-04-15 08:00,-73.97,,Netherlands,1.2302535514643926,Credit Card,,Stationery,In-store,Not Returned,Royal Mail,,High
858470,SKU_1379,Wall Clock,-41,2020-04-15 10:00,-52.9,,Germany,1.1190768339575352,Credit Card,,Accessories,Online,Returned,FedEx,,High
986926,SKU_1795,Office Chair,-23,2020-04-15 11:00,72.15,,Netherlands,0.37,Bank Transfer,,Furniture,Online,Not Returned,UPS,,Low
864357,SKU_1789,T-shirt,28,2020-04-16 10:00,32.34,,Germany,0.11,paypall,27.22,Apparel,In-store,Not Returned,UPS,Berlin,Low
383780,SKU_1625,White Mug,-47,2020-04-16 17:00,-24.21,,Spain,1.8631423094045791,paypall,,Stationery,Online,Not Returned,Royal Mail,,Medium
648884,SKU_1616,Notebook,-9,2020-04-17 06:00,76.79,,France,0.23,Bank Transfer,,Furniture,Online,Returned,Royal Mail,,High
418232,SKU_1994,Wall Clock,-20,2020-04-17 11:00,-34.61,,United States,1.2353601922250523,Bank Transfer,,Electronics,Online,Not Returned,UPS,,Medium
682004,SKU_1099,Wireless Mouse,-20,2020-04-18 01:00,-67.32,,Sweden,0.03,paypall,,Stationery,In-store,Not Returned,FedEx,,High
798956,SKU_1929,Desk Lamp,10,2020-04-18 16:00,71.24,,Belgium,0.45,Credit Card,13.02,Electronics,In-store,Returned,UPS,Paris,High
255683,SKU_1190,Backpack,37,2020-04-19 08:00,56.48,,Portugal,0.49,paypall,8.1,Stationery,In-store,Not Returned,FedEx,Amsterdam,Low
844149,SKU_1778,Desk Lamp,1,2020-04-19 22:00,57.89,,Belgium,0.26,Bank Transfer,24.61,Apparel,Online,Not Returned,Royal Mail,,High
332601,SKU_1431,Wall Clock,14,2020-04-20 12:00,7.93,,Sweden,0.36,Credit Card,5.16,Electronics,Online,Not Returned,UPS,Rome,High
295246,SKU_1969,Blue Pen,-40,2020-04-21 08:00,-17.41,,Spain,1.102272426530304,Bank Transfer,,Accessories,Online,Not Returned,FedEx,,High
942186,SKU_1447,T-shirt,31,2020-04-22 17:00,50.28,,United Kingdom,0.3,Bank Transfer,20.82,Stationery,In-store,Not Returned,FedEx,Berlin,High
924899,SKU_1428,Backpack,-1,2020-04-22 22:00,-52.8,,Sweden,1.4954284095303785,Credit Card,,Furniture,Online,Not Returned,FedEx,,Medium
168008,SKU_1785,Blue Pen,12,2020-04-23 14:00,36.94,,Australia,0.45,Credit Card,7.88,Stationery,In-store,Not Returned,DHL,Rome,Medium
172240,SKU_1569,Headphones,15,2020-04-23 17:00,28.4,,Portugal,0.2,paypall,15.85,Accessories,In-store,Not Returned,DHL,Paris,Low
599499,SKU_1665,Wall Clock,23,2020-04-24 04:00,62.02,,United States,0.2,paypall,19.81,Accessories,Online,Not Returned,UPS,Berlin,Low
593948,SKU_1360,USB Cable,49,2020-04-24 05:00,4.85,,Italy,0.39,Credit Card,12.59,Furniture,In-store,Not Returned,FedEx,,Medium
407257,SKU_1858,Headphones,1,2020-04-24 06:00,37.45,,Italy,0.33,paypall,21.12,Accessories,Online,Not Returned,UPS,Berlin,Medium
351051,SKU_1919,Desk Lamp,26,2020-04-24 10:00,14.86,,Spain,0.12,paypall,27.45,Furniture,Online,Not Returned,DHL,London,Medium
719961,SKU_1818,Blue Pen,-8,2020-04-24 21:00,-75.57,,Italy,0.3,paypall,,Apparel,In-store,Not Returned,DHL,,Low
372670,SKU_1372,USB Cable,25,2020-04-25 01:00,43.51,,Spain,0.22,Credit Card,6.29,Furniture,In-store,Not Returned,FedEx,London,Low
450877,SKU_1268,T-shirt,-39,2020-04-25 07:00,63.86,,Portugal,0.3,Bank Transfer,,Accessories,Online,Not Returned,Royal Mail,,High
837565,SKU_1877,Wireless Mouse,-19,2020-04-26 07:00,-32.71,,Sweden,0.43,paypall,,Apparel,In-store,Not Returned,UPS,,Medium
219968,SKU_1201,Notebook,8,2020-04-26 15:00,99.23,,Portugal,0.33,paypall,15.75,Furniture,Online,Not Returned,UPS,Amsterdam,High
969794,SKU_1717,T-shirt,18,2020-04-27 21:00,43.63,,Australia,0.46,Bank Transfer,7.82,Stationery,In-store,Not Returned,DHL,Paris,Low
664749,SKU_1033,Wireless Mouse,33,2020-04-28 19:00,52.23,,United Kingdom,0.3,paypall,22.91,Furniture,In-store,Not Returned,Royal Mail,,Low
587689,SKU_1105,Wireless Mouse,-41,2020-04-29 07:00,48.12,,Portugal,0.08,Credit Card,,Apparel,Online,Not Returned,DHL,,High
743235,SKU_1257,USB Cable,-16,2020-04-29 12:00,12.51,,Norway,0.04,Credit Card,,Furniture,In-store,Not Returned,FedEx,,Medium
793045,SKU_1845,White Mug,-28,2020-04-29 18:00,-95.53,,Belgium,1.578892743029218,paypall,,Apparel,Online,Not Returned,DHL,,High
245788,SKU_1058,Headphones,29,2020-04-29 19:00,56.77,,Italy,0.34,Credit Card,27.61,Electronics,In-store,Not Returned,UPS,Amsterdam,Medium
987700,SKU_1234,T-shirt,-46,2020-04-30 05:00,-32.62,,France,0.43,paypall,,Electronics,Online,Not Returned,UPS,,High
997151,SKU_1808,Wireless Mouse,14,2020-04-30 13:00,20.47,,France,0.32,Bank Transfer,25.13,Furniture,Online,Not Returned,DHL,,Medium
652467,SKU_1709,Headphones,-1,2020-04-30 19:00,-63.55,,United States,1.0735307605367317,Bank Transfer,,Apparel,In-store,Returned,DHL,,High
351537,SKU_1934,Wireless Mouse,20,2020-04-30 20:00,52.15,,Australia,0.24,Bank Transfer,19.15,Accessories,In-store,Returned,FedEx,London,Medium
941531,SKU_1197,Notebook,22,2020-04-30 22:00,51.17,,Germany,0.31,Credit Card,13.73,Stationery,Online,Not Returned,FedEx,,Medium
466936,SKU_1156,Blue Pen,42,2020-05-01 11:00,9.45,,Sweden,0.29,paypall,9.8,Stationery,In-store,Not Returned,DHL,Amsterdam,High
458918,SKU_1565,Headphones,25,2020-05-03 02:00,91.15,,United Kingdom,0.46,paypall,7.79,Electronics,Online,Not Returned,UPS,,Medium
741269,SKU_1582,Headphones,11,2020-05-03 17:00,60.45,,Italy,0.13,Credit Card,29.3,Furniture,Online,Not Returned,DHL,,High
730585,SKU_1290,Office Chair,-18,2020-05-03 23:00,25.62,,Sweden,0.46,Bank Transfer,,Stationery,In-store,Not Returned,DHL,,High
778100,SKU_1520,Notebook,2,2020-05-04 04:00,13.03,,Sweden,0.14,Bank Transfer,12.8,Furniture,In-store,Not Returned,FedEx,,Low
737420,SKU_1059,Desk Lamp,-38,2020-05-04 06:00,-17.0,,Norway,1.16928589758498,Credit Card,,Accessories,Online,Not Returned,UPS,,Low
640340,SKU_1105,Notebook,-20,2020-05-04 08:00,25.34,,France,0.04,Bank Transfer,,Accessories,In-store,Not Returned,Royal Mail,,Medium
610259,SKU_1945,Blue Pen,-41,2020-05-04 20:00,-38.46,,Germany,0.47,Credit Card,,Electronics,Online,Not Returned,UPS,,High
976313,SKU_1943,Backpack,5,2020-05-05 00:00,46.05,,Belgium,0.1,Bank Transfer,18.39,Apparel,Online,Not Returned,Royal Mail,Berlin,High
110749,SKU_1022,Wall Clock,-7,2020-05-05 01:00,54.51,,France,0.47,Bank Transfer,,Stationery,Online,Not Returned,Royal Mail,,Medium
780481,SKU_1470,T-shirt,-30,2020-05-05 03:00,-32.55,,Germany,1.2796328849306573,Credit Card,,Stationery,In-store,Not Returned,Royal Mail,,Low
479504,SKU_1635,Wireless Mouse,-19,2020-05-05 16:00,11.6,,Germany,0.44,paypall,,Stationery,Online,Not Returned,DHL,,Medium
103631,SKU_1815,Notebook,-19,2020-05-06 01:00,79.42,,Germany,0.46,Credit Card,,Accessories,In-store,Not Returned,Royal Mail,,Low
513497,SKU_1524,Notebook,-29,2020-05-06 06:00,34.97,,Norway,0.2,paypall,,Apparel,In-store,Not Returned,UPS,,Low
877499,SKU_1424,Wall Clock,-43,2020-05-06 11:00,-72.28,,Sweden,0.04,paypall,,Apparel,Online,Not Returned,Royal Mail,,Medium
489878,SKU_1799,White Mug,33,2020-05-06 12:00,77.75,,Netherlands,0.36,Bank Transfer,11.68,Apparel,In-store,Not Returned,DHL,,Low
848321,SKU_1435,Notebook,-12,2020-05-06 13:00,91.0,,Spain,0.1,Credit Card,,Apparel,Online,Not Returned,Royal Mail,,High
654399,SKU_1677,T-shirt,21,2020-05-07 01:00,64.75,,Norway,0.17,Bank Transfer,15.65,Stationery,In-store,Not Returned,DHL,Amsterdam,Medium
825836,SKU_1186,Blue Pen,-45,2020-05-07 05:00,42.19,,France,0.38,Credit Card,,Stationery,Online,Not Returned,FedEx,,High
241214,SKU_1229,Backpack,39,2020-05-07 20:00,3.15,,Germany,0.4,Credit Card,18.96,Furniture,In-store,Not Returned,FedEx,Rome,Medium
521486,SKU_1199,Wireless Mouse,-50,2020-05-08 13:00,-11.46,,Portugal,1.931793741862396,Credit Card,,Electronics,Online,Not Returned,Royal Mail,,Medium
545377,SKU_1058,Office Chair,12,2020-05-08 23:00,33.52,,Belgium,0.32,paypall,14.66,Electronics,In-store,Not Returned,UPS,,High
571256,SKU_1121,Notebook,-27,2020-05-09 08:00,48.11,,Belgium,0.25,Credit Card,,Stationery,In-store,Not Returned,UPS,,Low
719745,SKU_1459,Notebook,13,2020-05-10 00:00,51.54,,France,0.25,paypall,29.91,Furniture,In-store,Not Returned,FedEx,,High
571027,SKU_1602,Notebook,-37,2020-05-10 16:00,-87.97,,United States,0.1,paypall,,Apparel,Online,Not Returned,DHL,,High
607942,SKU_1005,Desk Lamp,-7,2020-05-11 06:00,-79.69,,Belgium,1.1116530434484333,Credit Card,,Apparel,In-store,Not Returned,DHL,,Medium
287921,SKU_1431,Wireless Mouse,-35,2020-05-11 10:00,-7.06,,Italy,0.06,Bank Transfer,,Stationery,Online,Not Returned,UPS,,Medium
783404,SKU_1379,Backpack,46,2020-05-11 12:00,19.6,,Italy,0.04,Credit Card,16.68,Accessories,Online,Returned,DHL,,High
722893,SKU_1614,Wireless Mouse,4,2020-05-11 17:00,69.61,,Belgium,0.25,Bank Transfer,10.93,Stationery,Online,Not Returned,Royal Mail,Berlin,High
551157,SKU_1714,Desk Lamp,1,2020-05-12 00:00,81.98,,Spain,0.2,Bank Transfer,29.02,Apparel,Online,Not Returned,Royal Mail,,High
417875,SKU_1959,Wireless Mouse,-44,2020-05-12 12:00,-1.19,,Germany,1.9474204039937493,paypall,,Furniture,Online,Not Returned,FedEx,,Medium
584814,SKU_1040,Wireless Mouse,-7,2020-05-12 16:00,-46.1,,United Kingdom,0.47,Credit Card,,Electronics,In-store,Not Returned,DHL,,High
877401,SKU_1999,Desk Lamp,-29,2020-05-13 18:00,49.2,,Italy,0.1,Credit Card,,Furniture,In-store,Not Returned,FedEx,,Medium
333103,SKU_1400,USB Cable,12,2020-05-13 19:00,22.49,,Germany,0.2,Bank Transfer,6.71,Electronics,In-store,Not Returned,DHL,,Medium
863711,SKU_1853,Wall Clock,-9,2020-05-14 05:00,-33.77,,Belgium,0.34,Credit Card,,Electronics,In-store,Not Returned,FedEx,,Medium
195081,SKU_1639,T-shirt,29,2020-05-14 06:00,46.97,,Germany,0.34,Bank Transfer,10.44,Accessories,Online,Not Returned,DHL,,Medium
789556,SKU_1005,Blue Pen,-16,2020-05-14 11:00,-32.0,,France,1.0111774821238328,paypall,,Accessories,In-store,Not Returned,UPS,,High
180102,SKU_1497,Wall Clock,45,2020-05-14 14:00,75.36,,Italy,0.31,Credit Card,19.17,Stationery,Online,Not Returned,UPS,Berlin,Medium
616409,SKU_1777,Blue Pen,12,2020-05-15 01:00,33.04,,Netherlands,0.21,Bank Transfer,29.5,Furniture,In-store,Returned,FedEx,Amsterdam,Medium
791211,SKU_1450,Blue Pen,27,2020-05-15 03:00,30.26,,Australia,0.12,Bank Transfer,10.04,Stationery,In-store,Not Returned,Royal Mail,Berlin,Low
792111,SKU_1232,USB Cable,-45,2020-05-15 13:00,-84.59,,Italy,0.11,Bank Transfer,,Electronics,Online,Not Returned,DHL,,Medium
633884,SKU_1432,Blue Pen,-32,2020-05-15 23:00,61.35,,United States,0.17,paypall,,Electronics,In-store,Not Returned,FedEx,,High
731827,SKU_1584,Backpack,41,2020-05-16 01:00,25.98,,Norway,0.14,Credit Card,29.42,Accessories,In-store,Not Returned,DHL,Berlin,High
647993,SKU_1600,Desk Lamp,47,2020-05-16 06:00,93.34,,Italy,0.01,Credit Card,5.39,Accessories,Online,Not Returned,DHL,Paris,Low
959877,SKU_1133,Headphones,-1,2020-05-16 08:00,-52.29,,United Kingdom,1.637361605746113,paypall,,Furniture,Online,Not Returned,UPS,,Low
978629,SKU_1939,Backpack,-37,2020-05-16 15:00,-85.84,,Italy,1.4971478981989907,paypall,,Accessories,Online,Not Returned,UPS,,High
771447,SKU_1069,USB Cable,14,2020-05-17 00:00,29.11,,France,0.2,Bank Transfer,24.16,Furniture,Online,Not Returned,DHL,Paris,High
743407,SKU_1971,T-shirt,-41,2020-05-17 02:00,46.22,,Germany,0.49,paypall,,Accessories,In-store,Not Returned,UPS,,High
964661,SKU_1943,Backpack,29,2020-05-17 20:00,79.46,,Spain,0.07,Credit Card,16.11,Stationery,In-store,Not Returned,DHL,Rome,Low
702272,SKU_1166,White Mug,45,2020-05-18 23:00,55.74,,United States,0.48,Credit Card,24.96,Electronics,In-store,Not Returned,UPS,,High
153072,SKU_1543,USB Cable,-5,2020-05-20 06:00,-65.61,,Netherlands,1.720626970883803,paypall,,Furniture,In-store,Returned,FedEx,,Low
981220,SKU_1179,USB Cable,-36,2020-05-20 15:00,17.94,,Sweden,0.29,Credit Card,,Electronics,Online,Not Returned,FedEx,,Medium
370143,SKU_1186,Wireless Mouse,-20,2020-05-20 17:00,-55.92,,United Kingdom,1.8912340432801984,Bank Transfer,,Apparel,Online,Not Returned,DHL,,Low
930051,SKU_1815,Headphones,-34,2020-05-21 12:00,56.87,,France,0.2,paypall,,Stationery,In-store,Not Returned,UPS,,High
107531,SKU_1294,Blue Pen,1,2020-05-21 17:00,62.81,,Belgium,0.37,paypall,25.43,Furniture,In-store,Not Returned,UPS,Paris,Medium
530267,SKU_1999,Desk Lamp,-10,2020-05-21 18:00,-51.54,,United States,1.6731554498080772,Bank Transfer,,Stationery,Online,Not Returned,FedEx,,Low
248087,SKU_1785,Blue Pen,-15,2020-05-22 10:00,-66.08,,Norway,0.43,paypall,,Accessories,In-store,Not Returned,FedEx,,Low
586799,SKU_1835,USB Cable,42,2020-05-22 11:00,78.27,,Belgium,0.14,Credit Card,28.38,Apparel,In-store,Not Returned,UPS,,Low
411877,SKU_1680,White Mug,48,2020-05-22 17:00,85.52,,France,0.17,Bank Transfer,13.36,Accessories,In-store,Not Returned,Royal Mail,Rome,Low
875723,SKU_1037,Wireless Mouse,-30,2020-05-22 18:00,-4.28,,Netherlands,1.2180555942982996,Bank Transfer,,Stationery,In-store,Not Returned,Royal Mail,,Low
166707,SKU_1706,USB Cable,5,2020-05-23 12:00,70.0,,Portugal,0.35,Credit Card,17.19,Apparel,Online,Not Returned,FedEx,Rome,Medium
380466,SKU_1575,Headphones,-38,2020-05-24 11:00,-80.38,,France,1.820343315070733,Credit Card,,Apparel,In-store,Not Returned,Royal Mail,,Medium
197852,SKU_1120,Desk Lamp,3,2020-05-25 06:00,18.68,,United Kingdom,0.16,paypall,5.7,Electronics,In-store,Not Returned,Royal Mail,Berlin,High
406773,SKU_1028,Headphones,-21,2020-05-25 14:00,56.92,,Netherlands,0.08,Credit Card,,Electronics,In-store,Not Returned,DHL,,High
803305,SKU_1531,USB Cable,41,2020-05-25 22:00,27.3,,France,0.48,paypall,23.73,Apparel,Online,Not Returned,Royal Mail,,Low
174071,SKU_1627,Desk Lamp,-21,2020-05-26 15:00,50.54,,Norway,0.13,Bank Transfer,,Apparel,In-store,Not Returned,Royal Mail,,Low
785933,SKU_1779,Wall Clock,-23,2020-05-27 11:00,-77.78,,Belgium,1.2072225209184249,Credit Card,,Apparel,Online,Not Returned,Royal Mail,,Medium
524149,SKU_1730,Office Chair,-20,2020-05-27 13:00,31.16,,Netherlands,0.11,Bank Transfer,,Furniture,Online,Not Returned,FedEx,,High
612880,SKU_1120,USB Cable,45,2020-05-28 03:00,59.9,,Portugal,0.35,Credit Card,18.28,Stationery,Online,Not Returned,FedEx,Amsterdam,High
647936,SKU_1812,T-shirt,-31,2020-05-28 12:00,43.29,,Sweden,0.01,Credit Card,,Accessories,Online,Not Returned,FedEx,,Medium
279635,SKU_1154,USB Cable,22,2020-05-28 18:00,35.5,,Italy,0.29,Bank Transfer,17.88,Electronics,In-store,Not Returned,FedEx,Amsterdam,High
319055,SKU_1360,Backpack,-10,2020-05-29 17:00,51.53,,Italy,0.09,paypall,,Accessories,In-store,Not Returned,Royal Mail,,Medium
373260,SKU_1754,Office Chair,34,2020-05-30 04:00,40.22,,Belgium,0.2,Credit Card,13.75,Electronics,Online,Not Returned,UPS,,High
757258,SKU_1161,Blue Pen,32,2020-05-30 07:00,23.05,,United States,0.48,paypall,12.57,Electronics,In-store,Not Returned,Royal Mail,Amsterdam,Medium
578336,SKU_1443,Blue Pen,49,2020-05-30 10:00,75.34,,France,0.28,Credit Card,26.3,Electronics,In-store,Not Returned,UPS,Rome,Medium
846084,SKU_1090,T-shirt,-5,2020-05-30 17:00,11.7,,Norway,0.48,Bank Transfer,,Accessories,In-store,Not Returned,FedEx,,Low
619165,SKU_1461,Backpack,46,2020-06-01 05:00,62.39,,Spain,0.06,paypall,29.88,Accessories,Online,Not Returned,DHL,,Low
361691,SKU_1764,Wireless Mouse,42,2020-06-01 15:00,39.77,,Norway,0.49,Credit Card,25.37,Apparel,Online,Not Returned,UPS,Berlin,High
205400,SKU_1843,Office Chair,-27,2020-06-03 01:00,76.78,,Belgium,0.28,Credit Card,,Electronics,Online,Returned,UPS,,High
970678,SKU_1601,Notebook,46,2020-06-03 02:00,89.15,,Sweden,0.33,Credit Card,15.54,Furniture,In-store,Not Returned,FedEx,,High
535071,SKU_1579,Backpack,26,2020-06-03 04:00,2.14,,Belgium,0.21,paypall,19.8,Furniture,Online,Not Returned,UPS,,High
511274,SKU_1396,Notebook,29,2020-06-03 09:00,10.1,,Belgium,0.38,paypall,24.23,Furniture,In-store,Not Returned,DHL,Berlin,High
394746,SKU_1350,Office Chair,30,2020-06-03 11:00,52.93,,United Kingdom,0.33,paypall,7.57,Accessories,Online,Not Returned,FedEx,London,Medium
756449,SKU_1420,Notebook,-15,2020-06-03 18:00,56.65,,Sweden,0.39,Bank Transfer,,Stationery,In-store,Not Returned,DHL,,Medium
305735,SKU_1556,Wireless Mouse,-8,2020-06-03 19:00,46.78,,United Kingdom,0.09,paypall,,Electronics,In-store,Not Returned,UPS,,Low
974392,SKU_1253,Notebook,-1,2020-06-04 12:00,26.48,,France,0.24,Credit Card,,Electronics,Online,Not Returned,Royal Mail,,Medium
543316,SKU_1531,Desk Lamp,-27,2020-06-04 17:00,-4.2,,Germany,1.5456154535992863,Credit Card,,Apparel,In-store,Not Returned,Royal Mail,,Medium
973093,SKU_1697,Office Chair,-12,2020-06-05 07:00,-56.64,,Sweden,1.607246241834006,paypall,,Accessories,In-store,Not Returned,UPS,,Medium
246295,SKU_1707,Wall Clock,-36,2020-06-05 14:00,51.59,,Australia,0.29,Credit Card,,Apparel,Online,Not Returned,Royal Mail,,High
565453,SKU_1464,USB Cable,47,2020-06-05 15:00,75.2,,Portugal,0.04,paypall,9.02,Apparel,Online,Not Returned,UPS,Paris,Medium
802098,SKU_1187,T-shirt,-28,2020-06-05 23:00,-28.4,,Sweden,0.33,Credit Card,,Stationery,Online,Not Returned,UPS,,Low
423853,SKU_1705,Notebook,-44,2020-06-06 08:00,-14.93,,France,1.6592133850176172,Credit Card,,Furniture,Online,Not Returned,UPS,,Medium
153909,SKU_1387,USB Cable,-24,2020-06-06 12:00,52.21,,Australia,0.13,Credit Card,,Furniture,Online,Not Returned,FedEx,,High
578082,SKU_1328,Office Chair,42,2020-06-06 17:00,84.96,,Belgium,0.41,paypall,26.48,Apparel,Online,Not Returned,DHL,,Medium
552891,SKU_1148,Headphones,4,2020-06-06 20:00,58.82,,France,0.3,Credit Card,7.4,Accessories,In-store,Not Returned,UPS,Berlin,Low
128365,SKU_1926,Notebook,45,2020-06-07 00:00,74.28,,France,0.19,paypall,23.36,Furniture,Online,Not Returned,FedEx,London,Medium
879383,SKU_1109,Desk Lamp,-5,2020-06-07 12:00,-58.77,,United States,0.35,Credit Card,,Furniture,Online,Not Returned,DHL,,Medium
468252,SKU_1163,Wall Clock,37,2020-06-08 13:00,82.45,,Belgium,0.08,Bank Transfer,24.3,Electronics,Online,Not Returned,UPS,,Low
675919,SKU_1820,Blue Pen,16,2020-06-09 00:00,67.29,,United States,0.01,paypall,14.98,Electronics,Online,Not Returned,FedEx,,Low
500584,SKU_1675,Office Chair,14,2020-06-09 18:00,18.94,,Sweden,0.07,paypall,10.6,Apparel,In-store,Not Returned,UPS,Paris,Medium
715458,SKU_1867,USB Cable,-25,2020-06-09 22:00,9.34,,United States,0.16,paypall,,Apparel,Online,Not Returned,DHL,,High
895600,SKU_1783,Blue Pen,-13,2020-06-09 23:00,22.8,,Netherlands,0.39,Credit Card,,Electronics,Online,Not Returned,DHL,,High
573620,SKU_1870,Blue Pen,-47,2020-06-10 18:00,98.22,,Sweden,0.28,paypall,,Stationery,In-store,Not Returned,FedEx,,High
720307,SKU_1238,Notebook,8,2020-06-10 21:00,4.42,,United Kingdom,0.13,Bank Transfer,19.44,Stationery,In-store,Not Returned,DHL,Berlin,Low
897622,SKU_1009,Headphones,45,2020-06-11 11:00,1.33,,Australia,0.49,Bank Transfer,19.91,Accessories,In-store,Not Returned,Royal Mail,Rome,Low
561552,SKU_1293,Headphones,-31,2020-06-12 06:00,-73.71,,France,0.28,Credit Card,,Accessories,Online,Not Returned,UPS,,High
981506,SKU_1787,USB Cable,-38,2020-06-12 07:00,91.37,,United Kingdom,0.39,Bank Transfer,,Furniture,In-store,Not Returned,Royal Mail,,Medium
711004,SKU_1851,Office Chair,16,2020-06-12 16:00,70.94,,Portugal,0.49,Credit Card,23.94,Furniture,Online,Not Returned,FedEx,Berlin,High
510925,SKU_1964,Blue Pen,7,2020-06-12 19:00,67.77,,Belgium,0.15,Bank Transfer,18.12,Apparel,Online,Not Returned,DHL,,High
509940,SKU_1078,Blue Pen,4,2020-06-13 03:00,48.51,,Belgium,0.21,Credit Card,20.31,Apparel,In-store,Not Returned,DHL,,Medium
365972,SKU_1983,Backpack,26,2020-06-13 04:00,23.16,,Portugal,0.05,Credit Card,26.54,Electronics,In-store,Not Returned,DHL,,High
530599,SKU_1525,Wall Clock,41,2020-06-15 02:00,21.04,,United Kingdom,0.28,paypall,9.69,Furniture,Online,Not Returned,UPS,,High
234832,SKU_1488,Office Chair,48,2020-06-15 10:00,23.92,,Sweden,0.26,Credit Card,22.19,Accessories,Online,Not Returned,DHL,Amsterdam,Medium
507592,SKU_1918,Office Chair,-23,2020-06-16 08:00,-73.13,,Netherlands,1.8268277779298656,Credit Card,,Electronics,Online,Not Returned,Royal Mail,,Medium
571249,SKU_1534,Desk Lamp,-45,2020-06-16 20:00,-65.03,,Belgium,1.795792745633533,Credit Card,,Furniture,Online,Not Returned,Royal Mail,,Medium
801979,SKU_1323,Wireless Mouse,9,2020-06-17 02:00,60.5,,Sweden,0.44,Credit Card,27.36,Accessories,In-store,Not Returned,Royal Mail,Paris,High
512755,SKU_1084,T-shirt,-7,2020-06-17 03:00,-62.11,,Germany,0.38,Bank Transfer,,Furniture,In-store,Not Returned,FedEx,,Medium
570529,SKU_1267,Office Chair,31,2020-06-17 07:00,52.47,,United Kingdom,0.48,paypall,24.39,Apparel,In-store,Not Returned,Royal Mail,,Low
961396,SKU_1811,Headphones,-38,2020-06-18 01:00,-79.32,,Germany,1.2621371281838347,Bank Transfer,,Apparel,Online,Not Returned,FedEx,,Low
924824,SKU_1123,Wireless Mouse,-15,2020-06-18 08:00,-8.35,,Belgium,1.8723632510993045,paypall,,Apparel,In-store,Not Returned,DHL,,High
483395,SKU_1092,Desk Lamp,-25,2020-06-18 14:00,37.39,,United States,0.29,Credit Card,,Furniture,Online,Not Returned,DHL,,Low
416456,SKU_1840,Office Chair,33,2020-06-19 06:00,57.07,,France,0.45,paypall,16.13,Stationery,In-store,Not Returned,UPS,,Low
540991,SKU_1426,Headphones,-19,2020-06-19 11:00,29.24,,Portugal,0.37,paypall,,Stationery,Online,Not Returned,FedEx,,Low
907744,SKU_1639,Wall Clock,-44,2020-06-20 03:00,-27.89,,Australia,1.6020117914036325,Bank Transfer,,Electronics,Online,Not Returned,UPS,,High
848736,SKU_1232,Office Chair,-37,2020-06-20 04:00,-69.83,,Sweden,1.0661363854511376,paypall,,Stationery,In-store,Returned,UPS,,High
668302,SKU_1269,Backpack,-43,2020-06-20 15:00,44.32,,Netherlands,0.27,paypall,,Apparel,Online,Not Returned,UPS,,Medium
867454,SKU_1466,Wall Clock,-29,2020-06-20 16:00,23.7,,Portugal,0.04,Bank Transfer,,Accessories,In-store,Not Returned,UPS,,High
494145,SKU_1497,Wireless Mouse,-45,2020-06-21 00:00,70.98,,Norway,0.04,Bank Transfer,,Accessories,In-store,Not Returned,UPS,,Medium
611603,SKU_1210,Wireless Mouse,-43,2020-06-21 02:00,-51.67,,Netherlands,1.9457078931226384,Bank Transfer,,Furniture,In-store,Not Returned,FedEx,,Medium
301260,SKU_1783,Office Chair,32,2020-06-21 16:00,66.83,,Spain,0.49,Bank Transfer,25.05,Accessories,In-store,Not Returned,UPS,,Low
781777,SKU_1052,Desk Lamp,-11,2020-06-22 03:00,87.55,,Netherlands,0.49,Credit Card,,Apparel,In-store,Not Returned,FedEx,,High
876676,SKU_1791,Blue Pen,25,2020-06-22 10:00,85.79,,Portugal,0.35,Credit Card,29.97,Apparel,Online,Not Returned,FedEx,Paris,Low
108036,SKU_1250,Notebook,-11,2020-06-22 16:00,-93.0,,United States,1.855512822004956,paypall,,Apparel,In-store,Not Returned,UPS,,Medium
267647,SKU_1314,Headphones,41,2020-06-23 05:00,53.26,,France,0.38,Bank Transfer,20.04,Electronics,Online,Returned,DHL,Paris,Low
256951,SKU_1379,Office Chair,24,2020-06-24 15:00,12.86,,Germany,0.23,paypall,11.52,Stationery,In-store,Not Returned,DHL,Amsterdam,Low
593671,SKU_1894,Blue Pen,33,2020-06-25 05:00,60.69,,Germany,0.44,Credit Card,7.14,Accessories,In-store,Not Returned,FedEx,Paris,High
336281,SKU_1272,Wireless Mouse,-12,2020-06-25 09:00,26.01,,Norway,0.48,paypall,,Furniture,Online,Not Returned,Royal Mail,,Medium
339779,SKU_1235,Wireless Mouse,-30,2020-06-25 19:00,-71.48,,Spain,1.4504628940877478,Credit Card,,Electronics,In-store,Not Returned,DHL,,Low
978453,SKU_1125,Backpack,-13,2020-06-25 20:00,30.45,,Norway,0.36,paypall,,Electronics,In-store,Not Returned,Royal Mail,,Medium
794335,SKU_1835,White Mug,40,2020-06-25 22:00,49.34,,Australia,0.39,Bank Transfer,21.6,Apparel,Online,Returned,DHL,Rome,High
912853,SKU_1878,T-shirt,-43,2020-06-26 00:00,50.1,,France,0.11,Bank Transfer,,Furniture,In-store,Not Returned,DHL,,Medium
259380,SKU_1797,Backpack,-4,2020-06-26 04:00,-63.59,,Australia,1.2367097656676127,paypall,,Stationery,Online,Not Returned,UPS,,High
631972,SKU_1524,Notebook,4,2020-06-26 08:00,92.81,,France,0.41,Bank Transfer,29.09,Stationery,In-store,Not Returned,DHL,,Medium
591024,SKU_1168,USB Cable,-18,2020-06-26 16:00,68.66,,Australia,0.16,Bank Transfer,,Accessories,Online,Not Returned,FedEx,,Low
964950,SKU_1968,Office Chair,-34,2020-06-27 01:00,72.31,,Italy,0.23,paypall,,Accessories,Online,Not Returned,FedEx,,Low
383022,SKU_1229,Desk Lamp,12,2020-06-27 08:00,15.76,,Portugal,0.08,Bank Transfer,25.39,Stationery,Online,Not Returned,UPS,Rome,Medium
672744,SKU_1056,Blue Pen,18,2020-06-28 07:00,6.2,,Germany,0.49,Bank Transfer,17.96,Apparel,Online,Not Returned,FedEx,,Low
968467,SKU_1887,Wall Clock,-44,2020-06-28 09:00,-72.27,,Portugal,1.716035037689723,Bank Transfer,,Stationery,Online,Not Returned,DHL,,Low
908258,SKU_1266,Office Chair,49,2020-06-28 19:00,41.12,,Italy,0.07,paypall,9.82,Apparel,In-store,Not Returned,Royal Mail,,Low
258175,SKU_1132,USB Cable,-7,2020-06-29 06:00,35.79,,Belgium,0.15,Credit Card,,Electronics,In-store,Not Returned,DHL,,Low
767304,SKU_1207,Headphones,49,2020-06-29 16:00,61.87,,Germany,0.33,Bank Transfer,25.6,Furniture,Online,Not Returned,UPS,London,High
530192,SKU_1592,Office Chair,-22,2020-06-30 04:00,43.42,,France,0.44,paypall,,Furniture,In-store,Returned,Royal Mail,,Medium
766246,SKU_1376,T-shirt,21,2020-06-30 07:00,41.31,,Netherlands,0.45,Bank Transfer,24.27,Stationery,In-store,Not Returned,FedEx,London,Low
500511,SKU_1091,White Mug,-15,2020-06-30 18:00,7.17,,Portugal,0.22,Bank Transfer,,Electronics,Online,Returned,DHL,,Medium
462462,SKU_1953,Wireless Mouse,25,2020-07-01 09:00,18.88,,United Kingdom,0.12,Credit Card,25.01,Accessories,Online,Not Returned,Royal Mail,Rome,Medium
685676,SKU_1804,Blue Pen,29,2020-07-01 16:00,35.39,,France,0.01,Bank Transfer,13.03,Accessories,Online,Not Returned,DHL,,Low
851518,SKU_1090,Office Chair,49,2020-07-02 16:00,93.32,,Portugal,0.46,Credit Card,15.89,Apparel,In-store,Returned,DHL,Amsterdam,High
248694,SKU_1995,Backpack,30,2020-07-02 21:00,51.85,,Sweden,0.25,paypall,21.64,Accessories,In-store,Not Returned,FedEx,,Low
609492,SKU_1489,Backpack,38,2020-07-03 05:00,99.06,,Australia,0.25,Credit Card,22.72,Furniture,Online,Not Returned,FedEx,,Medium
114743,SKU_1547,T-shirt,-47,2020-07-04 08:00,-36.0,,Australia,1.33674488750072,Bank Transfer,,Apparel,Online,Not Returned,Royal Mail,,Low
852462,SKU_1329,Notebook,20,2020-07-04 09:00,62.23,,France,0.04,paypall,26.19,Stationery,Online,Not Returned,Royal Mail,,Low
287450,SKU_1260,Backpack,-10,2020-07-04 15:00,76.81,,Norway,0.33,Bank Transfer,,Furniture,Online,Returned,DHL,,High
436907,SKU_1477,USB Cable,-32,2020-07-04 19:00,-51.5,,Spain,1.6324005490115745,Bank Transfer,,Electronics,Online,Not Returned,UPS,,Medium
369160,SKU_1061,Backpack,-41,2020-07-05 05:00,59.47,,Italy,0.26,Bank Transfer,,Apparel,Online,Not Returned,FedEx,,Low
420752,SKU_1557,Backpack,-43,2020-07-05 11:00,-90.21,,United States,0.36,paypall,,Accessories,Online,Not Returned,UPS,,Medium
233296,SKU_1987,T-shirt,-24,2020-07-06 16:00,-46.64,,France,1.127886022741334,paypall,,Apparel,Online,Not Returned,DHL,,Low
618767,SKU_1824,T-shirt,-45,2020-07-06 18:00,36.86,,United States,0.5,Credit Card,,Accessories,Online,Not Returned,UPS,,Medium
794489,SKU_1829,Headphones,-17,2020-07-07 01:00,11.79,,France,0.04,Bank Transfer,,Apparel,Online,Not Returned,Royal Mail,,Low
958286,SKU_1347,Office Chair,36,2020-07-07 07:00,57.25,,United Kingdom,0.37,Credit Card,24.61,Stationery,In-store,Not Returned,UPS,Berlin,Low
639660,SKU_1874,USB Cable,-44,2020-07-07 12:00,26.59,,Sweden,0.4,paypall,,Stationery,In-store,Not Returned,UPS,,Low
367986,SKU_1777,Desk Lamp,42,2020-07-08 02:00,16.26,,Belgium,0.39,Bank Transfer,15.14,Furniture,Online,Not Returned,DHL,Rome,Low
691202,SKU_1110,Wireless Mouse,48,2020-07-08 14:00,95.59,,Sweden,0.17,paypall,15.22,Furniture,Online,Not Returned,FedEx,Amsterdam,High
645096,SKU_1960,Wireless Mouse,48,2020-07-09 09:00,77.1,,Sweden,0.21,Credit Card,6.6,Apparel,Online,Not Returned,Royal Mail,Amsterdam,High
227927,SKU_1842,Office Chair,14,2020-07-09 13:00,34.5,,Norway,0.39,paypall,18.67,Electronics,Online,Not Returned,Royal Mail,,Low
469836,SKU_1384,Backpack,-10,2020-07-09 19:00,-85.04,,Spain,1.345705366715635,paypall,,Electronics,In-store,Returned,Royal Mail,,Medium
314764,SKU_1800,Blue Pen,-36,2020-07-09 20:00,25.04,,Australia,0.2,Bank Transfer,,Electronics,Online,Not Returned,FedEx,,High
549076,SKU_1509,White Mug,-5,2020-07-10 21:00,-59.92,,Belgium,1.3104232115526322,Bank Transfer,,Furniture,Online,Not Returned,DHL,,Low
873221,SKU_1400,Office Chair,-40,2020-07-11 05:00,53.72,,Spain,0.1,paypall,,Furniture,Online,Not Returned,Royal Mail,,High
904631,SKU_1869,USB Cable,21,2020-07-11 06:00,11.31,,Norway,0.28,Bank Transfer,22.35,Furniture,In-store,Not Returned,DHL,,Low
910904,SKU_1061,Blue Pen,-14,2020-07-11 14:00,-96.28,,United States,1.6824005739373116,Credit Card,,Electronics,Online,Not Returned,Royal Mail,,Medium
392575,SKU_1370,Notebook,-20,2020-07-13 01:00,-18.5,,Sweden,0.47,Bank Transfer,,Accessories,Online,Not Returned,UPS,,Low
811028,SKU_1577,Office Chair,27,2020-07-13 13:00,96.79,,Portugal,0.08,Bank Transfer,6.46,Accessories,Online,Not Returned,Royal Mail,Rome,High
549763,SKU_1278,USB Cable,8,2020-07-13 16:00,10.09,,Germany,0.5,Credit Card,23.45,Furniture,Online,Not Returned,DHL,Berlin,Low
626492,SKU_1778,Office Chair,-38,2020-07-14 09:00,-57.87,,Sweden,1.4335320923205517,paypall,,Stationery,Online,Not Returned,FedEx,,Medium
436851,SKU_1189,USB Cable,37,2020-07-15 00:00,44.05,,Italy,0.13,paypall,20.91,Furniture,In-store,Not Returned,Royal Mail,Berlin,Low
590834,SKU_1552,White Mug,20,2020-07-15 20:00,93.12,,Germany,0.25,Credit Card,13.15,Apparel,Online,Not Returned,UPS,Rome,High
369150,SKU_1065,USB Cable,47,2020-07-16 01:00,36.14,,Germany,0.34,Credit Card,21.34,Apparel,Online,Not Returned,Royal Mail,Rome,Medium
966792,SKU_1892,Desk Lamp,-49,2020-07-16 12:00,-10.09,,Netherlands,1.8748161680972608,paypall,,Electronics,Online,Not Returned,FedEx,,Medium
902673,SKU_1081,Headphones,-44,2020-07-16 17:00,39.54,,Portugal,0.37,Credit Card,,Furniture,Online,Returned,DHL,,High
514841,SKU_1328,Blue Pen,42,2020-07-17 07:00,23.72,,Norway,0.14,Credit Card,26.34,Electronics,Online,Not Returned,UPS,Rome,High
537470,SKU_1462,Headphones,4,2020-07-17 20:00,85.51,,Italy,0.31,Bank Transfer,26.75,Apparel,Online,Not Returned,DHL,Amsterdam,High
924837,SKU_1552,Desk Lamp,-38,2020-07-17 23:00,-1.36,,Portugal,1.767159517172309,Credit Card,,Electronics,In-store,Not Returned,Royal Mail,,High
865419,SKU_1826,Desk Lamp,16,2020-07-18 12:00,93.46,,Spain,0.13,paypall,13.33,Furniture,Online,Returned,UPS,,Low
336562,SKU_1768,Blue Pen,32,2020-07-19 05:00,96.49,,Germany,0.02,Credit Card,14.98,Electronics,Online,Not Returned,Royal Mail,Rome,Medium
297227,SKU_1505,Notebook,45,2020-07-19 13:00,82.6,,Portugal,0.28,paypall,6.04,Accessories,In-store,Not Returned,UPS,,Low
890074,SKU_1511,White Mug,7,2020-07-19 16:00,38.22,,Portugal,0.14,Credit Card,12.99,Stationery,In-store,Not Returned,DHL,Paris,Low
360220,SKU_1247,Office Chair,-33,2020-07-19 17:00,34.41,,Germany,0.08,Credit Card,,Electronics,In-store,Not Returned,Royal Mail,,Medium
168431,SKU_1734,Notebook,-27,2020-07-19 22:00,-27.29,,Sweden,1.0872037775494825,paypall,,Electronics,Online,Not Returned,DHL,,Medium
501415,SKU_1025,Wall Clock,-42,2020-07-20 02:00,-30.92,,Netherlands,1.8838740511665577,paypall,,Accessories,Online,Not Returned,UPS,,High
398335,SKU_1818,Desk Lamp,-11,2020-07-20 04:00,-10.5,,United Kingdom,1.6463989943950126,Credit Card,,Electronics,Online,Not Returned,DHL,,Medium
896643,SKU_1605,Blue Pen,45,2020-07-20 05:00,15.29,,Australia,0.2,Bank Transfer,8.75,Electronics,Online,Returned,DHL,London,Medium
556285,SKU_1391,USB Cable,-1,2020-07-20 07:00,-57.3,,Germany,1.6166808882968962,Credit Card,,Electronics,In-store,Not Returned,UPS,,High
511236,SKU_1586,Office Chair,-2,2020-07-20 20:00,-66.63,,Australia,1.585995261636732,Credit Card,,Apparel,Online,Not Returned,DHL,,Medium
779892,SKU_1568,Blue Pen,-12,2020-07-21 02:00,58.2,,United Kingdom,0.47,paypall,,Furniture,In-store,Not Returned,Royal Mail,,Low
251094,SKU_1646,Wall Clock,34,2020-07-21 07:00,8.8,,Italy,0.16,Bank Transfer,27.27,Electronics,Online,Returned,DHL,,Low
782773,SKU_1718,Wall Clock,29,2020-07-21 11:00,90.44,,Netherlands,0.45,Credit Card,8.5,Accessories,Online,Not Returned,FedEx,,Low
445740,SKU_1952,Wall Clock,9,2020-07-21 17:00,78.81,,Norway,0.04,Bank Transfer,12.68,Apparel,Online,Not Returned,DHL,,Medium
505513,SKU_1216,T-shirt,34,2020-07-21 19:00,48.42,,Netherlands,0.13,paypall,17.8,Apparel,In-store,Not Returned,FedEx,Berlin,High
192764,SKU_1400,White Mug,2,2020-07-22 05:00,86.55,,Netherlands,0.27,paypall,18.74,Stationery,In-store,Not Returned,UPS,Paris,High
546790,SKU_1668,Backpack,-32,2020-07-22 06:00,-7.06,,Germany,1.43722012312169,paypall,,Apparel,In-store,Not Returned,DHL,,High
592148,SKU_1883,Wireless Mouse,7,2020-07-22 11:00,46.96,,United States,0.2,Bank Transfer,20.28,Stationery,Online,Not Returned,Royal Mail,London,High
732413,SKU_1748,USB Cable,9,2020-07-22 12:00,59.93,,United States,0.35,Bank Transfer,13.99,Accessories,In-store,Not Returned,Royal Mail,,High
206611,SKU_1951,Notebook,-47,2020-07-22 20:00,65.44,,Portugal,0.32,Credit Card,,Furniture,In-store,Returned,Royal Mail,,High
568947,SKU_1179,Office Chair,-27,2020-07-22 22:00,27.38,,United Kingdom,0.48,Credit Card,,Accessories,Online,Not Returned,Royal Mail,,Medium
462916,SKU_1063,Wireless Mouse,40,2020-07-25 18:00,77.44,,United States,0.23,paypall,8.99,Stationery,In-store,Not Returned,UPS,London,Medium
786268,SKU_1825,White Mug,-11,2020-07-26 01:00,41.95,,Sweden,0.48,Bank Transfer,,Stationery,Online,Not Returned,UPS,,Medium
247745,SKU_1682,White Mug,-33,2020-07-26 08:00,-89.29,,United States,1.3859726742122265,paypall,,Electronics,Online,Not Returned,Royal Mail,,Medium
107415,SKU_1855,White Mug,15,2020-07-26 12:00,70.79,,United Kingdom,0.05,paypall,20.65,Accessories,Online,Not Returned,DHL,,Low
537100,SKU_1650,Wall Clock,32,2020-07-26 14:00,14.82,,France,0.44,paypall,12.48,Stationery,In-store,Not Returned,DHL,Rome,High
812509,SKU_1953,USB Cable,10,2020-07-26 17:00,51.45,,United States,0.2,paypall,11.97,Furniture,Online,Not Returned,Royal Mail,Rome,Medium
618823,SKU_1153,Headphones,36,2020-07-27 03:00,78.76,,United States,0.18,Credit Card,25.08,Furniture,In-store,Returned,UPS,,High
145475,SKU_1202,Desk Lamp,23,2020-07-27 18:00,71.03,,United States,0.38,paypall,10.98,Stationery,In-store,Not Returned,Royal Mail,London,Medium
946574,SKU_1918,USB Cable,-13,2020-07-27 19:00,-87.16,,Norway,1.9898596063861889,Credit Card,,Furniture,Online,Not Returned,Royal Mail,,Low
840520,SKU_1491,Blue Pen,49,2020-07-27 20:00,87.33,,Spain,0.3,Bank Transfer,25.23,Apparel,In-store,Not Returned,Royal Mail,,High
364852,SKU_1034,Backpack,-38,2020-07-28 18:00,-53.26,,Netherlands,0.05,Bank Transfer,,Furniture,Online,Not Returned,Royal Mail,,Low
904807,SKU_1128,Blue Pen,-3,2020-07-28 19:00,-83.98,,Australia,0.45,Bank Transfer,,Furniture,Online,Not Returned,FedEx,,High
590238,SKU_1774,USB Cable,4,2020-07-29 05:00,21.0,,Portugal,0.27,paypall,26.32,Electronics,In-store,Not Returned,DHL,Berlin,Low
178077,SKU_1621,White Mug,-40,2020-07-29 06:00,20.48,,Italy,0.23,Bank Transfer,,Accessories,In-store,Not Returned,UPS,,Low
305776,SKU_1689,USB Cable,5,2020-07-29 08:00,18.38,,Germany,0.26,paypall,18.22,Apparel,In-store,Not Returned,Royal Mail,,Low
298522,SKU_1280,Notebook,25,2020-07-30 07:00,76.8,,France,0.16,Bank Transfer,11.97,Furniture,In-store,Not Returned,DHL,Rome,Low
645932,SKU_1463,Wireless Mouse,-44,2020-07-30 22:00,-32.83,,United States,0.17,Bank Transfer,,Electronics,Online,Not Returned,DHL,,Medium
560115,SKU_1501,Wall Clock,-19,2020-07-31 01:00,5.38,,Norway,0.15,Bank Transfer,,Stationery,Online,Not Returned,FedEx,,Low
905351,SKU_1958,T-shirt,-36,2020-08-01 02:00,94.0,,Italy,0.04,Credit Card,,Accessories,In-store,Not Returned,DHL,,Low
363625,SKU_1121,Desk Lamp,-39,2020-08-02 10:00,30.14,,Germany,0.06,Bank Transfer,,Apparel,Online,Not Returned,DHL,,Medium
715937,SKU_1868,Blue Pen,-22,2020-08-02 16:00,64.47,,Belgium,0.29,Credit Card,,Apparel,In-store,Returned,FedEx,,Low
489959,SKU_1485,Office Chair,21,2020-08-02 22:00,84.15,,Netherlands,0.07,Bank Transfer,21.72,Accessories,In-store,Not Returned,UPS,Rome,Low
611181,SKU_1218,Office Chair,21,2020-08-02 23:00,39.76,,Spain,0.28,Credit Card,24.54,Accessories,Online,Not Returned,UPS,,Medium
730752,SKU_1688,T-shirt,6,2020-08-03 09:00,71.1,,Australia,0.14,Credit Card,8.99,Accessories,In-store,Not Returned,DHL,,Medium
393946,SKU_1957,Wireless Mouse,20,2020-08-04 02:00,21.32,,Netherlands,0.05,Bank Transfer,16.33,Stationery,In-store,Not Returned,UPS,,High
709312,SKU_1335,Desk Lamp,22,2020-08-04 03:00,9.47,,Spain,0.12,Bank Transfer,18.23,Accessories,Online,Not Returned,UPS,Amsterdam,Medium
912481,SKU_1180,Headphones,-16,2020-08-04 11:00,-99.58,,Italy,1.07499629109415,Credit Card,,Stationery,In-store,Not Returned,UPS,,High
334231,SKU_1542,Headphones,44,2020-08-05 03:00,60.51,,Sweden,0.17,Credit Card,7.93,Stationery,In-store,Returned,Royal Mail,London,High
942065,SKU_1885,Office Chair,-13,2020-08-05 07:00,92.33,,Sweden,0.31,Credit Card,,Apparel,Online,Not Returned,DHL,,Low
573918,SKU_1092,Wireless Mouse,-35,2020-08-05 08:00,-66.99,,Sweden,1.315571947281876,Credit Card,,Furniture,Online,Not Returned,DHL,,High
728380,SKU_1626,USB Cable,-12,2020-08-05 15:00,12.46,,Norway,0.33,Credit Card,,Accessories,Online,Not Returned,DHL,,Low
861401,SKU_1572,Wall Clock,-8,2020-08-05 19:00,-68.47,,Norway,1.200715142426331,Credit Card,,Electronics,In-store,Not Returned,Royal Mail,,Low
195556,SKU_1355,White Mug,34,2020-08-05 20:00,16.85,,Italy,0.39,Bank Transfer,29.87,Electronics,In-store,Not Returned,Royal Mail,London,High
752755,SKU_1419,Wall Clock,13,2020-08-06 03:00,16.96,,Italy,0.3,Credit Card,6.84,Accessories,Online,Not Returned,DHL,,Medium
620616,SKU_1497,T-shirt,19,2020-08-06 04:00,21.28,,Germany,0.27,Credit Card,29.46,Apparel,Online,Not Returned,FedEx,,Medium
909057,SKU_1499,Wireless Mouse,-30,2020-08-06 13:00,4.51,,Australia,0.11,Credit Card,,Stationery,In-store,Not Returned,UPS,,Medium
161842,SKU_1007,USB Cable,48,2020-08-07 08:00,41.98,,Portugal,0.03,Bank Transfer,24.17,Apparel,Online,Not Returned,FedEx,Rome,Medium
588019,SKU_1993,Wireless Mouse,32,2020-08-07 09:00,14.63,63494.0,Netherlands,0.47,Credit Card,5.57,Accessories,Online,Not Returned,DHL,London,Low
332930,SKU_1982,Wall Clock,-22,2020-08-07 10:00,-82.87,,Portugal,1.059542796517202,Credit Card,,Accessories,Online,Returned,UPS,,Low
989493,SKU_1499,Desk Lamp,10,2020-08-08 17:00,47.95,,Belgium,0.11,Bank Transfer,23.62,Accessories,Online,Not Returned,FedEx,London,Low
184381,SKU_1995,Office Chair,-1,2020-08-09 00:00,97.15,,Portugal,0.37,Credit Card,,Furniture,Online,Not Returned,FedEx,,High
293984,SKU_1928,USB Cable,-30,2020-08-09 04:00,73.54,,United Kingdom,0.41,paypall,,Stationery,In-store,Returned,FedEx,,Medium
190009,SKU_1556,White Mug,38,2020-08-10 15:00,16.79,,Netherlands,0.03,paypall,14.77,Accessories,Online,Not Returned,DHL,Berlin,High
104138,SKU_1436,Wireless Mouse,30,2020-08-10 20:00,61.76,,Spain,0.15,Credit Card,29.67,Stationery,Online,Not Returned,Royal Mail,Amsterdam,Medium
333540,SKU_1506,Wireless Mouse,37,2020-08-11 15:00,59.84,,Italy,0.32,Bank Transfer,24.62,Electronics,In-store,Not Returned,FedEx,,High
252353,SKU_1896,Wall Clock,-11,2020-08-11 17:00,83.32,,Netherlands,0.23,paypall,,Accessories,In-store,Not Returned,DHL,,Low
212935,SKU_1425,Office Chair,42,2020-08-11 18:00,13.37,,Germany,0.24,Bank Transfer,19.76,Accessories,In-store,Not Returned,FedEx,Paris,High
389730,SKU_1950,Notebook,-15,2020-08-11 21:00,-52.04,,Norway,1.7728469125190365,Credit Card,,Apparel,In-store,Not Returned,DHL,,Medium
887446,SKU_1270,Office Chair,15,2020-08-12 19:00,89.56,,Italy,0.25,paypall,25.9,Furniture,In-store,Not Returned,Royal Mail,Paris,Low
634391,SKU_1187,T-shirt,-34,2020-08-12 20:00,-62.35,,Belgium,0.43,Bank Transfer,,Accessories,Online,Not Returned,DHL,,Low
531722,SKU_1318,T-shirt,-20,2020-08-14 04:00,-83.02,,Germany,1.8658396752104385,Bank Transfer,,Electronics,Online,Returned,DHL,,Medium
720273,SKU_1470,Notebook,18,2020-08-15 07:00,44.84,,Italy,0.37,paypall,10.71,Accessories,In-store,Not Returned,DHL,,High
375796,SKU_1067,T-shirt,1,2020-08-15 11:00,74.77,,Belgium,0.1,paypall,26.89,Furniture,Online,Not Returned,DHL,Paris,Medium
773812,SKU_1212,Wall Clock,33,2020-08-15 18:00,48.91,,Spain,0.06,paypall,7.84,Apparel,In-store,Not Returned,FedEx,Amsterdam,Medium
431607,SKU_1580,Headphones,-13,2020-08-16 16:00,92.04,,France,0.12,Credit Card,,Furniture,In-store,Not Returned,DHL,,Medium
453827,SKU_1756,Wall Clock,-31,2020-08-16 19:00,42.75,,United States,0.11,Credit Card,,Apparel,Online,Returned,Royal Mail,,Medium
737938,SKU_1490,Backpack,-10,2020-08-17 07:00,16.18,,Spain,0.03,Credit Card,,Electronics,Online,Not Returned,DHL,,Low
159500,SKU_1985,USB Cable,-8,2020-08-17 08:00,64.46,,United States,0.43,Bank Transfer,,Furniture,In-store,Not Returned,DHL,,Medium
290920,SKU_1278,USB Cable,19,2020-08-18 02:00,84.96,,United States,0.41,Bank Transfer,29.52,Stationery,Online,Not Returned,Royal Mail,Rome,Low
363844,SKU_1484,Headphones,2,2020-08-18 05:00,15.76,,Australia,0.48,Credit Card,15.51,Electronics,In-store,Not Returned,FedEx,,High
639243,SKU_1448,Office Chair,-26,2020-08-18 20:00,10.32,,Belgium,0.48,Credit Card,,Accessories,In-store,Not Returned,Royal Mail,,Medium
164925,SKU_1287,White Mug,-32,2020-08-19 01:00,24.52,,Netherlands,0.2,Credit Card,,Electronics,In-store,Not Returned,Royal Mail,,High
619163,SKU_1731,White Mug,-6,2020-08-19 09:00,-25.23,,Italy,1.1891470616720752,Credit Card,,Accessories,In-store,Not Returned,UPS,,Low
411442,SKU_1328,Headphones,20,2020-08-19 20:00,49.98,,Italy,0.28,Bank Transfer,19.0,Stationery,Online,Not Returned,UPS,Rome,Medium
727099,SKU_1896,Backpack,17,2020-08-19 23:00,69.12,,United States,0.41,Bank Transfer,27.65,Electronics,Online,Not Returned,Royal Mail,Rome,Low
115534,SKU_1324,USB Cable,41,2020-08-20 04:00,22.32,,United States,0.44,Credit Card,26.06,Electronics,In-store,Not Returned,UPS,,Medium
200546,SKU_1707,Wall Clock,-36,2020-08-20 08:00,-26.41,,Norway,1.18237338022087,Bank Transfer,,Furniture,In-store,Not Returned,DHL,,Medium
184607,SKU_1250,Headphones,-27,2020-08-21 06:00,53.92,,Portugal,0.36,Bank Transfer,,Furniture,Online,Returned,Royal Mail,,Medium
624480,SKU_1619,White Mug,40,2020-08-21 18:00,95.83,,United States,0.44,paypall,21.09,Furniture,Online,Not Returned,UPS,,Medium
595413,SKU_1828,White Mug,21,2020-08-22 09:00,84.68,,Spain,0.2,paypall,6.98,Apparel,In-store,Not Returned,UPS,Berlin,Medium
142056,SKU_1295,Blue Pen,30,2020-08-22 11:00,17.88,,Netherlands,0.11,Bank Transfer,16.16,Apparel,Online,Not Returned,Royal Mail,London,High
376815,SKU_1209,White Mug,-4,2020-08-22 17:00,96.83,,United States,0.3,Credit Card,,Accessories,Online,Returned,DHL,,Low
104994,SKU_1227,T-shirt,-2,2020-08-23 05:00,66.63,,Belgium,0.13,Credit Card,,Apparel,In-store,Not Returned,UPS,,Medium
798802,SKU_1046,Headphones,47,2020-08-23 13:00,49.78,,Sweden,0.49,Bank Transfer,24.92,Apparel,In-store,Not Returned,UPS,,High
155480,SKU_1697,Wireless Mouse,-25,2020-08-23 22:00,45.44,,United Kingdom,0.45,Credit Card,,Stationery,In-store,Not Returned,DHL,,High
542899,SKU_1937,Blue Pen,-11,2020-08-24 12:00,93.84,,France,0.24,Bank Transfer,,Apparel,Online,Not Returned,FedEx,,Low
870050,SKU_1397,Office Chair,4,2020-08-24 19:00,8.91,,Sweden,0.26,Credit Card,19.57,Furniture,In-store,Not Returned,FedEx,London,High
492118,SKU_1559,USB Cable,24,2020-08-24 23:00,23.15,,Australia,0.02,Bank Transfer,11.16,Stationery,In-store,Not Returned,Royal Mail,Amsterdam,Low
758250,SKU_1827,Headphones,36,2020-08-25 04:00,53.75,,Portugal,0.39,Bank Transfer,20.25,Accessories,Online,Not Returned,FedEx,Amsterdam,Medium
416463,SKU_1228,Office Chair,38,2020-08-25 23:00,76.83,,Belgium,0.42,Credit Card,20.34,Apparel,In-store,Not Returned,DHL,Berlin,Low
345144,SKU_1895,White Mug,28,2020-08-26 00:00,84.63,,United States,0.0,Bank Transfer,27.54,Apparel,Online,Returned,DHL,Berlin,High
295784,SKU_1080,Backpack,12,2020-08-26 03:00,45.33,,Norway,0.16,Credit Card,14.84,Furniture,Online,Not Returned,UPS,,High
973030,SKU_1105,Desk Lamp,-30,2020-08-26 17:00,96.42,,Australia,0.33,Credit Card,,Electronics,Online,Not Returned,Royal Mail,,Low
223099,SKU_1575,USB Cable,37,2020-08-26 21:00,66.45,,Sweden,0.15,paypall,22.26,Apparel,In-store,Not Returned,FedEx,Berlin,Medium
347572,SKU_1837,USB Cable,-25,2020-08-27 03:00,22.59,,Norway,0.08,Bank Transfer,,Stationery,Online,Not Returned,UPS,,Medium
184811,SKU_1054,Desk Lamp,41,2020-08-27 10:00,33.01,,Belgium,0.23,Credit Card,27.98,Accessories,Online,Not Returned,DHL,London,Medium
857180,SKU_1216,Office Chair,25,2020-08-27 12:00,26.7,,Portugal,0.32,Credit Card,24.58,Apparel,Online,Not Returned,FedEx,,Low
919253,SKU_1091,Desk Lamp,37,2020-08-27 15:00,18.16,,Belgium,0.44,Bank Transfer,19.89,Electronics,In-store,Not Returned,Royal Mail,Paris,Low
555738,SKU_1440,Backpack,37,2020-08-27 18:00,45.21,,Belgium,0.07,Credit Card,10.25,Furniture,In-store,Not Returned,DHL,,High
856942,SKU_1919,Desk Lamp,36,2020-08-28 03:00,48.0,,Sweden,0.22,Credit Card,15.97,Electronics,Online,Not Returned,FedEx,Amsterdam,Medium
330233,SKU_1405,T-shirt,-26,2020-08-28 10:00,-89.62,,Norway,1.3152476341181891,paypall,,Furniture,Online,Not Returned,UPS,,High
869460,SKU_1685,USB Cable,32,2020-08-29 10:00,96.8,,Norway,0.1,paypall,6.7,Electronics,Online,Not Returned,DHL,Rome,Low
886635,SKU_1155,Notebook,10,2020-08-29 19:00,81.46,,Sweden,0.41,Credit Card,9.63,Furniture,Online,Not Returned,FedEx,London,High
509319,SKU_1273,Wall Clock,-33,2020-08-30 15:00,-70.56,,Germany,1.2782676067488006,Bank Transfer,,Apparel,Online,Not Returned,DHL,,High
586675,SKU_1130,Headphones,11,2020-08-31 04:00,85.63,,Spain,0.34,paypall,24.76,Accessories,In-store,Returned,DHL,Amsterdam,High
604158,SKU_1758,Wall Clock,-34,2020-08-31 15:00,-36.41,,Sweden,1.567501564407467,Credit Card,,Stationery,Online,Not Returned,Royal Mail,,Medium
463298,SKU_1078,Headphones,49,2020-09-01 08:00,23.57,,France,0.22,Credit Card,13.07,Accessories,In-store,Not Returned,DHL,,Low
607235,SKU_1187,USB Cable,-37,2020-09-01 16:00,-88.26,,Italy,1.1118829401941723,Bank Transfer,,Furniture,In-store,Not Returned,DHL,,Low
427350,SKU_1071,White Mug,-33,2020-09-01 18:00,27.3,,Australia,0.03,paypall,,Apparel,In-store,Not Returned,Royal Mail,,High
791967,SKU_1323,USB Cable,12,2020-09-01 20:00,74.53,,Australia,0.21,paypall,11.1,Accessories,Online,Not Returned,Royal Mail,Berlin,High
878754,SKU_1154,Notebook,3,2020-09-01 23:00,17.71,,Italy,0.4,Credit Card,8.57,Apparel,Online,Not Returned,UPS,Paris,Medium
790955,SKU_1519,T-shirt,-21,2020-09-03 04:00,31.86,,Norway,0.24,Bank Transfer,,Accessories,In-store,Not Returned,UPS,,Low
598357,SKU_1062,Backpack,3,2020-09-03 16:00,8.64,,United Kingdom,0.22,Bank Transfer,28.23,Stationery,Online,Not Returned,Royal Mail,,Low
425329,SKU_1996,USB Cable,24,2020-09-03 17:00,69.91,,United Kingdom,0.05,Bank Transfer,26.1,Stationery,Online,Not Returned,Royal Mail,Berlin,Low
643576,SKU_1435,Notebook,-50,2020-09-04 01:00,-76.42,,Spain,1.2426311299287347,Credit Card,,Furniture,In-store,Not Returned,Royal Mail,,High
708713,SKU_1639,Wireless Mouse,8,2020-09-04 03:00,15.36,,Netherlands,0.49,Credit Card,17.35,Electronics,In-store,Returned,FedEx,Berlin,High
997116,SKU_1366,Blue Pen,45,2020-09-04 18:00,99.78,,United Kingdom,0.01,paypall,18.78,Furniture,Online,Not Returned,DHL,,Medium
202412,SKU_1258,Blue Pen,13,2020-09-05 14:00,80.02,,France,0.32,Credit Card,26.3,Furniture,In-store,Not Returned,DHL,Paris,Medium
470250,SKU_1598,Office Chair,41,2020-09-05 23:00,41.5,,Italy,0.08,Credit Card,25.78,Accessories,In-store,Not Returned,DHL,Berlin,Medium
881163,SKU_1808,Headphones,-33,2020-09-06 01:00,98.91,,Sweden,0.21,Bank Transfer,,Apparel,Online,Not Returned,DHL,,Low
539439,SKU_1371,Wireless Mouse,-5,2020-09-06 14:00,-93.38,,France,1.6213234836742898,Credit Card,,Electronics,Online,Not Returned,DHL,,Low
417715,SKU_1106,Wireless Mouse,-44,2020-09-07 20:00,-70.51,,United Kingdom,1.3645684020465243,Credit Card,,Accessories,In-store,Not Returned,DHL,,Low
715324,SKU_1028,USB Cable,-16,2020-09-08 05:00,-36.02,,Norway,0.05,Bank Transfer,,Furniture,Online,Not Returned,UPS,,Low
969446,SKU_1840,Headphones,30,2020-09-08 10:00,94.94,,Germany,0.23,Credit Card,8.36,Furniture,In-store,Not Returned,FedEx,,Medium
943556,SKU_1803,Headphones,-15,2020-09-09 01:00,64.76,,Italy,0.45,Credit Card,,Stationery,Online,Not Returned,Royal Mail,,High
387623,SKU_1211,T-shirt,23,2020-09-09 11:00,23.53,,Belgium,0.1,Bank Transfer,18.66,Accessories,Online,Not Returned,UPS,Paris,Low
603323,SKU_1777,T-shirt,-27,2020-09-09 17:00,-60.42,,United Kingdom,0.33,Bank Transfer,,Furniture,In-store,Not Returned,FedEx,,Low
877635,SKU_1020,Office Chair,-13,2020-09-09 19:00,-40.21,,Portugal,1.0007164574056198,Bank Transfer,,Furniture,In-store,Not Returned,FedEx,,Medium
931257,SKU_1392,Office Chair,44,2020-09-10 00:00,62.03,,France,0.27,paypall,20.62,Stationery,Online,Not Returned,Royal Mail,,High
930686,SKU_1503,Backpack,5,2020-09-10 03:00,46.46,,Spain,0.39,Bank Transfer,16.76,Electronics,In-store,Not Returned,Royal Mail,,High
774174,SKU_1947,Desk Lamp,-15,2020-09-10 07:00,27.46,,Spain,0.08,paypall,,Accessories,Online,Not Returned,FedEx,,Low
503561,SKU_1691,T-shirt,23,2020-09-11 12:00,69.81,,Australia,0.2,Credit Card,11.67,Accessories,In-store,Not Returned,UPS,Rome,Medium
272257,SKU_1787,Wireless Mouse,-11,2020-09-11 15:00,-42.5,,Belgium,0.32,Bank Transfer,,Electronics,Online,Not Returned,UPS,,Medium
324021,SKU_1571,Office Chair,43,2020-09-11 17:00,62.04,,Netherlands,0.11,Bank Transfer,5.6,Electronics,Online,Returned,DHL,,High
337068,SKU_1294,Wall Clock,32,2020-09-12 08:00,81.35,,Spain,0.34,Credit Card,11.85,Apparel,Online,Not Returned,FedEx,Berlin,High
930288,SKU_1230,Desk Lamp,40,2020-09-12 09:00,56.27,,United Kingdom,0.21,Credit Card,17.03,Furniture,Online,Not Returned,FedEx,,Medium
217797,SKU_1247,Notebook,20,2020-09-12 23:00,93.13,,Belgium,0.2,Credit Card,10.74,Furniture,Online,Not Returned,FedEx,Paris,Medium
256877,SKU_1520,Desk Lamp,38,2020-09-15 02:00,17.83,,Australia,0.23,Bank Transfer,18.6,Stationery,In-store,Not Returned,FedEx,,Medium
900511,SKU_1582,Wall Clock,28,2020-09-15 07:00,66.51,,Belgium,0.39,paypall,22.44,Electronics,In-store,Not Returned,UPS,,Medium
434923,SKU_1416,Notebook,-42,2020-09-15 09:00,12.38,,France,0.38,paypall,,Furniture,In-store,Not Returned,FedEx,,Low
220062,SKU_1258,USB Cable,49,2020-09-15 12:00,99.92,,Sweden,0.01,Bank Transfer,12.12,Apparel,Online,Not Returned,UPS,,Low
915869,SKU_1610,Desk Lamp,-50,2020-09-15 19:00,34.37,,Spain,0.22,Credit Card,,Apparel,In-store,Not Returned,FedEx,,Low
383006,SKU_1257,Wireless Mouse,38,2020-09-15 23:00,1.5,,Australia,0.15,paypall,18.37,Furniture,In-store,Not Returned,FedEx,London,High
809132,SKU_1148,T-shirt,47,2020-09-16 01:00,53.71,,Spain,0.11,Credit Card,20.95,Apparel,Online,Returned,DHL,Rome,Medium
381075,SKU_1643,Desk Lamp,-49,2020-09-16 08:00,36.54,,Netherlands,0.27,Credit Card,,Apparel,Online,Not Returned,UPS,,High
723502,SKU_1531,Headphones,32,2020-09-16 14:00,3.56,,Australia,0.04,paypall,22.12,Stationery,Online,Not Returned,DHL,Amsterdam,High
213936,SKU_1271,USB Cable,46,2020-09-16 16:00,6.31,,Belgium,0.44,Bank Transfer,22.47,Accessories,In-store,Not Returned,UPS,,Medium
299737,SKU_1428,USB Cable,-31,2020-09-16 18:00,-77.67,,Australia,1.334630607819177,Credit Card,,Electronics,In-store,Not Returned,Royal Mail,,Medium
589709,SKU_1562,White Mug,42,2020-09-17 22:00,76.5,,Germany,0.48,paypall,12.14,Apparel,In-store,Not Returned,UPS,Rome,Medium
457546,SKU_1112,Backpack,-8,2020-09-18 02:00,-76.32,,Italy,1.6933959609038003,Bank Transfer,,Apparel,In-store,Not Returned,Royal Mail,,Medium
950525,SKU_1925,T-shirt,36,2020-09-18 04:00,87.51,,Belgium,0.11,paypall,18.12,Stationery,In-store,Not Returned,Royal Mail,Berlin,Medium
568011,SKU_1178,Notebook,-4,2020-09-19 05:00,-4.58,,Germany,1.2016509068740853,paypall,,Stationery,Online,Not Returned,Royal Mail,,Medium
118074,SKU_1056,Headphones,43,2020-09-19 20:00,78.23,,France,0.08,Credit Card,14.47,Accessories,In-store,Not Returned,Royal Mail,,Medium
568535,SKU_1496,USB Cable,-10,2020-09-20 17:00,-85.72,,Belgium,1.7061120723580443,paypall,,Furniture,In-store,Returned,UPS,,High
385810,SKU_1791,USB Cable,-41,2020-09-21 12:00,-1.92,,Norway,1.5405101788013815,paypall,,Electronics,Online,Returned,DHL,,High
634522,SKU_1700,Backpack,-17,2020-09-21 18:00,-17.22,,United States,0.03,paypall,,Furniture,In-store,Not Returned,UPS,,High
406901,SKU_1346,Headphones,-22,2020-09-22 06:00,-66.36,,United Kingdom,1.928600208415051,paypall,,Apparel,Online,Not Returned,FedEx,,Low
619385,SKU_1271,Notebook,42,2020-09-22 07:00,98.52,,Sweden,0.26,paypall,26.57,Electronics,Online,Not Returned,FedEx,Paris,High
681177,SKU_1066,Backpack,3,2020-09-22 13:00,57.66,,Spain,0.24,Bank Transfer,14.99,Electronics,In-store,Not Returned,Royal Mail,London,Low
525767,SKU_1146,Notebook,49,2020-09-23 08:00,76.69,,United Kingdom,0.42,Credit Card,17.19,Furniture,In-store,Not Returned,FedEx,Amsterdam,High
275595,SKU_1673,Blue Pen,25,2020-09-23 16:00,44.17,,Portugal,0.41,Credit Card,24.67,Apparel,In-store,Not Returned,DHL,Rome,Medium
892130,SKU_1805,White Mug,10,2020-09-24 05:00,75.4,,United Kingdom,0.09,Bank Transfer,5.77,Electronics,Online,Not Returned,FedEx,London,High
338483,SKU_1817,White Mug,-43,2020-09-24 12:00,31.91,,Norway,0.42,Bank Transfer,,Electronics,In-store,Not Returned,UPS,,High
918386,SKU_1674,Headphones,-22,2020-09-24 16:00,1.79,,Norway,0.21,Bank Transfer,,Furniture,In-store,Returned,UPS,,High
207524,SKU_1826,T-shirt,15,2020-09-24 19:00,63.74,,France,0.08,Bank Transfer,14.81,Apparel,In-store,Not Returned,DHL,,Medium
644026,SKU_1751,White Mug,-6,2020-09-24 21:00,-33.72,,Germany,0.2,paypall,,Electronics,Online,Not Returned,Royal Mail,,Medium
292971,SKU_1207,White Mug,-26,2020-09-25 01:00,93.4,,France,0.29,paypall,,Apparel,Online,Not Returned,Royal Mail,,Medium
931156,SKU_1660,Wall Clock,-15,2020-09-25 02:00,-6.77,,France,1.9587731167175015,Bank Transfer,,Stationery,In-store,Not Returned,FedEx,,High
457226,SKU_1462,Wall Clock,-49,2020-09-26 22:00,-76.93,,Portugal,1.168900557326901,paypall,,Stationery,In-store,Not Returned,FedEx,,Medium
607994,SKU_1607,USB Cable,29,2020-09-27 03:00,89.79,,Norway,0.37,Credit Card,18.26,Electronics,Online,Returned,Royal Mail,Amsterdam,High
780465,SKU_1381,USB Cable,-12,2020-09-27 04:00,-73.55,,United States,0.22,Bank Transfer,,Apparel,In-store,Not Returned,UPS,,Medium
549777,SKU_1364,T-shirt,-43,2020-09-27 11:00,-73.99,,Netherlands,1.9578819323321504,paypall,,Apparel,In-store,Not Returned,Royal Mail,,High
680086,SKU_1870,Desk Lamp,-32,2020-09-27 16:00,73.98,,France,0.29,Bank Transfer,,Electronics,Online,Not Returned,DHL,,Medium
102866,SKU_1384,Desk Lamp,11,2020-09-28 11:00,45.1,,Italy,0.39,Credit Card,21.78,Electronics,In-store,Not Returned,FedEx,,Medium
746012,SKU_1303,Desk Lamp,47,2020-09-28 22:00,69.76,,France,0.1,paypall,13.91,Stationery,Online,Not Returned,DHL,Amsterdam,Low
824857,SKU_1553,Desk Lamp,-14,2020-09-29 01:00,-66.86,,United Kingdom,1.592951550488391,Bank Transfer,,Stationery,In-store,Not Returned,DHL,,Medium
194881,SKU_1194,Backpack,-26,2020-09-29 09:00,-10.32,,France,1.82087711136868,Credit Card,,Accessories,In-store,Not Returned,DHL,,High
739872,SKU_1401,Wireless Mouse,-49,2020-09-29 14:00,42.38,,Belgium,0.25,Credit Card,,Electronics,In-store,Not Returned,DHL,,Low
338245,SKU_1741,Wall Clock,-22,2020-09-30 04:00,-44.76,,Italy,1.2170858452667863,paypall,,Accessories,In-store,Not Returned,UPS,,Low
702960,SKU_1738,Wall Clock,3,2020-09-30 15:00,14.0,,United Kingdom,0.2,Credit Card,6.94,Furniture,Online,Not Returned,UPS,Amsterdam,High
935655,SKU_1124,T-shirt,-34,2020-10-01 00:00,62.56,,Sweden,0.29,Bank Transfer,,Electronics,Online,Not Returned,DHL,,High
699792,SKU_1485,Headphones,-35,2020-10-01 07:00,-14.04,,United Kingdom,1.6922822168603608,paypall,,Furniture,In-store,Not Returned,UPS,,High
371604,SKU_1005,Wireless Mouse,-50,2020-10-01 09:00,59.09,,Sweden,0.02,paypall,,Accessories,In-store,Not Returned,Royal Mail,,Low
693731,SKU_1569,USB Cable,-27,2020-10-04 03:00,32.24,,Portugal,0.46,Bank Transfer,,Electronics,In-store,Not Returned,DHL,,High
196143,SKU_1079,Notebook,27,2020-10-04 08:00,61.73,,Norway,0.32,Credit Card,13.75,Stationery,In-store,Not Returned,DHL,,Medium
244771,SKU_1014,T-shirt,33,2020-10-04 10:00,97.46,,Germany,0.02,paypall,18.47,Furniture,Online,Not Returned,DHL,,Medium
872332,SKU_1039,Wall Clock,-7,2020-10-04 12:00,-48.38,,Belgium,1.1825517167738893,Bank Transfer,,Accessories,Online,Not Returned,UPS,,Low
789129,SKU_1114,T-shirt,41,2020-10-05 04:00,88.2,,Netherlands,0.47,Bank Transfer,10.81,Stationery,In-store,Not Returned,DHL,,High
961641,SKU_1076,Notebook,13,2020-10-05 10:00,36.48,,United States,0.05,Bank Transfer,13.84,Furniture,In-store,Not Returned,Royal Mail,Rome,Medium
289073,SKU_1607,Headphones,33,2020-10-05 12:00,20.04,,Portugal,0.03,Credit Card,16.2,Stationery,Online,Not Returned,UPS,Amsterdam,High
968212,SKU_1629,Wireless Mouse,2,2020-10-05 15:00,23.35,,Norway,0.22,Credit Card,20.03,Electronics,Online,Not Returned,Royal Mail,Paris,Low
434199,SKU_1005,Wall Clock,8,2020-10-06 19:00,35.45,,United States,0.16,paypall,29.36,Electronics,In-store,Not Returned,Royal Mail,,Medium
234794,SKU_1593,Office Chair,-10,2020-10-07 00:00,-99.59,,Italy,0.21,Credit Card,,Stationery,In-store,Not Returned,DHL,,Low
717762,SKU_1860,White Mug,-24,2020-10-07 15:00,-80.36,,Portugal,1.6278476153008288,Bank Transfer,,Accessories,Online,Not Returned,UPS,,Medium
452854,SKU_1269,T-shirt,22,2020-10-08 04:00,38.33,,Italy,0.24,Bank Transfer,24.61,Accessories,In-store,Not Returned,Royal Mail,Paris,Low
345984,SKU_1223,Headphones,33,2020-10-08 06:00,41.42,,Netherlands,0.26,Credit Card,15.66,Accessories,In-store,Not Returned,FedEx,Amsterdam,High
232886,SKU_1700,Wireless Mouse,-47,2020-10-08 12:00,-25.7,,Belgium,0.24,Bank Transfer,,Accessories,Online,Not Returned,FedEx,,High
771868,SKU_1897,White Mug,-23,2020-10-08 15:00,-9.98,,France,1.2259765037868935,paypall,,Electronics,In-store,Returned,UPS,,Low
659073,SKU_1877,Backpack,-21,2020-10-09 01:00,48.57,,Germany,0.01,Bank Transfer,,Stationery,Online,Not Returned,DHL,,Low
831234,SKU_1295,Wireless Mouse,13,2020-10-09 20:00,39.91,,Belgium,0.27,Credit Card,17.06,Furniture,In-store,Not Returned,FedEx,London,Low
278296,SKU_1174,Blue Pen,-11,2020-10-10 10:00,-50.1,,Spain,0.24,Credit Card,,Furniture,In-store,Not Returned,FedEx,,Medium
465898,SKU_1001,Blue Pen,-48,2020-10-10 15:00,-63.09,,Germany,1.059378306796154,Credit Card,,Stationery,Online,Not Returned,FedEx,,High
453039,SKU_1760,Headphones,21,2020-10-10 16:00,57.72,,Belgium,0.31,Bank Transfer,28.42,Apparel,In-store,Not Returned,FedEx,,High
525659,SKU_1727,Wall Clock,-4,2020-10-11 05:00,-85.9,,Portugal,0.12,paypall,,Electronics,In-store,Returned,FedEx,,High
374349,SKU_1972,USB Cable,9,2020-10-11 16:00,92.32,,Sweden,0.2,Credit Card,6.72,Stationery,Online,Not Returned,DHL,,High
727407,SKU_1442,Backpack,15,2020-10-12 08:00,98.38,,Sweden,0.08,Credit Card,12.99,Accessories,In-store,Not Returned,DHL,London,Medium
993877,SKU_1890,Desk Lamp,-32,2020-10-13 23:00,-5.89,,Portugal,1.963756347496342,Credit Card,,Furniture,Online,Not Returned,FedEx,,Low
120323,SKU_1362,Office Chair,-11,2020-10-14 00:00,9.16,,Belgium,0.19,Credit Card,,Furniture,In-store,Not Returned,FedEx,,Low
378572,SKU_1767,T-shirt,4,2020-10-14 02:00,90.27,,United States,0.24,paypall,7.18,Apparel,Online,Not Returned,UPS,Berlin,Medium
710774,SKU_1709,Wall Clock,15,2020-10-14 04:00,31.61,,Germany,0.44,Credit Card,9.1,Furniture,Online,Returned,FedEx,Rome,High
731613,SKU_1759,Headphones,27,2020-10-14 08:00,26.73,,Germany,0.32,Credit Card,14.77,Accessories,In-store,Not Returned,FedEx,,Low
821827,SKU_1631,Office Chair,21,2020-10-14 16:00,63.91,,Netherlands,0.09,Bank Transfer,10.54,Accessories,Online,Not Returned,Royal Mail,,High
627409,SKU_1340,T-shirt,-42,2020-10-15 04:00,43.94,,United Kingdom,0.29,paypall,,Apparel,In-store,Not Returned,UPS,,High
778525,SKU_1979,Desk Lamp,16,2020-10-15 09:00,6.38,,France,0.01,Bank Transfer,14.01,Accessories,In-store,Not Returned,FedEx,,Medium
650841,SKU_1045,Desk Lamp,-29,2020-10-15 11:00,57.25,,Sweden,0.05,paypall,,Electronics,In-store,Not Returned,Royal Mail,,High
684668,SKU_1769,T-shirt,19,2020-10-15 13:00,72.02,,Norway,0.17,Bank Transfer,5.58,Accessories,In-store,Not Returned,DHL,,High
831576,SKU_1893,White Mug,-11,2020-10-16 00:00,-13.43,,Portugal,1.5036130549915716,Credit Card,,Accessories,Online,Not Returned,FedEx,,Medium
886719,SKU_1921,Notebook,18,2020-10-16 07:00,5.35,,Portugal,0.1,paypall,20.79,Stationery,In-store,Returned,DHL,,High
347667,SKU_1200,White Mug,-17,2020-10-16 10:00,-24.71,,France,0.26,Credit Card,,Furniture,In-store,Not Returned,UPS,,High
614241,SKU_1182,T-shirt,-48,2020-10-16 12:00,62.97,,Australia,0.07,paypall,,Electronics,In-store,Not Returned,Royal Mail,,Medium
800270,SKU_1544,USB Cable,29,2020-10-17 05:00,3.72,,France,0.49,paypall,20.87,Apparel,In-store,Not Returned,Royal Mail,,Low
624608,SKU_1586,USB Cable,-30,2020-10-17 14:00,73.84,,Netherlands,0.29,Credit Card,,Electronics,In-store,Not Returned,Royal Mail,,Medium
587387,SKU_1819,Blue Pen,41,2020-10-17 15:00,1.9,,Australia,0.38,Bank Transfer,13.12,Electronics,In-store,Not Returned,FedEx,Paris,High
627297,SKU_1338,T-shirt,23,2020-10-18 10:00,54.11,,Australia,0.25,paypall,15.24,Stationery,In-store,Not Returned,UPS,London,High
976336,SKU_1838,Office Chair,31,2020-10-18 11:00,6.01,,Australia,0.14,Bank Transfer,11.04,Accessories,In-store,Not Returned,Royal Mail,Amsterdam,Low
464315,SKU_1521,Office Chair,3,2020-10-18 19:00,59.58,,Belgium,0.4,paypall,22.24,Electronics,In-store,Not Returned,Royal Mail,,Low
541503,SKU_1206,Backpack,12,2020-10-19 21:00,5.74,,Portugal,0.08,Bank Transfer,19.53,Electronics,Online,Not Returned,FedEx,,Low
602264,SKU_1188,Wall Clock,37,2020-10-20 08:00,4.28,,Belgium,0.26,Credit Card,24.89,Accessories,In-store,Not Returned,DHL,,Low
869217,SKU_1023,Backpack,13,2020-10-20 23:00,50.93,,Portugal,0.26,Credit Card,13.88,Accessories,Online,Not Returned,FedEx,Berlin,Low
776513,SKU_1749,Desk Lamp,30,2020-10-21 14:00,52.14,,United Kingdom,0.16,paypall,8.48,Stationery,In-store,Not Returned,UPS,,High
606554,SKU_1964,Wireless Mouse,3,2020-10-22 14:00,98.14,,Belgium,0.05,Bank Transfer,5.59,Stationery,In-store,Returned,DHL,Rome,Medium
815879,SKU_1344,Notebook,-20,2020-10-22 16:00,-54.77,,Portugal,0.33,Bank Transfer,,Stationery,Online,Not Returned,UPS,,High
178533,SKU_1005,White Mug,39,2020-10-22 20:00,64.07,,United States,0.34,Credit Card,7.88,Furniture,In-store,Not Returned,UPS,,High
811423,SKU_1782,Headphones,41,2020-10-23 18:00,60.17,,Germany,0.04,Bank Transfer,11.29,Apparel,Online,Not Returned,UPS,Rome,Low
472778,SKU_1782,Wall Clock,23,2020-10-23 22:00,78.45,,Spain,0.31,paypall,7.78,Furniture,In-store,Not Returned,UPS,Paris,Low
986004,SKU_1586,White Mug,-47,2020-10-24 00:00,18.43,,France,0.23,paypall,,Accessories,In-store,Not Returned,FedEx,,Medium
203533,SKU_1062,Notebook,14,2020-10-24 04:00,55.47,,Spain,0.22,Bank Transfer,20.26,Electronics,In-store,Not Returned,UPS,,Low
968277,SKU_1540,Backpack,22,2020-10-24 05:00,44.38,,Belgium,0.37,Bank Transfer,10.62,Apparel,Online,Not Returned,Royal Mail,,High
556324,SKU_1334,Blue Pen,13,2020-10-24 14:00,92.3,,United States,0.42,paypall,18.68,Apparel,In-store,Not Returned,DHL,Paris,High
344936,SKU_1440,Office Chair,-6,2020-10-24 15:00,28.04,,Italy,0.45,paypall,,Furniture,In-store,Not Returned,Royal Mail,,Low
513461,SKU_1338,Wireless Mouse,13,2020-10-24 21:00,63.55,,Italy,0.15,paypall,24.54,Apparel,In-store,Not Returned,FedEx,Paris,Low
671302,SKU_1075,Headphones,-41,2020-10-25 09:00,-45.63,,Australia,1.9787475155331296,Credit Card,,Electronics,Online,Not Returned,UPS,,High
713812,SKU_1412,Notebook,-24,2020-10-25 23:00,46.16,,Spain,0.42,Bank Transfer,,Stationery,In-store,Not Returned,FedEx,,Medium
718396,SKU_1270,Wall Clock,-30,2020-10-26 04:00,61.8,,United Kingdom,0.27,Credit Card,,Apparel,Online,Not Returned,FedEx,,High
369637,SKU_1431,Backpack,26,2020-10-26 06:00,19.41,,Portugal,0.48,paypall,15.81,Electronics,In-store,Not Returned,FedEx,Paris,Medium
771986,SKU_1076,Wall Clock,-29,2020-10-27 00:00,-38.21,,Germany,0.13,Credit Card,,Stationery,In-store,Returned,UPS,,Low
972437,SKU_1945,T-shirt,2,2020-10-27 01:00,21.49,,Portugal,0.06,Credit Card,8.8,Furniture,In-store,Not Returned,FedEx,Amsterdam,Medium
419658,SKU_1150,Blue Pen,29,2020-10-27 05:00,27.56,,United Kingdom,0.4,Credit Card,17.99,Accessories,Online,Not Returned,FedEx,,Medium
808024,SKU_1821,Headphones,42,2020-10-27 09:00,59.04,61589.0,Italy,0.1,Credit Card,9.22,Stationery,Online,Not Returned,Royal Mail,Paris,Medium
798419,SKU_1463,Office Chair,-28,2020-10-27 12:00,28.12,,Netherlands,0.17,Bank Transfer,,Accessories,Online,Not Returned,FedEx,,Low
364179,SKU_1497,Office Chair,4,2020-10-27 20:00,91.77,,Portugal,0.12,paypall,11.74,Accessories,In-store,Not Returned,Royal Mail,Berlin,High
218920,SKU_1360,Blue Pen,-4,2020-10-28 05:00,-69.56,,Belgium,1.9903458941750527,paypall,,Accessories,Online,Not Returned,DHL,,Medium
603100,SKU_1828,Blue Pen,44,2020-10-29 16:00,40.01,,Norway,0.09,Credit Card,23.21,Apparel,In-store,Not Returned,FedEx,London,Medium
721195,SKU_1260,T-shirt,7,2020-10-29 20:00,17.44,,Australia,0.11,paypall,14.84,Furniture,Online,Not Returned,UPS,Amsterdam,Low
750587,SKU_1298,USB Cable,-34,2020-10-30 17:00,-53.96,,United Kingdom,0.16,Bank Transfer,,Stationery,Online,Not Returned,FedEx,,Low
578705,SKU_1787,Wireless Mouse,-34,2020-10-30 22:00,-51.4,,Netherlands,1.4156448431773183,Credit Card,,Electronics,In-store,Not Returned,FedEx,,High
813016,SKU_1298,Office Chair,28,2020-10-31 02:00,58.35,,Sweden,0.04,Credit Card,6.19,Accessories,Online,Not Returned,UPS,Berlin,High
901125,SKU_1990,Wireless Mouse,-5,2020-11-01 01:00,49.21,,Spain,0.12,Credit Card,,Electronics,Online,Not Returned,UPS,,High
696543,SKU_1923,T-shirt,-37,2020-11-01 04:00,-47.93,,Belgium,0.34,Credit Card,,Accessories,In-store,Not Returned,Royal Mail,,Medium
817221,SKU_1661,Desk Lamp,-47,2020-11-01 07:00,-71.87,,Australia,0.35,paypall,,Apparel,Online,Not Returned,DHL,,Low
810872,SKU_1254,Wall Clock,15,2020-11-01 10:00,30.19,,Sweden,0.0,Credit Card,7.11,Furniture,In-store,Not Returned,Royal Mail,Berlin,Medium
183384,SKU_1409,Wall Clock,17,2020-11-01 19:00,54.29,,United Kingdom,0.39,Bank Transfer,10.24,Apparel,Online,Not Returned,FedEx,,High
100390,SKU_1936,T-shirt,-13,2020-11-01 20:00,-95.71,,Norway,1.2663948629871449,paypall,,Stationery,In-store,Not Returned,Royal Mail,,High
931868,SKU_1170,Notebook,6,2020-11-01 22:00,95.77,,Spain,0.32,Credit Card,14.55,Furniture,In-store,Not Returned,FedEx,Berlin,High
615249,SKU_1391,Blue Pen,6,2020-11-02 15:00,21.1,,Australia,0.11,Credit Card,7.32,Furniture,In-store,Not Returned,FedEx,Amsterdam,High
576055,SKU_1110,Blue Pen,-21,2020-11-02 21:00,75.8,,United Kingdom,0.06,Bank Transfer,,Electronics,Online,Not Returned,FedEx,,High
312456,SKU_1155,Wireless Mouse,-9,2020-11-03 22:00,-96.75,,Australia,0.23,Credit Card,,Furniture,In-store,Not Returned,Royal Mail,,High
475897,SKU_1935,Notebook,40,2020-11-04 09:00,92.95,,Sweden,0.06,Bank Transfer,29.01,Accessories,Online,Not Returned,DHL,,Medium
499749,SKU_1660,Headphones,17,2020-11-04 19:00,72.81,,United States,0.09,paypall,6.08,Stationery,In-store,Not Returned,UPS,Berlin,High
780206,SKU_1224,Blue Pen,-50,2020-11-05 23:00,60.46,,France,0.18,paypall,,Electronics,Online,Not Returned,FedEx,,Low
892038,SKU_1268,Wall Clock,-28,2020-11-06 02:00,66.77,,Italy,0.09,Credit Card,,Electronics,Online,Not Returned,Royal Mail,,High
781707,SKU_1388,USB Cable,-15,2020-11-06 11:00,-52.72,,United Kingdom,1.6068083315669046,Credit Card,,Furniture,In-store,Not Returned,Royal Mail,,Medium
819211,SKU_1868,Office Chair,6,2020-11-06 16:00,46.84,,Belgium,0.13,Credit Card,27.71,Electronics,In-store,Not Returned,DHL,,Low
423966,SKU_1330,Blue Pen,42,2020-11-07 04:00,93.3,,United States,0.1,Bank Transfer,7.89,Accessories,Online,Not Returned,FedEx,Berlin,Low
521773,SKU_1165,T-shirt,-9,2020-11-07 14:00,-64.36,,Netherlands,1.9026326627216616,paypall,,Accessories,In-store,Not Returned,UPS,,Medium
433478,SKU_1413,Wireless Mouse,43,2020-11-07 15:00,17.17,,Belgium,0.04,paypall,13.9,Apparel,In-store,Not Returned,DHL,,High
468863,SKU_1768,Backpack,8,2020-11-07 17:00,89.6,,Spain,0.35,Bank Transfer,19.96,Furniture,In-store,Not Returned,UPS,Amsterdam,High
439386,SKU_1759,Blue Pen,49,2020-11-08 09:00,84.46,,Portugal,0.49,Bank Transfer,17.6,Furniture,In-store,Not Returned,FedEx,,High
177606,SKU_1596,Wireless Mouse,-30,2020-11-08 11:00,-5.36,,France,0.44,Bank Transfer,,Apparel,In-store,Not Returned,DHL,,High
887356,SKU_1645,White Mug,-21,2020-11-08 15:00,-78.85,,Spain,1.4991416364477803,Bank Transfer,,Electronics,Online,Not Returned,FedEx,,Low
566978,SKU_1664,Headphones,8,2020-11-08 23:00,30.3,,Spain,0.31,paypall,19.09,Furniture,In-store,Not Returned,FedEx,,Medium
479502,SKU_1404,Wall Clock,-10,2020-11-09 02:00,16.63,,Italy,0.25,paypall,,Apparel,Online,Not Returned,DHL,,Medium
581799,SKU_1519,Wall Clock,-12,2020-11-09 07:00,36.74,,Italy,0.16,Bank Transfer,,Furniture,Online,Not Returned,Royal Mail,,Low
450083,SKU_1886,Headphones,-17,2020-11-09 12:00,32.61,,France,0.32,Credit Card,,Apparel,In-store,Not Returned,DHL,,Medium
681462,SKU_1763,Notebook,3,2020-11-09 18:00,95.26,,Portugal,0.39,Credit Card,20.59,Accessories,Online,Not Returned,UPS,,High
418796,SKU_1257,Notebook,-40,2020-11-10 02:00,20.54,,Portugal,0.43,Credit Card,,Apparel,Online,Not Returned,Royal Mail,,Medium
415617,SKU_1008,USB Cable,15,2020-11-10 08:00,20.96,,Germany,0.44,Bank Transfer,22.26,Accessories,In-store,Not Returned,UPS,Berlin,Medium
202166,SKU_1483,Headphones,-8,2020-11-11 05:00,36.88,,Australia,0.04,Bank Transfer,,Electronics,Online,Not Returned,FedEx,,Medium
213604,SKU_1384,Backpack,10,2020-11-11 08:00,65.73,,Belgium,0.38,Bank Transfer,17.9,Apparel,In-store,Returned,DHL,,High
444877,SKU_1574,Office Chair,-39,2020-11-12 08:00,-41.48,,Italy,1.1431764537409268,paypall,,Apparel,In-store,Not Returned,UPS,,High
862178,SKU_1322,Desk Lamp,-46,2020-11-12 12:00,-17.8,,United Kingdom,0.3,Bank Transfer,,Apparel,Online,Not Returned,DHL,,Low
355493,SKU_1284,Wireless Mouse,22,2020-11-12 14:00,6.19,,France,0.22,Bank Transfer,20.53,Furniture,In-store,Not Returned,FedEx,,Low
338657,SKU_1093,Wireless Mouse,-22,2020-11-13 05:00,-95.36,,Belgium,1.215765568613206,paypall,,Apparel,Online,Not Returned,UPS,,Medium
331414,SKU_1862,USB Cable,-35,2020-11-13 07:00,-1.91,,Germany,1.2323409734819406,Credit Card,,Accessories,Online,Not Returned,DHL,,High
955754,SKU_1349,USB Cable,-9,2020-11-13 16:00,65.86,,Spain,0.18,Credit Card,,Apparel,Online,Not Returned,Royal Mail,,Low
798600,SKU_1003,USB Cable,-33,2020-11-14 03:00,71.68,,Germany,0.15,paypall,,Furniture,Online,Returned,FedEx,,Medium
877130,SKU_1863,Wall Clock,-46,2020-11-14 06:00,-99.72,,Sweden,1.8037622551554489,Bank Transfer,,Accessories,In-store,Not Returned,UPS,,Medium
914811,SKU_1189,Backpack,47,2020-11-14 14:00,69.12,,Netherlands,0.25,Credit Card,6.33,Apparel,Online,Not Returned,DHL,Paris,Low
538963,SKU_1105,Wireless Mouse,26,2020-11-14 20:00,49.74,,Sweden,0.08,Bank Transfer,12.68,Stationery,Online,Not Returned,FedEx,London,Low
909269,SKU_1641,Wall Clock,48,2020-11-15 11:00,15.93,,Italy,0.5,Bank Transfer,21.81,Stationery,In-store,Not Returned,FedEx,Berlin,Low
120923,SKU_1615,Office Chair,-7,2020-11-15 16:00,18.39,,Norway,0.38,paypall,,Accessories,Online,Not Returned,DHL,,Medium
928854,SKU_1733,Blue Pen,-30,2020-11-15 21:00,63.64,,Italy,0.04,Bank Transfer,,Apparel,Online,Not Returned,UPS,,Medium
988916,SKU_1873,Backpack,-30,2020-11-16 00:00,-71.54,,United States,0.43,Credit Card,,Stationery,In-store,Not Returned,UPS,,Medium
653044,SKU_1521,Notebook,6,2020-11-16 02:00,29.06,,Netherlands,0.22,Bank Transfer,16.77,Apparel,Online,Not Returned,UPS,London,Low
510226,SKU_1621,Wireless Mouse,-44,2020-11-16 07:00,-90.65,,Spain,1.990399705980221,paypall,,Accessories,In-store,Not Returned,Royal Mail,,Medium
460306,SKU_1709,Desk Lamp,-40,2020-11-17 04:00,22.65,,France,0.15,Bank Transfer,,Accessories,In-store,Not Returned,FedEx,,Medium
724773,SKU_1035,Desk Lamp,-23,2020-11-18 15:00,47.51,,Norway,0.4,Credit Card,,Electronics,Online,Not Returned,DHL,,High
498838,SKU_1091,Wall Clock,18,2020-11-19 01:00,7.99,,Germany,0.1,Credit Card,23.66,Stationery,Online,Not Returned,Royal Mail,Paris,Medium
971905,SKU_1649,Headphones,-33,2020-11-19 20:00,77.32,,France,0.15,Bank Transfer,,Furniture,Online,Not Returned,Royal Mail,,Low
546991,SKU_1432,Blue Pen,-24,2020-11-20 04:00,79.41,,Portugal,0.1,paypall,,Furniture,In-store,Not Returned,UPS,,Low
500565,SKU_1557,Notebook,36,2020-11-20 05:00,86.26,,Sweden,0.29,Bank Transfer,13.45,Furniture,In-store,Returned,DHL,Rome,Low
221897,SKU_1843,Wall Clock,31,2020-11-20 09:00,19.15,,United States,0.16,Bank Transfer,21.45,Accessories,Online,Not Returned,UPS,Amsterdam,Low
620082,SKU_1100,Backpack,18,2020-11-20 10:00,22.83,,Spain,0.14,Credit Card,6.12,Accessories,In-store,Not Returned,Royal Mail,London,High
445578,SKU_1678,Office Chair,-11,2020-11-21 00:00,-3.4,,Spain,0.38,Credit Card,,Apparel,Online,Not Returned,Royal Mail,,Low
708806,SKU_1854,Wireless Mouse,11,2020-11-21 01:00,27.62,,Netherlands,0.44,Bank Transfer,21.15,Furniture,Online,Not Returned,UPS,,High
953159,SKU_1571,USB Cable,7,2020-11-21 17:00,71.56,,Portugal,0.4,paypall,26.26,Apparel,Online,Not Returned,DHL,Rome,Medium
683043,SKU_1172,Backpack,-25,2020-11-21 22:00,-73.71,,Germany,1.301909342645175,Credit Card,,Electronics,In-store,Not Returned,UPS,,High
896305,SKU_1571,T-shirt,47,2020-11-22 07:00,8.41,,Germany,0.14,Bank Transfer,25.98,Accessories,In-store,Returned,Royal Mail,,High
729507,SKU_1006,Notebook,-26,2020-11-22 12:00,-85.5,,Italy,0.43,Credit Card,,Accessories,In-store,Not Returned,Royal Mail,,Low
580350,SKU_1651,Backpack,-36,2020-11-22 17:00,43.78,,Norway,0.21,Bank Transfer,,Electronics,Online,Not Returned,DHL,,Low
362210,SKU_1889,Blue Pen,16,2020-11-22 20:00,29.3,,Netherlands,0.43,Bank Transfer,26.96,Accessories,Online,Not Returned,UPS,Berlin,Low
924930,SKU_1033,Office Chair,22,2020-11-23 04:00,87.02,,Belgium,0.37,Credit Card,13.88,Accessories,Online,Not Returned,UPS,London,High
102795,SKU_1661,White Mug,33,2020-11-24 09:00,61.78,,Norway,0.42,Credit Card,17.03,Furniture,In-store,Not Returned,UPS,Paris,Medium
887163,SKU_1669,Desk Lamp,-18,2020-11-24 18:00,64.94,,Netherlands,0.22,paypall,,Stationery,Online,Not Returned,Royal Mail,,High
197206,SKU_1175,T-shirt,-46,2020-11-25 20:00,70.84,,United States,0.26,Bank Transfer,,Stationery,In-store,Not Returned,Royal Mail,,High
942672,SKU_1248,Wall Clock,-15,2020-11-26 00:00,92.06,,Australia,0.08,paypall,,Accessories,Online,Not Returned,Royal Mail,,High
660849,SKU_1975,Wall Clock,11,2020-11-26 12:00,88.15,,France,0.01,Bank Transfer,21.55,Apparel,In-store,Not Returned,DHL,Rome,High
250653,SKU_1687,USB Cable,7,2020-11-27 06:00,80.25,,United States,0.23,Bank Transfer,9.42,Electronics,Online,Not Returned,UPS,Rome,High
438250,SKU_1979,T-shirt,2,2020-11-27 11:00,88.28,,United Kingdom,0.14,paypall,26.81,Apparel,In-store,Not Returned,UPS,Rome,Low
486213,SKU_1234,Headphones,-6,2020-11-27 20:00,62.84,,Portugal,0.33,Credit Card,,Stationery,Online,Not Returned,Royal Mail,,Medium
929203,SKU_1419,Wall Clock,-47,2020-11-28 08:00,71.59,,Belgium,0.36,paypall,,Accessories,Online,Not Returned,DHL,,Low
508456,SKU_1813,Wireless Mouse,24,2020-11-28 14:00,8.09,,Italy,0.45,paypall,28.71,Furniture,Online,Not Returned,FedEx,Rome,Medium
775573,SKU_1798,Wireless Mouse,-28,2020-11-28 22:00,-59.94,,Italy,0.3,paypall,,Apparel,Online,Not Returned,FedEx,,Low
826499,SKU_1895,Wireless Mouse,21,2020-11-29 14:00,32.88,,Belgium,0.02,paypall,21.46,Stationery,In-store,Not Returned,Royal Mail,,Medium
633090,SKU_1049,Blue Pen,-21,2020-11-30 04:00,-66.64,,Australia,1.036815659547602,paypall,,Accessories,Online,Not Returned,Royal Mail,,Medium
371409,SKU_1467,T-shirt,-20,2020-11-30 18:00,67.66,,Germany,0.25,paypall,,Stationery,In-store,Not Returned,UPS,,Low
738453,SKU_1655,Desk Lamp,-48,2020-11-30 19:00,20.01,,Netherlands,0.39,Bank Transfer,,Electronics,In-store,Not Returned,DHL,,Medium
901818,SKU_1117,Blue Pen,14,2020-12-01 00:00,7.34,,Norway,0.16,Bank Transfer,18.56,Electronics,Online,Returned,UPS,Paris,Medium
923857,SKU_1384,Blue Pen,31,2020-12-01 02:00,11.57,,United States,0.25,Bank Transfer,23.56,Electronics,In-store,Not Returned,Royal Mail,London,Low
557820,SKU_1837,Office Chair,-35,2020-12-02 21:00,65.83,,United Kingdom,0.2,Bank Transfer,,Stationery,In-store,Not Returned,UPS,,High
396618,SKU_1556,White Mug,14,2020-12-05 09:00,66.42,,United Kingdom,0.05,Bank Transfer,21.27,Furniture,In-store,Not Returned,FedEx,,Medium
753936,SKU_1900,White Mug,28,2020-12-06 01:00,79.6,,Sweden,0.31,Bank Transfer,24.47,Stationery,Online,Not Returned,Royal Mail,,Low
550985,SKU_1552,Backpack,18,2020-12-06 11:00,48.42,,Sweden,0.24,paypall,10.52,Accessories,Online,Not Returned,UPS,Berlin,Low
272857,SKU_1409,Wall Clock,-45,2020-12-06 18:00,-39.49,,United States,1.6133234357252144,Bank Transfer,,Furniture,In-store,Not Returned,FedEx,,Medium
399477,SKU_1409,T-shirt,29,2020-12-07 04:00,80.63,,Belgium,0.15,Bank Transfer,12.42,Stationery,Online,Not Returned,UPS,Rome,High
219875,SKU_1393,Wall Clock,-28,2020-12-07 07:00,81.99,,Norway,0.36,paypall,,Stationery,Online,Not Returned,UPS,,Medium
566995,SKU_1867,Wireless Mouse,-36,2020-12-07 10:00,51.63,,Belgium,0.1,Credit Card,,Furniture,In-store,Not Returned,DHL,,Low
728474,SKU_1236,Backpack,34,2020-12-07 16:00,24.75,,Belgium,0.16,Bank Transfer,22.42,Accessories,In-store,Not Returned,UPS,Amsterdam,High
535126,SKU_1158,Headphones,35,2020-12-08 16:00,25.36,,Italy,0.36,paypall,14.44,Accessories,Online,Not Returned,UPS,,Medium
964714,SKU_1044,Backpack,-12,2020-12-08 22:00,15.67,,United States,0.27,Credit Card,,Accessories,Online,Not Returned,DHL,,High
761440,SKU_1721,Blue Pen,4,2020-12-09 06:00,88.4,,Belgium,0.0,Credit Card,10.83,Furniture,In-store,Not Returned,Royal Mail,,Medium
244926,SKU_1351,Wall Clock,34,2020-12-09 07:00,55.51,,Italy,0.39,Bank Transfer,22.31,Stationery,In-store,Not Returned,UPS,Paris,Medium
782385,SKU_1540,Office Chair,-29,2020-12-09 09:00,-58.92,,United States,1.8703892020080175,Credit Card,,Stationery,In-store,Not Returned,DHL,,High
428910,SKU_1695,T-shirt,-32,2020-12-09 15:00,-33.96,,Belgium,1.3832207636963116,paypall,,Furniture,Online,Not Returned,DHL,,Medium
124354,SKU_1234,Wall Clock,-28,2020-12-10 01:00,44.91,,Germany,0.28,Credit Card,,Electronics,Online,Not Returned,FedEx,,Medium
143459,SKU_1170,Desk Lamp,-31,2020-12-11 13:00,-6.56,,France,0.42,Credit Card,,Apparel,Online,Not Returned,DHL,,Medium
545096,SKU_1128,Backpack,-38,2020-12-14 06:00,85.18,,Portugal,0.49,Bank Transfer,,Accessories,In-store,Not Returned,UPS,,High
513244,SKU_1891,White Mug,9,2020-12-14 18:00,36.94,,Portugal,0.17,paypall,16.84,Stationery,In-store,Not Returned,UPS,Berlin,Low
217769,SKU_1964,Office Chair,32,2020-12-14 23:00,37.18,,Germany,0.32,paypall,14.28,Stationery,Online,Not Returned,FedEx,Berlin,Low
696923,SKU_1210,T-shirt,23,2020-12-15 07:00,43.43,,Belgium,0.34,Credit Card,6.16,Apparel,In-store,Not Returned,UPS,Paris,Medium
765673,SKU_1753,Office Chair,-26,2020-12-15 09:00,-54.19,,Portugal,0.29,Credit Card,,Stationery,In-store,Not Returned,DHL,,Medium
250056,SKU_1970,White Mug,-39,2020-12-15 17:00,80.78,,Belgium,0.09,Credit Card,,Apparel,Online,Not Returned,DHL,,High
974527,SKU_1929,Headphones,-48,2020-12-15 18:00,-18.81,,Portugal,1.1793662222111114,Bank Transfer,,Furniture,In-store,Not Returned,UPS,,High
697190,SKU_1851,Backpack,21,2020-12-16 06:00,27.7,,Norway,0.42,paypall,19.66,Stationery,Online,Not Returned,DHL,Rome,Low
192172,SKU_1497,Wall Clock,3,2020-12-16 07:00,84.98,,France,0.25,Bank Transfer,15.95,Electronics,Online,Not Returned,DHL,,Low
402039,SKU_1186,Backpack,-21,2020-12-17 16:00,90.82,,Sweden,0.04,Bank Transfer,,Electronics,In-store,Not Returned,UPS,,High
381411,SKU_1863,USB Cable,46,2020-12-17 18:00,93.22,,France,0.38,Credit Card,6.82,Apparel,In-store,Not Returned,Royal Mail,Paris,Medium
788284,SKU_1780,USB Cable,-20,2020-12-18 20:00,90.5,,Italy,0.15,Bank Transfer,,Apparel,Online,Not Returned,UPS,,Low
851747,SKU_1962,Blue Pen,7,2020-12-18 22:00,85.19,,France,0.23,Bank Transfer,26.82,Stationery,Online,Not Returned,UPS,Berlin,Low
394507,SKU_1201,Wireless Mouse,-7,2020-12-19 06:00,-28.17,,Netherlands,1.873209994619235,Bank Transfer,,Furniture,In-store,Not Returned,FedEx,,Medium
294824,SKU_1265,T-shirt,-41,2020-12-19 07:00,-88.34,,France,1.5583191774511131,Credit Card,,Stationery,Online,Not Returned,Royal Mail,,Medium
442553,SKU_1290,Wall Clock,25,2020-12-19 17:00,39.19,,Netherlands,0.43,paypall,28.24,Electronics,Online,Not Returned,FedEx,Paris,Medium
778960,SKU_1499,Backpack,26,2020-12-20 14:00,46.65,,Sweden,0.27,Credit Card,19.39,Electronics,Online,Returned,Royal Mail,Berlin,Medium
802214,SKU_1926,Notebook,-49,2020-12-20 21:00,1.72,,France,0.4,Bank Transfer,,Stationery,In-store,Not Returned,DHL,,Low
189353,SKU_1314,Notebook,1,2020-12-21 08:00,65.18,,Netherlands,0.16,Credit Card,24.08,Electronics,In-store,Returned,DHL,,High
731339,SKU_1223,Headphones,19,2020-12-22 20:00,18.49,,United Kingdom,0.01,paypall,20.11,Apparel,In-store,Not Returned,Royal Mail,,Low
827963,SKU_1761,Backpack,-34,2020-12-23 02:00,-92.5,,Netherlands,1.597708286974839,paypall,,Furniture,In-store,Not Returned,UPS,,Medium
892879,SKU_1224,Notebook,46,2020-12-23 10:00,92.52,,Germany,0.18,paypall,10.41,Stationery,In-store,Not Returned,Royal Mail,,High
321421,SKU_1039,Blue Pen,19,2020-12-24 04:00,18.99,,Belgium,0.03,paypall,25.87,Stationery,Online,Returned,DHL,London,Low
475348,SKU_1934,USB Cable,-42,2020-12-25 01:00,42.3,,Norway,0.06,paypall,,Accessories,In-store,Returned,FedEx,,High
733609,SKU_1005,Headphones,16,2020-12-26 07:00,61.92,,United Kingdom,0.06,paypall,7.26,Accessories,Online,Not Returned,DHL,,Medium
100363,SKU_1962,Desk Lamp,-36,2020-12-26 08:00,47.94,,Italy,0.09,Credit Card,,Apparel,Online,Not Returned,FedEx,,Medium
308606,SKU_1721,T-shirt,-26,2020-12-26 18:00,41.55,,Belgium,0.42,Bank Transfer,,Furniture,In-store,Not Returned,UPS,,High
225865,SKU_1928,Backpack,-17,2020-12-26 23:00,-49.14,,Spain,1.1931885902462098,paypall,,Stationery,Online,Not Returned,Royal Mail,,Medium
894953,SKU_1773,Wall Clock,38,2020-12-27 11:00,37.47,,France,0.49,Bank Transfer,27.79,Apparel,In-store,Not Returned,DHL,Rome,Medium
700699,SKU_1719,White Mug,-50,2020-12-28 02:00,-65.63,,Italy,1.3049354226225516,Credit Card,,Accessories,In-store,Not Returned,DHL,,Medium
532184,SKU_1831,Wireless Mouse,1,2020-12-30 03:00,56.44,,Spain,0.22,Bank Transfer,24.79,Furniture,Online,Not Returned,Royal Mail,,Low
277169,SKU_1815,Wireless Mouse,36,2020-12-30 09:00,10.48,,France,0.16,paypall,25.89,Furniture,Online,Not Returned,DHL,Paris,Low
510616,SKU_1773,T-shirt,11,2020-12-30 19:00,78.29,,Belgium,0.41,Credit Card,21.72,Stationery,In-store,Not Returned,DHL,Amsterdam,Low
546242,SKU_1041,Wall Clock,-48,2020-12-31 20:00,5.02,,Italy,0.49,Bank Transfer,,Accessories,In-store,Returned,DHL,,Medium
544503,SKU_1387,T-shirt,-29,2021-01-01 02:00,49.07,,Germany,0.25,paypall,,Electronics,In-store,Not Returned,UPS,,Low
525643,SKU_1222,Headphones,-48,2021-01-01 06:00,-16.11,,Portugal,0.28,Credit Card,,Electronics,Online,Not Returned,DHL,,Low
597873,SKU_1742,Wireless Mouse,48,2021-01-01 23:00,45.33,,Sweden,0.38,Bank Transfer,7.46,Furniture,In-store,Not Returned,DHL,Amsterdam,High
994230,SKU_1278,Headphones,-8,2021-01-02 04:00,62.7,,Netherlands,0.17,Bank Transfer,,Accessories,Online,Not Returned,UPS,,Low
897653,SKU_1681,Blue Pen,-7,2021-01-03 12:00,-63.4,,Spain,1.2502103194167873,Bank Transfer,,Apparel,In-store,Not Returned,Royal Mail,,Low
931769,SKU_1948,Wireless Mouse,36,2021-01-03 18:00,42.04,,Sweden,0.3,Credit Card,12.96,Apparel,In-store,Not Returned,FedEx,Berlin,High
815295,SKU_1135,White Mug,-44,2021-01-04 02:00,19.96,,Spain,0.26,Credit Card,,Accessories,Online,Not Returned,FedEx,,Medium
678921,SKU_1216,Headphones,-46,2021-01-04 13:00,-34.61,,United Kingdom,1.5197609448414386,Bank Transfer,,Stationery,In-store,Not Returned,FedEx,,Medium
117143,SKU_1669,Wall Clock,-3,2021-01-04 14:00,-8.1,,France,1.6300219725550331,paypall,,Furniture,Online,Not Returned,Royal Mail,,Low
544244,SKU_1952,Headphones,5,2021-01-05 00:00,31.62,,France,0.09,Credit Card,20.79,Electronics,In-store,Not Returned,UPS,London,Medium
244233,SKU_1339,USB Cable,-48,2021-01-06 00:00,-40.18,,United States,0.03,Bank Transfer,,Electronics,Online,Not Returned,UPS,,Medium
321439,SKU_1672,USB Cable,27,2021-01-06 05:00,78.64,,United Kingdom,0.16,Credit Card,24.57,Electronics,In-store,Not Returned,DHL,London,Medium
747364,SKU_1388,Headphones,43,2021-01-06 15:00,15.59,,Sweden,0.18,paypall,27.48,Apparel,Online,Not Returned,UPS,,Low
928457,SKU_1362,Desk Lamp,-34,2021-01-07 03:00,-34.12,,Portugal,1.3691901399458617,paypall,,Furniture,In-store,Not Returned,DHL,,Low
447236,SKU_1656,Wall Clock,-41,2021-01-07 12:00,-20.19,,Belgium,1.5459311397370834,Credit Card,,Accessories,In-store,Returned,DHL,,Low
302123,SKU_1033,Wall Clock,-15,2021-01-08 00:00,-52.19,,Portugal,1.3521036080574076,Bank Transfer,,Stationery,Online,Not Returned,Royal Mail,,Low
612214,SKU_1236,White Mug,-17,2021-01-08 09:00,-85.32,,Netherlands,0.14,Credit Card,,Stationery,Online,Not Returned,UPS,,Low
119403,SKU_1734,Wall Clock,15,2021-01-08 10:00,42.76,,Sweden,0.41,paypall,26.72,Apparel,In-store,Not Returned,UPS,Paris,Low
193246,SKU_1743,Wall Clock,-3,2021-01-08 19:00,-70.08,,Portugal,1.9721286070089952,Credit Card,,Furniture,Online,Not Returned,UPS,,Low
477082,SKU_1777,Backpack,-45,2021-01-09 18:00,-22.46,,Portugal,0.33,Credit Card,,Apparel,Online,Not Returned,UPS,,Medium
219975,SKU_1882,Office Chair,3,2021-01-10 22:00,22.96,,Portugal,0.17,Bank Transfer,13.94,Accessories,In-store,Not Returned,UPS,,Low
466378,SKU_1733,White Mug,15,2021-01-11 01:00,81.35,,Sweden,0.45,Bank Transfer,18.37,Accessories,In-store,Not Returned,DHL,Amsterdam,High
401763,SKU_1907,Office Chair,-42,2021-01-12 07:00,8.24,,Netherlands,0.23,Bank Transfer,,Furniture,In-store,Not Returned,UPS,,Low
689214,SKU_1920,Notebook,-36,2021-01-12 09:00,84.32,,Sweden,0.02,Credit Card,,Apparel,Online,Not Returned,DHL,,Medium
407124,SKU_1487,USB Cable,36,2021-01-12 13:00,17.45,,United Kingdom,0.46,paypall,20.31,Furniture,Online,Not Returned,UPS,,High
929590,SKU_1061,Wall Clock,-40,2021-01-12 16:00,-46.67,,Sweden,1.1763871118567424,paypall,,Accessories,In-store,Not Returned,DHL,,Medium
905855,SKU_1687,Notebook,-31,2021-01-13 21:00,-7.26,,Sweden,0.34,Credit Card,,Accessories,Online,Not Returned,UPS,,Low
572585,SKU_1129,Backpack,-27,2021-01-14 04:00,-87.75,,Sweden,0.0,Credit Card,,Electronics,Online,Not Returned,UPS,,Medium
414941,SKU_1099,Notebook,44,2021-01-14 22:00,7.03,,Sweden,0.46,Credit Card,15.25,Apparel,Online,Not Returned,DHL,,Medium
354043,SKU_1343,Office Chair,19,2021-01-16 02:00,69.56,,United States,0.08,paypall,20.06,Furniture,Online,Not Returned,Royal Mail,Amsterdam,Medium
158560,SKU_1004,Desk Lamp,-4,2021-01-16 21:00,31.73,,Portugal,0.19,Credit Card,,Furniture,Online,Not Returned,UPS,,Medium
250953,SKU_1235,USB Cable,-18,2021-01-16 23:00,-97.24,,United Kingdom,1.8813484450793003,Bank Transfer,,Electronics,Online,Not Returned,DHL,,Medium
328300,SKU_1043,Blue Pen,-13,2021-01-17 21:00,89.82,,Germany,0.19,Bank Transfer,,Apparel,Online,Not Returned,UPS,,High
976801,SKU_1506,Wall Clock,-18,2021-01-18 15:00,-96.68,,France,1.4346347823127337,Bank Transfer,,Accessories,In-store,Not Returned,Royal Mail,,High
296292,SKU_1879,Blue Pen,-24,2021-01-19 09:00,21.88,,Germany,0.13,paypall,,Electronics,Online,Returned,Royal Mail,,High
318168,SKU_1628,Blue Pen,-36,2021-01-19 18:00,-62.55,,Spain,1.7545486458699795,paypall,,Stationery,In-store,Not Returned,Royal Mail,,High
324866,SKU_1758,Desk Lamp,48,2021-01-20 02:00,7.27,,Sweden,0.48,Bank Transfer,24.53,Accessories,Online,Not Returned,UPS,Rome,Low
717736,SKU_1706,Backpack,-29,2021-01-20 06:00,6.46,,Italy,0.16,Credit Card,,Furniture,Online,Not Returned,Royal Mail,,Medium
413045,SKU_1547,Blue Pen,-18,2021-01-20 13:00,77.55,,United States,0.1,Bank Transfer,,Stationery,In-store,Not Returned,UPS,,High
160186,SKU_1235,Desk Lamp,40,2021-01-20 14:00,18.83,,Portugal,0.18,paypall,5.18,Electronics,In-store,Not Returned,DHL,Amsterdam,High
331226,SKU_1550,Wall Clock,-11,2021-01-21 02:00,-86.24,,Norway,1.237183942895572,Credit Card,,Accessories,Online,Not Returned,Royal Mail,,High
555775,SKU_1321,Blue Pen,-37,2021-01-21 03:00,29.68,,United Kingdom,0.4,Bank Transfer,,Stationery,Online,Not Returned,DHL,,High
592508,SKU_1689,Headphones,-5,2021-01-21 18:00,81.2,,Australia,0.05,Credit Card,,Apparel,In-store,Not Returned,FedEx,,Low
298110,SKU_1064,Blue Pen,-45,2021-01-21 23:00,-41.46,,Portugal,0.38,paypall,,Stationery,Online,Not Returned,Royal Mail,,Medium
245338,SKU_1135,USB Cable,33,2021-01-22 05:00,65.84,,United States,0.21,Bank Transfer,20.63,Furniture,Online,Not Returned,Royal Mail,,High
413732,SKU_1819,Desk Lamp,-19,2021-01-22 15:00,-50.71,,Portugal,1.760831284105244,paypall,,Accessories,In-store,Returned,Royal Mail,,High
840045,SKU_1413,Wall Clock,43,2021-01-23 01:00,47.17,,Italy,0.19,Credit Card,13.06,Apparel,Online,Not Returned,DHL,London,High
974168,SKU_1352,Wireless Mouse,-21,2021-01-23 12:00,-73.9,,Sweden,1.8892831205235583,Credit Card,,Furniture,In-store,Not Returned,DHL,,Medium
715781,SKU_1251,Desk Lamp,13,2021-01-23 19:00,13.25,,Italy,0.0,paypall,23.4,Furniture,In-store,Not Returned,UPS,,Low
233114,SKU_1722,Desk Lamp,44,2021-01-24 13:00,12.21,,United States,0.38,Bank Transfer,5.38,Apparel,Online,Not Returned,Royal Mail,London,Low
657765,SKU_1875,Blue Pen,35,2021-01-24 18:00,91.28,,Australia,0.1,Credit Card,6.57,Apparel,In-store,Returned,UPS,,High
766980,SKU_1259,USB Cable,9,2021-01-25 07:00,49.78,,Spain,0.32,Credit Card,22.05,Furniture,In-store,Not Returned,FedEx,Paris,Medium
804133,SKU_1062,Blue Pen,-45,2021-01-26 05:00,66.25,,Australia,0.28,Bank Transfer,,Furniture,Online,Not Returned,Royal Mail,,High
538744,SKU_1776,Desk Lamp,20,2021-01-27 05:00,42.38,,United Kingdom,0.21,paypall,9.09,Furniture,Online,Not Returned,UPS,,Medium
201121,SKU_1485,Desk Lamp,28,2021-01-27 19:00,16.39,,United States,0.28,paypall,25.4,Electronics,In-store,Not Returned,DHL,London,High
461484,SKU_1710,Wireless Mouse,-2,2021-01-28 15:00,-70.84,,Norway,1.503961812960223,Bank Transfer,,Stationery,Online,Not Returned,FedEx,,High
682124,SKU_1071,T-shirt,-26,2021-01-28 19:00,28.74,,Italy,0.09,paypall,,Stationery,Online,Not Returned,DHL,,Low
369579,SKU_1488,Desk Lamp,-26,2021-01-28 20:00,-82.77,,Sweden,1.3454915007083907,paypall,,Accessories,Online,Not Returned,DHL,,High
758767,SKU_1586,T-shirt,-9,2021-01-29 03:00,-42.33,,Netherlands,0.23,Credit Card,,Apparel,Online,Not Returned,Royal Mail,,Low
858849,SKU_1424,Wall Clock,-2,2021-01-29 22:00,22.14,,France,0.04,paypall,,Furniture,Online,Not Returned,DHL,,Medium
628168,SKU_1020,Notebook,-3,2021-01-30 00:00,-71.7,,Sweden,0.26,Credit Card,,Electronics,Online,Not Returned,UPS,,Medium
568731,SKU_1044,Blue Pen,45,2021-01-30 21:00,19.87,,Spain,0.05,paypall,26.73,Stationery,In-store,Not Returned,FedEx,,Medium
648912,SKU_1838,Wireless Mouse,42,2021-01-31 02:00,93.77,,United States,0.37,Credit Card,15.62,Apparel,Online,Not Returned,DHL,,Low
132930,SKU_1923,Backpack,32,2021-02-01 04:00,73.8,,United States,0.37,paypall,16.83,Accessories,In-store,Not Returned,Royal Mail,Amsterdam,High
585725,SKU_1561,Notebook,-17,2021-02-01 08:00,-33.62,,Norway,0.48,Bank Transfer,,Accessories,In-store,Not Returned,FedEx,,Low
458234,SKU_1408,Backpack,-17,2021-02-01 21:00,-89.08,,Spain,0.05,Bank Transfer,,Furniture,Online,Not Returned,DHL,,High
681529,SKU_1894,Office Chair,-49,2021-02-02 01:00,50.64,,Portugal,0.25,Bank Transfer,,Electronics,In-store,Not Returned,DHL,,High
165030,SKU_1174,Headphones,-25,2021-02-02 03:00,43.52,,Norway,0.12,paypall,,Apparel,Online,Not Returned,FedEx,,Medium
205185,SKU_1102,Desk Lamp,14,2021-02-02 09:00,91.6,,France,0.16,Bank Transfer,17.9,Apparel,Online,Returned,Royal Mail,London,High
769113,SKU_1372,Desk Lamp,9,2021-02-03 08:00,64.84,,Spain,0.07,Bank Transfer,23.43,Electronics,Online,Not Returned,UPS,Rome,High
792289,SKU_1578,Wireless Mouse,-15,2021-02-03 16:00,45.02,,Sweden,0.24,paypall,,Accessories,Online,Not Returned,DHL,,Medium
638304,SKU_1753,T-shirt,44,2021-02-03 22:00,14.74,,Netherlands,0.41,paypall,14.6,Stationery,In-store,Not Returned,Royal Mail,Rome,Medium
467658,SKU_1706,Office Chair,23,2021-02-04 06:00,7.1,,United Kingdom,0.05,Credit Card,18.01,Accessories,In-store,Not Returned,FedEx,,High
816284,SKU_1960,Wall Clock,48,2021-02-04 13:00,65.21,,United Kingdom,0.27,paypall,15.18,Furniture,Online,Not Returned,FedEx,Paris,Low
493445,SKU_1512,Backpack,35,2021-02-04 20:00,79.54,,Belgium,0.26,Bank Transfer,27.07,Electronics,Online,Not Returned,FedEx,Berlin,Low
147779,SKU_1326,T-shirt,-8,2021-02-05 01:00,-1.18,,France,1.5776002025891476,Bank Transfer,,Apparel,In-store,Not Returned,Royal Mail,,Medium
955695,SKU_1447,Wall Clock,19,2021-02-05 23:00,97.59,,Germany,0.14,paypall,11.06,Accessories,Online,Not Returned,Royal Mail,,Low
212036,SKU_1296,Wireless Mouse,-46,2021-02-06 00:00,16.16,,Italy,0.37,paypall,,Accessories,Online,Not Returned,DHL,,High
371223,SKU_1135,Blue Pen,-50,2021-02-06 06:00,40.2,,Portugal,0.29,paypall,,Apparel,In-store,Not Returned,DHL,,High
422870,SKU_1898,T-shirt,-30,2021-02-06 08:00,3.91,,Australia,0.07,Credit Card,,Furniture,Online,Not Returned,Royal Mail,,Medium
373497,SKU_1529,Wall Clock,-39,2021-02-06 13:00,65.4,,Sweden,0.21,Credit Card,,Apparel,In-store,Not Returned,FedEx,,High
598095,SKU_1997,Wireless Mouse,-30,2021-02-08 13:00,-53.38,,Germany,1.3985111558525103,Bank Transfer,,Electronics,Online,Not Returned,Royal Mail,,Low
126572,SKU_1277,Backpack,27,2021-02-09 00:00,72.29,,United States,0.39,paypall,14.5,Electronics,Online,Not Returned,FedEx,,Low
899395,SKU_1572,Backpack,10,2021-02-09 13:00,98.28,,Italy,0.25,Bank Transfer,14.47,Stationery,Online,Not Returned,UPS,,Medium
181494,SKU_1271,T-shirt,22,2021-02-09 23:00,1.11,,Sweden,0.0,Credit Card,13.13,Accessories,Online,Not Returned,UPS,,High
844265,SKU_1771,Blue Pen,-7,2021-02-10 00:00,-10.13,,Norway,1.1187194321497145,paypall,,Furniture,Online,Not Returned,FedEx,,Medium
990752,SKU_1817,Headphones,23,2021-02-11 01:00,11.37,,Germany,0.3,Bank Transfer,29.21,Accessories,Online,Not Returned,DHL,,Medium
804463,SKU_1109,T-shirt,48,2021-02-11 22:00,94.06,,France,0.48,Bank Transfer,7.49,Apparel,Online,Not Returned,Royal Mail,,Low
659119,SKU_1396,Headphones,-27,2021-02-12 00:00,-27.86,,Spain,1.3659099070229224,Credit Card,,Accessories,In-store,Not Returned,UPS,,Medium
349402,SKU_1231,Desk Lamp,-37,2021-02-12 01:00,-78.52,,United Kingdom,1.5810578309312586,Credit Card,,Furniture,In-store,Not Returned,Royal Mail,,High
953262,SKU_1569,Blue Pen,28,2021-02-12 06:00,34.35,,Portugal,0.2,Bank Transfer,23.43,Electronics,Online,Returned,DHL,London,High
867754,SKU_1651,Headphones,-19,2021-02-12 09:00,-89.46,,Spain,1.2228467594446206,paypall,,Electronics,In-store,Not Returned,UPS,,Medium
685842,SKU_1237,Desk Lamp,-36,2021-02-12 12:00,18.83,,United Kingdom,0.28,Bank Transfer,,Accessories,In-store,Not Returned,Royal Mail,,High
951426,SKU_1911,Wireless Mouse,-2,2021-02-12 15:00,-49.54,,France,1.594635838293609,Bank Transfer,,Electronics,Online,Not Returned,UPS,,High
675648,SKU_1737,White Mug,4,2021-02-13 10:00,93.83,,Spain,0.0,Credit Card,16.95,Accessories,Online,Not Returned,FedEx,Amsterdam,High
247631,SKU_1127,Wall Clock,40,2021-02-13 12:00,68.0,,Belgium,0.4,Credit Card,22.1,Furniture,Online,Returned,FedEx,Rome,High
394478,SKU_1542,Wireless Mouse,21,2021-02-13 13:00,52.14,,Portugal,0.23,paypall,24.86,Stationery,In-store,Not Returned,UPS,Rome,Medium
336545,SKU_1852,Backpack,31,2021-02-13 14:00,60.11,,Sweden,0.1,Bank Transfer,17.85,Electronics,In-store,Not Returned,Royal Mail,Berlin,Medium
401111,SKU_1221,Desk Lamp,7,2021-02-14 05:00,56.59,,United Kingdom,0.3,paypall,27.06,Stationery,Online,Not Returned,UPS,Amsterdam,Low
212255,SKU_1432,Office Chair,23,2021-02-14 16:00,18.38,,France,0.29,Credit Card,25.96,Apparel,Online,Not Returned,UPS,,Low
793619,SKU_1478,Headphones,35,2021-02-14 21:00,24.86,,France,0.27,paypall,12.68,Apparel,In-store,Not Returned,FedEx,Paris,Low
549871,SKU_1556,Blue Pen,-3,2021-02-15 23:00,-52.57,,Portugal,0.42,paypall,,Accessories,Online,Not Returned,DHL,,High
792894,SKU_1922,USB Cable,48,2021-02-16 01:00,48.19,,Norway,0.39,Credit Card,11.53,Electronics,In-store,Not Returned,DHL,London,Medium
189743,SKU_1267,Wall Clock,11,2021-02-16 20:00,32.79,,Sweden,0.32,Credit Card,24.86,Apparel,In-store,Not Returned,DHL,Rome,Medium
189846,SKU_1163,Wall Clock,-44,2021-02-16 23:00,72.07,,Norway,0.39,Bank Transfer,,Electronics,Online,Not Returned,Royal Mail,,Medium
752192,SKU_1852,Wall Clock,-22,2021-02-17 13:00,53.66,,United States,0.27,Bank Transfer,,Apparel,Online,Not Returned,UPS,,Low
524632,SKU_1905,White Mug,-45,2021-02-17 19:00,-92.77,,Australia,1.929287672017604,paypall,,Accessories,In-store,Not Returned,UPS,,High
273084,SKU_1021,Headphones,-26,2021-02-17 20:00,-79.54,,Italy,1.952364023590526,Bank Transfer,,Accessories,Online,Not Returned,Royal Mail,,High
561261,SKU_1385,Notebook,31,2021-02-17 23:00,49.49,,Australia,0.3,Credit Card,29.74,Electronics,In-store,Not Returned,UPS,Amsterdam,High
879533,SKU_1459,Desk Lamp,11,2021-02-18 15:00,47.43,,Netherlands,0.45,paypall,13.25,Stationery,In-store,Not Returned,Royal Mail,Paris,Low
513757,SKU_1438,Headphones,-22,2021-02-18 19:00,64.77,,United Kingdom,0.25,Bank Transfer,,Stationery,In-store,Not Returned,DHL,,Low
223199,SKU_1862,Blue Pen,33,2021-02-18 21:00,19.01,,Sweden,0.09,Bank Transfer,14.22,Stationery,In-store,Not Returned,UPS,,High
129545,SKU_1329,Wireless Mouse,-27,2021-02-19 00:00,39.64,,France,0.17,Credit Card,,Apparel,Online,Returned,FedEx,,Medium
703857,SKU_1569,Office Chair,-27,2021-02-19 01:00,68.57,,Norway,0.19,Bank Transfer,,Stationery,Online,Not Returned,Royal Mail,,Medium
284100,SKU_1842,Notebook,-47,2021-02-19 16:00,-97.45,,Spain,1.9808715475250305,Credit Card,,Electronics,Online,Not Returned,DHL,,Medium
346301,SKU_1281,T-shirt,-42,2021-02-20 04:00,-95.8,,Netherlands,1.0115382178438588,Credit Card,,Accessories,Online,Not Returned,Royal Mail,,Low
292941,SKU_1089,Desk Lamp,36,2021-02-20 14:00,26.32,,Norway,0.1,Credit Card,23.13,Apparel,In-store,Not Returned,FedEx,,Low
838925,SKU_1283,Backpack,1,2021-02-21 08:00,69.17,,United Kingdom,0.1,Credit Card,6.93,Accessories,Online,Not Returned,Royal Mail,,High
347113,SKU_1504,Blue Pen,31,2021-02-21 12:00,73.99,,Sweden,0.15,Credit Card,16.67,Stationery,In-store,Not Returned,FedEx,London,Medium
508548,SKU_1491,Wall Clock,26,2021-02-21 18:00,66.11,,France,0.16,paypall,16.72,Furniture,Online,Not Returned,FedEx,Rome,Low
683526,SKU_1798,Office Chair,42,2021-02-22 18:00,28.11,,Italy,0.36,paypall,5.74,Accessories,In-store,Returned,DHL,,Medium
476295,SKU_1131,Blue Pen,44,2021-02-23 18:00,85.93,,Australia,0.22,Credit Card,26.3,Electronics,In-store,Not Returned,FedEx,,High
762222,SKU_1551,Blue Pen,-4,2021-02-23 23:00,-75.19,,Germany,1.9859612535096771,Credit Card,,Accessories,In-store,Not Returned,FedEx,,High
131826,SKU_1389,Wireless Mouse,-16,2021-02-24 09:00,52.89,,Australia,0.25,paypall,,Electronics,Online,Returned,Royal Mail,,High
696649,SKU_1274,White Mug,-13,2021-02-24 12:00,-19.46,,United Kingdom,1.2925658381406817,Bank Transfer,,Apparel,In-store,Not Returned,UPS,,Medium
791150,SKU_1248,Headphones,42,2021-02-25 11:00,94.36,,Spain,0.46,Credit Card,18.12,Electronics,In-store,Not Returned,UPS,Rome,Medium
506491,SKU_1606,Wall Clock,-5,2021-02-26 18:00,-57.41,,United Kingdom,1.7649023877901595,Bank Transfer,,Stationery,Online,Not Returned,DHL,,Medium
880237,SKU_1835,T-shirt,-5,2021-02-27 01:00,-3.58,,Belgium,0.5,Credit Card,,Accessories,In-store,Returned,DHL,,Low
195335,SKU_1638,Headphones,-23,2021-02-27 11:00,-28.15,,Germany,1.4946914022095188,Credit Card,,Electronics,Online,Not Returned,DHL,,Low
453153,SKU_1065,Wireless Mouse,45,2021-02-27 23:00,64.78,,Netherlands,0.01,paypall,11.81,Furniture,In-store,Not Returned,UPS,Berlin,Low
680305,SKU_1139,USB Cable,9,2021-03-01 02:00,61.49,,Portugal,0.4,paypall,11.97,Furniture,Online,Not Returned,DHL,,High
181199,SKU_1433,Backpack,34,2021-03-02 15:00,87.53,,Portugal,0.25,Credit Card,25.45,Furniture,Online,Not Returned,UPS,London,Medium
885216,SKU_1227,Wireless Mouse,29,2021-03-02 16:00,85.99,,Italy,0.5,paypall,14.38,Electronics,Online,Not Returned,DHL,,Low
199764,SKU_1614,Office Chair,46,2021-03-02 17:00,48.19,,Australia,0.27,Credit Card,23.36,Accessories,Online,Not Returned,UPS,Amsterdam,High
116939,SKU_1547,Office Chair,-35,2021-03-03 06:00,99.17,,Belgium,0.47,paypall,,Accessories,Online,Not Returned,Royal Mail,,High
367201,SKU_1780,Backpack,49,2021-03-03 15:00,69.04,,Spain,0.31,paypall,20.8,Apparel,In-store,Not Returned,UPS,,High
579498,SKU_1804,Blue Pen,22,2021-03-03 23:00,39.77,,Italy,0.28,paypall,15.01,Apparel,Online,Returned,UPS,,Low
548934,SKU_1324,Backpack,-50,2021-03-04 07:00,-18.45,,Netherlands,0.07,Bank Transfer,,Furniture,Online,Returned,UPS,,Low
961864,SKU_1016,T-shirt,15,2021-03-05 15:00,81.74,,Spain,0.36,Bank Transfer,9.24,Apparel,In-store,Not Returned,UPS,Berlin,Low
455933,SKU_1800,Desk Lamp,-34,2021-03-06 04:00,58.22,,France,0.21,paypall,,Electronics,Online,Not Returned,Royal Mail,,High
188780,SKU_1585,Wireless Mouse,-5,2021-03-07 03:00,14.06,,Germany,0.31,Credit Card,,Stationery,In-store,Not Returned,DHL,,Low
254591,SKU_1241,Backpack,-9,2021-03-07 21:00,-36.43,,United States,1.8352574184049608,Bank Transfer,,Accessories,Online,Not Returned,UPS,,Medium
150248,SKU_1150,Desk Lamp,33,2021-03-09 21:00,70.4,,Belgium,0.06,Credit Card,11.49,Electronics,In-store,Not Returned,FedEx,Paris,High
340346,SKU_1381,Notebook,1,2021-03-10 01:00,26.54,,Australia,0.33,Bank Transfer,7.36,Stationery,Online,Returned,FedEx,Rome,Low
764164,SKU_1719,Wireless Mouse,-12,2021-03-10 05:00,-40.08,,United Kingdom,0.22,Credit Card,,Electronics,Online,Not Returned,Royal Mail,,Low
391736,SKU_1859,Office Chair,-41,2021-03-10 08:00,-59.6,,Norway,1.6733446785263948,paypall,,Electronics,Online,Not Returned,Royal Mail,,Medium
821754,SKU_1007,Notebook,11,2021-03-10 14:00,12.59,,Sweden,0.31,paypall,21.03,Furniture,In-store,Not Returned,DHL,,Medium
144912,SKU_1689,Desk Lamp,-23,2021-03-10 20:00,36.13,,Italy,0.11,Credit Card,,Apparel,In-store,Not Returned,DHL,,Low
801433,SKU_1545,Notebook,-43,2021-03-11 01:00,-24.79,,United States,0.06,Bank Transfer,,Stationery,Online,Returned,Royal Mail,,Low
352712,SKU_1981,Notebook,48,2021-03-11 13:00,41.31,,United Kingdom,0.09,paypall,14.91,Furniture,In-store,Not Returned,DHL,Paris,Medium
390395,SKU_1489,Wall Clock,26,2021-03-11 20:00,9.01,,Netherlands,0.39,paypall,7.08,Stationery,In-store,Returned,DHL,,High
572032,SKU_1927,Headphones,-48,2021-03-12 01:00,-91.2,,Sweden,0.34,Bank Transfer,,Furniture,Online,Returned,Royal Mail,,Low
115385,SKU_1770,Desk Lamp,18,2021-03-12 10:00,62.43,,France,0.07,paypall,9.41,Electronics,Online,Not Returned,UPS,London,Medium
951853,SKU_1952,Office Chair,44,2021-03-12 12:00,45.42,,Germany,0.09,Credit Card,17.17,Apparel,In-store,Not Returned,UPS,,High
234585,SKU_1967,Office Chair,39,2021-03-13 03:00,50.98,,Netherlands,0.4,Credit Card,25.87,Furniture,Online,Not Returned,UPS,,Medium
835733,SKU_1096,Blue Pen,17,2021-03-13 08:00,97.18,,France,0.46,Credit Card,15.94,Accessories,In-store,Not Returned,Royal Mail,Paris,Low
731121,SKU_1008,Backpack,-50,2021-03-13 12:00,52.6,,Australia,0.49,Credit Card,,Accessories,In-store,Not Returned,Royal Mail,,Medium
681768,SKU_1429,White Mug,-43,2021-03-13 16:00,-24.03,,Australia,0.17,paypall,,Accessories,Online,Not Returned,Royal Mail,,Low
764467,SKU_1673,Backpack,43,2021-03-13 20:00,14.03,,Belgium,0.4,paypall,21.45,Stationery,In-store,Returned,FedEx,Paris,Low
103435,SKU_1685,USB Cable,17,2021-03-14 21:00,15.87,,Italy,0.4,paypall,15.62,Furniture,Online,Returned,UPS,,High
260014,SKU_1598,T-shirt,-45,2021-03-15 00:00,23.41,,Belgium,0.04,Bank Transfer,,Electronics,Online,Not Returned,FedEx,,High
812917,SKU_1632,Desk Lamp,-44,2021-03-15 03:00,98.28,,Germany,0.29,Credit Card,,Accessories,Online,Not Returned,FedEx,,Medium
961596,SKU_1951,Notebook,-7,2021-03-15 16:00,-6.04,,France,1.2346894150426853,Credit Card,,Stationery,Online,Not Returned,FedEx,,Medium
440362,SKU_1326,T-shirt,-47,2021-03-16 05:00,7.94,,Australia,0.09,Credit Card,,Electronics,Online,Not Returned,UPS,,Low
745099,SKU_1146,Headphones,-15,2021-03-17 02:00,-59.6,,France,1.7725788372160325,Bank Transfer,,Accessories,Online,Not Returned,FedEx,,Medium
948689,SKU_1964,Backpack,-49,2021-03-17 03:00,-53.17,,Sweden,1.7802199243051715,Credit Card,,Furniture,Online,Not Returned,FedEx,,Low
749179,SKU_1103,Wireless Mouse,31,2021-03-17 07:00,52.51,,France,0.28,Credit Card,12.92,Stationery,Online,Not Returned,Royal Mail,,Medium
879085,SKU_1552,Office Chair,-18,2021-03-17 08:00,52.34,,France,0.4,paypall,,Electronics,Online,Not Returned,DHL,,Medium
656664,SKU_1761,Office Chair,-15,2021-03-17 11:00,16.62,,Australia,0.09,Bank Transfer,,Electronics,Online,Not Returned,FedEx,,Low
671025,SKU_1330,Headphones,33,2021-03-17 16:00,20.77,,Belgium,0.35,paypall,17.15,Furniture,In-store,Returned,FedEx,Paris,Medium
598782,SKU_1984,White Mug,37,2021-03-18 00:00,22.77,,Belgium,0.11,Credit Card,21.72,Furniture,Online,Not Returned,UPS,London,Medium
363685,SKU_1083,Desk Lamp,35,2021-03-18 01:00,58.14,85979.0,Spain,0.38,Bank Transfer,18.75,Stationery,In-store,Not Returned,FedEx,Rome,High
464939,SKU_1264,Headphones,-28,2021-03-18 05:00,62.62,,Belgium,0.09,paypall,,Accessories,Online,Not Returned,UPS,,Low
930445,SKU_1860,Headphones,10,2021-03-18 22:00,46.89,,Italy,0.32,Bank Transfer,28.93,Furniture,Online,Not Returned,Royal Mail,,Medium
652197,SKU_1541,Notebook,4,2021-03-19 00:00,23.58,,Netherlands,0.15,Bank Transfer,6.87,Electronics,In-store,Not Returned,FedEx,Berlin,Medium
257541,SKU_1355,Headphones,-44,2021-03-19 04:00,-15.69,,Australia,1.3525576370872914,paypall,,Electronics,Online,Not Returned,FedEx,,Medium
755915,SKU_1323,T-shirt,33,2021-03-19 12:00,71.45,,Australia,0.44,paypall,10.31,Apparel,In-store,Not Returned,FedEx,Berlin,Low
471687,SKU_1595,Notebook,-38,2021-03-19 16:00,-70.72,,United Kingdom,1.9596978441606243,paypall,,Accessories,In-store,Not Returned,UPS,,Low
679844,SKU_1529,Headphones,-37,2021-03-20 19:00,-24.32,,Netherlands,1.7962294165950363,Bank Transfer,,Electronics,Online,Not Returned,DHL,,High
526976,SKU_1484,Desk Lamp,13,2021-03-20 20:00,40.86,,Portugal,0.21,paypall,21.72,Stationery,In-store,Not Returned,DHL,Amsterdam,Low
946462,SKU_1244,Headphones,43,2021-03-21 09:00,27.78,,United Kingdom,0.08,Credit Card,28.91,Apparel,In-store,Not Returned,Royal Mail,Paris,Medium
601477,SKU_1577,Wall Clock,23,2021-03-22 04:00,92.9,,Norway,0.26,paypall,9.96,Furniture,In-store,Not Returned,DHL,Amsterdam,Medium
848294,SKU_1819,Office Chair,-5,2021-03-22 19:00,94.54,,United States,0.19,Credit Card,,Furniture,In-store,Not Returned,Royal Mail,,Low
600850,SKU_1185,Headphones,28,2021-03-23 06:00,40.7,,Sweden,0.23,Credit Card,28.12,Accessories,In-store,Returned,Royal Mail,Paris,High
214897,SKU_1275,USB Cable,-13,2021-03-23 07:00,-81.66,,Norway,0.22,paypall,,Furniture,Online,Not Returned,DHL,,Low
704019,SKU_1476,Blue Pen,13,2021-03-23 13:00,9.23,,Portugal,0.46,paypall,28.53,Stationery,Online,Returned,FedEx,Amsterdam,Low
605421,SKU_1828,Desk Lamp,-17,2021-03-23 14:00,-26.93,,Sweden,1.1627153573079103,Bank Transfer,,Accessories,In-store,Returned,Royal Mail,,High
217798,SKU_1851,Wall Clock,6,2021-03-23 18:00,82.26,,Italy,0.08,Credit Card,17.2,Furniture,In-store,Not Returned,DHL,Rome,High
410258,SKU_1615,Wireless Mouse,21,2021-03-24 03:00,43.56,,United States,0.21,Bank Transfer,28.63,Furniture,In-store,Not Returned,Royal Mail,Paris,Low
616379,SKU_1509,Notebook,-36,2021-03-24 06:00,-86.75,,United Kingdom,0.27,paypall,,Apparel,In-store,Not Returned,Royal Mail,,High
908062,SKU_1009,Backpack,-32,2021-03-26 01:00,-16.56,,France,1.1595852789858254,paypall,,Furniture,Online,Not Returned,Royal Mail,,High
992007,SKU_1624,Notebook,29,2021-03-26 02:00,79.84,,Spain,0.44,Bank Transfer,28.85,Stationery,Online,Not Returned,FedEx,London,High
167359,SKU_1906,Office Chair,5,2021-03-26 10:00,58.99,,Portugal,0.2,Credit Card,10.53,Apparel,Online,Not Returned,FedEx,,High
704596,SKU_1932,Headphones,38,2021-03-26 22:00,77.13,,Germany,0.3,paypall,6.04,Furniture,Online,Not Returned,DHL,Rome,Low
500706,SKU_1129,USB Cable,23,2021-03-27 03:00,85.4,,Netherlands,0.19,Credit Card,20.55,Apparel,In-store,Not Returned,Royal Mail,,Low
862557,SKU_1178,Notebook,-6,2021-03-27 05:00,92.16,,Netherlands,0.26,Bank Transfer,,Furniture,In-store,Not Returned,FedEx,,Medium
996650,SKU_1531,Wireless Mouse,9,2021-03-27 11:00,38.87,,Portugal,0.48,Credit Card,13.25,Electronics,In-store,Not Returned,UPS,,Medium
390655,SKU_1651,Notebook,46,2021-03-28 01:00,40.28,,Netherlands,0.43,Bank Transfer,10.82,Accessories,In-store,Not Returned,DHL,Rome,Low
464206,SKU_1356,Office Chair,-3,2021-03-28 05:00,-96.41,,United States,1.9220077002237124,Credit Card,,Accessories,Online,Not Returned,DHL,,Low
634580,SKU_1434,Desk Lamp,17,2021-03-29 18:00,2.59,,France,0.11,Credit Card,27.76,Stationery,Online,Not Returned,FedEx,Berlin,High
721747,SKU_1450,Backpack,23,2021-03-30 05:00,97.81,,Netherlands,0.33,Bank Transfer,27.56,Stationery,Online,Not Returned,DHL,London,High
395103,SKU_1104,Headphones,-9,2021-03-30 19:00,82.87,,United States,0.3,Bank Transfer,,Furniture,Online,Not Returned,UPS,,High
192091,SKU_1913,T-shirt,-2,2021-04-01 01:00,-94.11,,Germany,1.1021503866933473,Bank Transfer,,Apparel,In-store,Not Returned,UPS,,Medium
198971,SKU_1908,Wireless Mouse,-1,2021-04-02 02:00,-41.6,,Italy,1.3792223256207672,paypall,,Electronics,In-store,Not Returned,FedEx,,Low
148113,SKU_1771,Blue Pen,49,2021-04-02 13:00,45.08,,Sweden,0.03,Credit Card,24.35,Accessories,Online,Not Returned,Royal Mail,Amsterdam,High
353807,SKU_1499,Desk Lamp,45,2021-04-03 00:00,30.76,,Norway,0.29,paypall,15.64,Electronics,Online,Not Returned,UPS,London,Low
783245,SKU_1425,Wireless Mouse,13,2021-04-03 01:00,2.01,,Belgium,0.46,Bank Transfer,10.99,Electronics,In-store,Not Returned,DHL,,Low
893327,SKU_1043,Desk Lamp,-29,2021-04-03 04:00,-19.87,,United States,1.853706516057824,paypall,,Electronics,In-store,Not Returned,FedEx,,High
646894,SKU_1044,Office Chair,9,2021-04-04 12:00,2.46,,Sweden,0.06,paypall,17.38,Furniture,Online,Not Returned,FedEx,,Low
212223,SKU_1960,T-shirt,19,2021-04-04 16:00,84.69,,Sweden,0.09,Bank Transfer,25.39,Accessories,Online,Not Returned,FedEx,Paris,Medium
267567,SKU_1895,White Mug,-14,2021-04-05 08:00,-70.07,,Germany,1.875967989471864,Credit Card,,Furniture,In-store,Not Returned,UPS,,Low
431065,SKU_1659,Headphones,16,2021-04-05 22:00,8.63,,Italy,0.2,Bank Transfer,21.26,Apparel,Online,Not Returned,Royal Mail,Amsterdam,Medium
861269,SKU_1827,Wireless Mouse,21,2021-04-06 01:00,58.62,,Australia,0.07,Bank Transfer,12.52,Accessories,Online,Returned,FedEx,,Medium
663889,SKU_1870,T-shirt,9,2021-04-06 12:00,31.83,,United States,0.43,Credit Card,18.59,Electronics,Online,Not Returned,FedEx,Paris,Low
935544,SKU_1282,T-shirt,-22,2021-04-07 08:00,-58.54,,Spain,0.31,Bank Transfer,,Accessories,Online,Not Returned,UPS,,Low
832154,SKU_1672,Blue Pen,-28,2021-04-07 11:00,-56.5,,Spain,1.685367401823168,paypall,,Accessories,In-store,Returned,Royal Mail,,Low
380752,SKU_1498,Headphones,39,2021-04-08 07:00,45.91,,Spain,0.25,Credit Card,27.97,Stationery,In-store,Not Returned,FedEx,London,Medium
812585,SKU_1953,USB Cable,6,2021-04-08 09:00,17.96,,Netherlands,0.39,Credit Card,15.99,Stationery,Online,Not Returned,FedEx,Rome,Low
379365,SKU_1505,Backpack,-36,2021-04-08 12:00,-61.62,,Spain,1.3025617460558934,Bank Transfer,,Stationery,Online,Not Returned,UPS,,High
145591,SKU_1499,White Mug,-36,2021-04-10 08:00,-97.95,,Netherlands,1.7509424557587487,Bank Transfer,,Accessories,Online,Not Returned,DHL,,Low
199862,SKU_1235,Notebook,46,2021-04-11 05:00,81.04,,United Kingdom,0.35,Bank Transfer,12.62,Accessories,In-store,Not Returned,DHL,Berlin,Medium
322603,SKU_1665,Wall Clock,20,2021-04-11 12:00,36.86,,Portugal,0.45,paypall,6.2,Furniture,Online,Not Returned,Royal Mail,,High
437766,SKU_1311,Desk Lamp,43,2021-04-12 02:00,24.09,,Portugal,0.41,Credit Card,23.88,Stationery,Online,Not Returned,DHL,Amsterdam,High
650730,SKU_1229,T-shirt,36,2021-04-12 04:00,54.59,,Portugal,0.4,Credit Card,25.86,Stationery,Online,Not Returned,Royal Mail,London,High
891494,SKU_1587,USB Cable,28,2021-04-12 17:00,86.81,,United States,0.1,Bank Transfer,16.77,Accessories,Online,Not Returned,FedEx,London,Medium
379100,SKU_1081,Backpack,31,2021-04-13 03:00,72.13,,Australia,0.35,Credit Card,19.81,Apparel,In-store,Not Returned,FedEx,,Medium
539628,SKU_1249,Headphones,-13,2021-04-14 09:00,8.36,,Netherlands,0.49,Bank Transfer,,Apparel,Online,Not Returned,UPS,,Low
787810,SKU_1231,Wireless Mouse,-39,2021-04-14 14:00,42.22,,Portugal,0.12,Credit Card,,Accessories,Online,Not Returned,UPS,,Medium
976198,SKU_1959,T-shirt,-16,2021-04-15 17:00,-49.42,,Australia,1.8756647256950565,paypall,,Furniture,Online,Not Returned,DHL,,High
426944,SKU_1685,Wireless Mouse,-7,2021-04-16 23:00,-11.13,,Australia,1.3338438237757215,Credit Card,,Apparel,In-store,Not Returned,FedEx,,Medium
309272,SKU_1180,Notebook,3,2021-04-17 03:00,89.35,,Sweden,0.4,Bank Transfer,11.12,Electronics,In-store,Not Returned,DHL,Rome,Low
227602,SKU_1250,Office Chair,-10,2021-04-17 07:00,-96.5,,France,0.14,Credit Card,,Apparel,In-store,Not Returned,FedEx,,High
293691,SKU_1286,USB Cable,10,2021-04-17 14:00,31.42,,Australia,0.34,Credit Card,17.33,Furniture,In-store,Not Returned,Royal Mail,,High
988407,SKU_1333,White Mug,-26,2021-04-18 21:00,-2.24,,Portugal,1.7791357659608629,Bank Transfer,,Apparel,In-store,Not Returned,UPS,,Low
933711,SKU_1568,Wall Clock,-43,2021-04-19 04:00,77.83,,Sweden,0.33,paypall,,Apparel,Online,Not Returned,DHL,,Low
754986,SKU_1275,Desk Lamp,8,2021-04-19 22:00,90.7,,Portugal,0.35,paypall,9.88,Stationery,In-store,Not Returned,DHL,Rome,High
547628,SKU_1011,Blue Pen,-47,2021-04-20 01:00,-60.51,,Sweden,0.45,paypall,,Stationery,In-store,Not Returned,FedEx,,Low
160561,SKU_1492,White Mug,16,2021-04-20 02:00,83.04,,Belgium,0.31,Bank Transfer,27.24,Apparel,In-store,Not Returned,DHL,Amsterdam,Medium
735960,SKU_1275,T-shirt,14,2021-04-21 03:00,50.28,,United States,0.22,Credit Card,29.06,Apparel,In-store,Not Returned,DHL,,Medium
567543,SKU_1532,Office Chair,-44,2021-04-21 12:00,-45.23,,United Kingdom,1.1518912627493336,paypall,,Apparel,In-store,Not Returned,DHL,,Low
973216,SKU_1829,USB Cable,-1,2021-04-22 01:00,-69.97,,Italy,1.2242182008012423,paypall,,Apparel,In-store,Not Returned,UPS,,Low
135282,SKU_1270,Office Chair,4,2021-04-22 02:00,42.67,,United States,0.35,Credit Card,26.26,Furniture,In-store,Not Returned,FedEx,Paris,Medium
947959,SKU_1652,Headphones,49,2021-04-22 09:00,66.93,,Norway,0.04,Bank Transfer,7.61,Stationery,Online,Not Returned,FedEx,Rome,Low
920509,SKU_1192,T-shirt,-36,2021-04-22 15:00,15.26,,Belgium,0.32,Credit Card,,Furniture,Online,Returned,FedEx,,Low
288726,SKU_1540,Headphones,-50,2021-04-23 02:00,-96.11,,France,0.05,paypall,,Accessories,Online,Not Returned,DHL,,High
314223,SKU_1207,Wall Clock,8,2021-04-23 04:00,25.55,,Portugal,0.17,Bank Transfer,17.38,Electronics,Online,Not Returned,DHL,Amsterdam,Low
996716,SKU_1348,Blue Pen,-23,2021-04-23 05:00,-89.92,,Norway,1.351832899938478,Credit Card,,Furniture,Online,Not Returned,DHL,,High
387906,SKU_1607,Wireless Mouse,-47,2021-04-23 15:00,19.03,,Portugal,0.14,Credit Card,,Accessories,Online,Not Returned,UPS,,Low
523206,SKU_1613,Headphones,46,2021-04-23 22:00,86.52,,United States,0.16,paypall,9.29,Furniture,Online,Not Returned,FedEx,,High
461756,SKU_1324,T-shirt,-6,2021-04-24 01:00,53.0,,Australia,0.24,Bank Transfer,,Accessories,Online,Not Returned,DHL,,High
215074,SKU_1405,Backpack,13,2021-04-24 03:00,67.6,,United Kingdom,0.46,Bank Transfer,21.71,Stationery,Online,Returned,DHL,Berlin,Medium
254030,SKU_1353,White Mug,-9,2021-04-24 08:00,67.59,,Norway,0.01,paypall,,Stationery,Online,Not Returned,UPS,,Medium
496848,SKU_1760,Office Chair,-13,2021-04-25 07:00,-39.49,,Belgium,1.1079411222884996,paypall,,Furniture,In-store,Not Returned,FedEx,,High
483331,SKU_1896,USB Cable,13,2021-04-25 12:00,82.76,,Germany,0.34,Bank Transfer,15.93,Accessories,Online,Not Returned,DHL,,Low
149297,SKU_1544,Notebook,25,2021-04-25 21:00,6.22,,Australia,0.49,Bank Transfer,6.92,Accessories,Online,Not Returned,DHL,,High
392552,SKU_1161,Blue Pen,-16,2021-04-26 02:00,-89.6,,Spain,1.8449727093602144,paypall,,Electronics,In-store,Not Returned,FedEx,,High
764197,SKU_1089,Blue Pen,-46,2021-04-26 03:00,-35.01,,Australia,0.26,Bank Transfer,,Furniture,Online,Not Returned,FedEx,,Low
193190,SKU_1405,White Mug,-8,2021-04-26 06:00,49.07,,United States,0.3,Bank Transfer,,Apparel,Online,Not Returned,UPS,,High
871272,SKU_1118,White Mug,48,2021-04-28 00:00,22.61,,United Kingdom,0.18,Bank Transfer,7.69,Stationery,In-store,Not Returned,DHL,,Medium
681154,SKU_1955,Backpack,-4,2021-04-28 02:00,22.35,,Netherlands,0.15,Credit Card,,Apparel,In-store,Not Returned,Royal Mail,,Medium
353564,SKU_1841,Notebook,-20,2021-04-28 05:00,-40.57,,Italy,1.3463916611245,paypall,,Stationery,Online,Not Returned,Royal Mail,,Low
870488,SKU_1542,USB Cable,49,2021-04-28 13:00,89.59,,Spain,0.06,Credit Card,22.42,Electronics,In-store,Not Returned,DHL,,High
310536,SKU_1271,T-shirt,39,2021-04-28 15:00,62.22,,Sweden,0.13,Credit Card,18.39,Electronics,Online,Not Returned,FedEx,,Low
617400,SKU_1842,Blue Pen,-8,2021-04-29 01:00,-42.67,,Spain,1.7782989672628888,Bank Transfer,,Furniture,Online,Not Returned,UPS,,Low
931080,SKU_1690,Notebook,-28,2021-04-29 03:00,-68.95,,Belgium,1.5436977796733364,paypall,,Electronics,In-store,Not Returned,Royal Mail,,Low
230334,SKU_1941,Office Chair,-27,2021-04-29 16:00,-68.97,,United Kingdom,0.16,Credit Card,,Accessories,In-store,Not Returned,FedEx,,Medium
511811,SKU_1245,T-shirt,-31,2021-04-29 20:00,-4.12,,Australia,1.4498197379727744,Credit Card,,Accessories,Online,Not Returned,FedEx,,Medium
752315,SKU_1281,Headphones,40,2021-04-30 05:00,19.89,,United States,0.16,Credit Card,5.7,Apparel,Online,Not Returned,UPS,London,Medium
527686,SKU_1255,Wall Clock,34,2021-04-30 20:00,57.32,,Portugal,0.18,Bank Transfer,14.34,Accessories,In-store,Not Returned,DHL,Paris,High
249457,SKU_1747,Headphones,47,2021-04-30 21:00,88.01,,Portugal,0.1,paypall,7.21,Furniture,In-store,Not Returned,Royal Mail,,Medium
181238,SKU_1634,White Mug,12,2021-05-01 04:00,94.27,61539.0,Sweden,0.06,paypall,9.99,Electronics,Online,Not Returned,UPS,London,Medium
794651,SKU_1400,Backpack,-7,2021-05-01 06:00,-30.65,,United Kingdom,1.436802536537754,Credit Card,,Accessories,Online,Not Returned,Royal Mail,,Low
637732,SKU_1737,Wall Clock,-34,2021-05-01 18:00,-96.33,,Portugal,0.14,paypall,,Accessories,Online,Not Returned,Royal Mail,,Medium
394366,SKU_1161,Wall Clock,-42,2021-05-02 23:00,-83.51,,United Kingdom,0.23,Bank Transfer,,Electronics,In-store,Not Returned,UPS,,Low
998633,SKU_1346,Blue Pen,-47,2021-05-03 20:00,-80.77,,Italy,1.882866162442677,Bank Transfer,,Stationery,In-store,Not Returned,UPS,,High
709557,SKU_1198,Desk Lamp,23,2021-05-03 22:00,21.49,,Sweden,0.47,Credit Card,26.85,Electronics,In-store,Not Returned,Royal Mail,Paris,Medium
261792,SKU_1644,Headphones,-14,2021-05-04 06:00,-87.7,,Spain,1.4370884590971094,Credit Card,,Electronics,Online,Returned,DHL,,High
942667,SKU_1583,Headphones,-6,2021-05-04 13:00,-84.87,,United Kingdom,1.1669535426716886,Bank Transfer,,Electronics,Online,Not Returned,DHL,,Low
678725,SKU_1669,Desk Lamp,47,2021-05-04 21:00,63.04,,Germany,0.2,Bank Transfer,28.53,Accessories,Online,Returned,DHL,,Low
952756,SKU_1615,White Mug,31,2021-05-05 02:00,20.4,,Germany,0.21,paypall,16.21,Electronics,Online,Not Returned,FedEx,Amsterdam,Medium
879117,SKU_1844,Backpack,19,2021-05-05 11:00,92.46,,United Kingdom,0.25,paypall,28.47,Accessories,Online,Not Returned,FedEx,,Medium
581438,SKU_1156,White Mug,43,2021-05-06 22:00,97.99,,France,0.46,Credit Card,23.37,Apparel,In-store,Not Returned,UPS,,Low
425145,SKU_1630,Notebook,8,2021-05-06 23:00,15.78,,Sweden,0.09,Bank Transfer,26.2,Furniture,In-store,Not Returned,UPS,London,Low
174408,SKU_1264,Headphones,-11,2021-05-07 13:00,44.69,,Spain,0.25,Credit Card,,Apparel,In-store,Returned,Royal Mail,,Medium
999751,SKU_1060,Wall Clock,29,2021-05-08 00:00,52.72,,United Kingdom,0.3,Credit Card,9.6,Apparel,Online,Not Returned,FedEx,Amsterdam,Low
716552,SKU_1330,Desk Lamp,-15,2021-05-08 04:00,-26.23,,Australia,1.1231828100915413,paypall,,Electronics,Online,Not Returned,FedEx,,High
989213,SKU_1353,Wall Clock,29,2021-05-08 11:00,44.31,,United Kingdom,0.38,Credit Card,8.38,Stationery,In-store,Not Returned,DHL,Rome,Low
910658,SKU_1897,Backpack,-12,2021-05-08 20:00,43.76,,Sweden,0.48,paypall,,Apparel,In-store,Not Returned,DHL,,Medium
715837,SKU_1828,USB Cable,47,2021-05-09 12:00,60.34,,United Kingdom,0.3,Credit Card,5.13,Stationery,Online,Not Returned,Royal Mail,Amsterdam,Low
755362,SKU_1424,Backpack,-4,2021-05-09 19:00,19.98,,Sweden,0.34,Credit Card,,Furniture,In-store,Not Returned,FedEx,,High
587335,SKU_1447,Blue Pen,-17,2021-05-10 22:00,-46.9,,Belgium,0.0,Credit Card,,Stationery,In-store,Not Returned,Royal Mail,,Medium
820989,SKU_1533,Desk Lamp,48,2021-05-11 00:00,33.3,,Sweden,0.13,Bank Transfer,19.86,Furniture,Online,Not Returned,Royal Mail,Berlin,High
463435,SKU_1823,T-shirt,-42,2021-05-11 01:00,-6.36,,Australia,1.2906525499029131,paypall,,Accessories,In-store,Not Returned,FedEx,,Low
794779,SKU_1768,Blue Pen,-39,2021-05-11 07:00,37.17,,France,0.29,paypall,,Electronics,Online,Not Returned,DHL,,Low
617561,SKU_1967,USB Cable,17,2021-05-12 05:00,97.06,,United States,0.08,paypall,8.32,Stationery,Online,Not Returned,Royal Mail,Berlin,Low
465088,SKU_1073,Headphones,-45,2021-05-12 19:00,17.89,,Norway,0.14,Bank Transfer,,Electronics,In-store,Not Returned,Royal Mail,,Low
578096,SKU_1364,Desk Lamp,41,2021-05-12 20:00,85.15,,Sweden,0.34,paypall,10.75,Accessories,Online,Not Returned,FedEx,,High
796362,SKU_1043,Blue Pen,1,2021-05-13 08:00,46.4,,United States,0.09,Bank Transfer,14.11,Stationery,Online,Not Returned,FedEx,London,High
187502,SKU_1239,Office Chair,-32,2021-05-14 11:00,75.65,,Spain,0.4,paypall,,Furniture,Online,Not Returned,DHL,,High
289400,SKU_1615,T-shirt,28,2021-05-15 01:00,20.21,,United Kingdom,0.44,Credit Card,24.19,Furniture,In-store,Not Returned,DHL,London,Low
971061,SKU_1201,Office Chair,41,2021-05-16 00:00,39.49,,Belgium,0.08,Credit Card,5.74,Electronics,Online,Not Returned,FedEx,Rome,High
732529,SKU_1245,White Mug,47,2021-05-16 06:00,37.67,,Belgium,0.4,Credit Card,24.72,Accessories,Online,Not Returned,Royal Mail,,Medium
269446,SKU_1622,Backpack,-11,2021-05-16 13:00,57.71,,Italy,0.15,Credit Card,,Stationery,In-store,Not Returned,Royal Mail,,Low
827662,SKU_1498,T-shirt,38,2021-05-16 14:00,22.45,,France,0.34,Credit Card,26.42,Furniture,Online,Not Returned,FedEx,Paris,High
594209,SKU_1634,Wireless Mouse,-6,2021-05-17 10:00,-69.68,,Spain,1.7015662378263636,paypall,,Electronics,In-store,Not Returned,FedEx,,Low
951980,SKU_1408,Wall Clock,-11,2021-05-17 17:00,56.55,,Netherlands,0.32,paypall,,Furniture,In-store,Not Returned,DHL,,Medium
712082,SKU_1232,Notebook,-5,2021-05-18 18:00,-30.13,,Norway,1.306450970148768,Bank Transfer,,Accessories,Online,Returned,Royal Mail,,Medium
728203,SKU_1124,T-shirt,26,2021-05-19 07:00,55.73,,Portugal,0.14,paypall,11.61,Accessories,Online,Returned,FedEx,Paris,Medium
820217,SKU_1165,Blue Pen,47,2021-05-20 20:00,4.54,,Italy,0.15,Credit Card,10.7,Furniture,In-store,Not Returned,DHL,,Low
871769,SKU_1476,Wall Clock,29,2021-05-20 21:00,53.45,,Norway,0.36,Credit Card,27.26,Stationery,Online,Not Returned,Royal Mail,Amsterdam,Low
909052,SKU_1614,USB Cable,-11,2021-05-22 01:00,-99.39,,Australia,1.5494901006251776,Bank Transfer,,Accessories,Online,Not Returned,FedEx,,Low
787318,SKU_1850,White Mug,26,2021-05-22 11:00,71.69,,Norway,0.16,Bank Transfer,12.73,Accessories,Online,Not Returned,FedEx,,Low
269708,SKU_1813,Wall Clock,-24,2021-05-22 19:00,82.49,,Netherlands,0.16,Bank Transfer,,Electronics,In-store,Not Returned,FedEx,,Medium
975729,SKU_1324,Headphones,-49,2021-05-23 16:00,-62.66,,Italy,1.7565197972453113,paypall,,Electronics,In-store,Not Returned,Royal Mail,,Low
594649,SKU_1944,T-shirt,-10,2021-05-24 07:00,21.72,,Portugal,0.15,Credit Card,,Furniture,In-store,Not Returned,UPS,,High
602850,SKU_1691,USB Cable,-2,2021-05-24 17:00,-91.62,,Belgium,1.1788642356213177,Credit Card,,Apparel,Online,Not Returned,DHL,,Medium
825290,SKU_1003,USB Cable,-27,2021-05-24 19:00,-26.29,,Belgium,1.42574131236817,Bank Transfer,,Electronics,In-store,Not Returned,DHL,,Low
853241,SKU_1758,Office Chair,5,2021-05-26 02:00,37.13,,Spain,0.08,Credit Card,6.55,Electronics,Online,Not Returned,UPS,London,Low
834791,SKU_1267,Headphones,-44,2021-05-26 03:00,-8.35,,United Kingdom,0.05,Bank Transfer,,Stationery,In-store,Not Returned,Royal Mail,,Medium
946626,SKU_1497,USB Cable,33,2021-05-26 19:00,81.45,,Spain,0.11,Bank Transfer,15.9,Stationery,In-store,Not Returned,UPS,,High
163295,SKU_1148,Desk Lamp,-36,2021-05-26 21:00,-25.0,,Sweden,0.31,Credit Card,,Electronics,Online,Not Returned,DHL,,High
821075,SKU_1551,USB Cable,-33,2021-05-26 23:00,-64.92,,Germany,1.7312804169860594,Bank Transfer,,Stationery,In-store,Not Returned,FedEx,,Medium
621998,SKU_1923,Wireless Mouse,25,2021-05-27 02:00,73.14,,Sweden,0.39,Bank Transfer,21.78,Stationery,In-store,Returned,Royal Mail,London,High
475903,SKU_1771,Desk Lamp,2,2021-05-27 04:00,28.07,,United Kingdom,0.47,Bank Transfer,6.17,Furniture,In-store,Not Returned,DHL,,High
104507,SKU_1825,Notebook,6,2021-05-27 13:00,94.98,,United Kingdom,0.02,paypall,19.27,Accessories,Online,Not Returned,FedEx,Amsterdam,Low
491758,SKU_1700,Wireless Mouse,13,2021-05-27 19:00,20.36,,United Kingdom,0.44,Bank Transfer,20.34,Furniture,Online,Not Returned,DHL,Rome,High
546476,SKU_1275,Office Chair,-46,2021-05-28 23:00,-93.73,,Australia,0.35,Credit Card,,Stationery,Online,Not Returned,FedEx,,Medium
846258,SKU_1435,Backpack,24,2021-05-29 02:00,96.29,,United States,0.28,Credit Card,24.76,Apparel,Online,Not Returned,DHL,,Medium
697202,SKU_1244,Blue Pen,-11,2021-05-29 05:00,63.89,,France,0.44,paypall,,Accessories,In-store,Not Returned,FedEx,,Medium
335068,SKU_1555,Blue Pen,37,2021-05-29 14:00,8.96,,France,0.23,Credit Card,12.81,Stationery,Online,Not Returned,DHL,Amsterdam,Medium
562970,SKU_1913,Office Chair,-6,2021-05-29 15:00,-20.3,,Spain,0.25,paypall,,Apparel,In-store,Not Returned,DHL,,Medium
278168,SKU_1097,White Mug,-17,2021-05-29 22:00,-11.04,,Norway,0.23,paypall,,Accessories,In-store,Not Returned,Royal Mail,,High
426754,SKU_1942,Headphones,-7,2021-05-30 02:00,-49.55,,Germany,0.47,Bank Transfer,,Accessories,In-store,Not Returned,DHL,,High
944325,SKU_1503,T-shirt,10,2021-05-30 16:00,55.61,,Italy,0.09,paypall,9.06,Electronics,In-store,Not Returned,Royal Mail,,High
415594,SKU_1952,Office Chair,30,2021-05-31 19:00,87.62,,United Kingdom,0.36,Credit Card,8.6,Stationery,In-store,Not Returned,FedEx,,High
538598,SKU_1845,Office Chair,-30,2021-05-31 23:00,-7.59,,France,0.14,paypall,,Electronics,In-store,Not Returned,FedEx,,Medium
656823,SKU_1518,Office Chair,-36,2021-06-01 10:00,93.6,,Norway,0.26,Credit Card,,Stationery,In-store,Returned,UPS,,Medium
833307,SKU_1595,Office Chair,-26,2021-06-01 23:00,98.41,,Australia,0.18,Credit Card,,Accessories,In-store,Not Returned,FedEx,,Low
150893,SKU_1579,USB Cable,-48,2021-06-02 15:00,-94.29,,Germany,0.43,paypall,,Apparel,In-store,Not Returned,FedEx,,High
720501,SKU_1458,Backpack,-38,2021-06-03 13:00,-66.43,,United Kingdom,1.3045455722291477,Credit Card,,Furniture,In-store,Not Returned,UPS,,Medium
829274,SKU_1636,Notebook,17,2021-06-03 16:00,10.8,,Sweden,0.17,paypall,14.51,Stationery,Online,Not Returned,Royal Mail,,Low
205736,SKU_1916,Wall Clock,-9,2021-06-04 01:00,31.16,,Australia,0.3,paypall,,Stationery,Online,Not Returned,Royal Mail,,Low
512106,SKU_1257,T-shirt,17,2021-06-04 03:00,32.39,,Spain,0.39,Bank Transfer,19.54,Furniture,Online,Returned,Royal Mail,London,Medium
776044,SKU_1898,T-shirt,-21,2021-06-04 07:00,-64.5,,Spain,1.1449026082265157,Bank Transfer,,Accessories,In-store,Not Returned,FedEx,,Low
585077,SKU_1664,Desk Lamp,38,2021-06-04 08:00,96.49,,Germany,0.05,Credit Card,23.19,Electronics,In-store,Not Returned,Royal Mail,Paris,Low
901693,SKU_1043,Notebook,-8,2021-06-05 01:00,-92.44,,Italy,1.5737005479167248,Credit Card,,Furniture,Online,Not Returned,DHL,,Medium
975952,SKU_1808,White Mug,40,2021-06-05 20:00,24.48,,Germany,0.16,Credit Card,11.74,Stationery,In-store,Not Returned,DHL,,Medium
885838,SKU_1791,Desk Lamp,-35,2021-06-06 00:00,14.06,,Germany,0.02,Bank Transfer,,Apparel,Online,Not Returned,Royal Mail,,Low
952224,SKU_1867,Wireless Mouse,43,2021-06-06 11:00,35.17,,Netherlands,0.14,Credit Card,15.12,Electronics,Online,Not Returned,Royal Mail,,High
122076,SKU_1514,Wall Clock,14,2021-06-07 03:00,50.54,,Italy,0.18,paypall,13.39,Electronics,In-store,Not Returned,UPS,Paris,Low
992081,SKU_1066,Backpack,-16,2021-06-07 14:00,-9.64,,Portugal,1.6399078242356582,paypall,,Apparel,Online,Not Returned,UPS,,Low
857847,SKU_1880,Notebook,-16,2021-06-08 05:00,-33.56,,Portugal,0.44,paypall,,Apparel,In-store,Returned,DHL,,High
443822,SKU_1300,Wall Clock,-23,2021-06-08 13:00,-13.49,,Netherlands,1.5202816705207156,paypall,,Stationery,Online,Not Returned,UPS,,High
767861,SKU_1907,Headphones,-3,2021-06-08 17:00,87.21,,Netherlands,0.26,paypall,,Electronics,Online,Not Returned,Royal Mail,,High
999145,SKU_1986,Wall Clock,28,2021-06-08 18:00,38.83,,United States,0.28,Credit Card,10.08,Accessories,Online,Not Returned,FedEx,,Low
834665,SKU_1680,USB Cable,28,2021-06-09 09:00,10.27,,France,0.11,paypall,6.57,Accessories,In-store,Not Returned,UPS,,Medium
886166,SKU_1207,T-shirt,49,2021-06-09 13:00,37.0,,Norway,0.24,Credit Card,12.8,Apparel,Online,Not Returned,DHL,Paris,Medium
378910,SKU_1429,Wireless Mouse,-29,2021-06-09 23:00,41.64,,Belgium,0.34,Credit Card,,Accessories,In-store,Not Returned,FedEx,,Low
611714,SKU_1148,Office Chair,3,2021-06-10 04:00,45.67,,Norway,0.27,paypall,23.25,Electronics,Online,Not Returned,Royal Mail,,Medium
994576,SKU_1978,Blue Pen,-20,2021-06-10 11:00,-95.91,,Spain,1.7073008364454827,Bank Transfer,,Electronics,In-store,Not Returned,FedEx,,Medium
219119,SKU_1061,Blue Pen,-26,2021-06-10 15:00,79.42,,Norway,0.05,paypall,,Electronics,In-store,Not Returned,FedEx,,High
507124,SKU_1290,White Mug,38,2021-06-11 08:00,47.32,,Spain,0.15,paypall,7.42,Accessories,Online,Not Returned,DHL,,High
221292,SKU_1478,Wall Clock,-22,2021-06-11 11:00,-19.61,,Italy,1.6115077774593,paypall,,Furniture,Online,Not Returned,UPS,,Medium
462470,SKU_1080,T-shirt,13,2021-06-11 23:00,67.09,,Netherlands,0.22,paypall,8.85,Electronics,In-store,Returned,DHL,London,Low
663765,SKU_1937,Headphones,31,2021-06-12 08:00,12.0,,Belgium,0.33,Bank Transfer,28.87,Accessories,Online,Not Returned,UPS,,High
153024,SKU_1185,Blue Pen,49,2021-06-12 17:00,71.13,,Norway,0.45,Bank Transfer,22.88,Stationery,Online,Returned,DHL,Paris,Low
275183,SKU_1706,T-shirt,-25,2021-06-12 19:00,-83.66,,Australia,1.6980448911705666,paypall,,Stationery,In-store,Not Returned,DHL,,Low
869741,SKU_1032,T-shirt,-13,2021-06-13 06:00,54.22,,Belgium,0.04,Bank Transfer,,Apparel,In-store,Not Returned,Royal Mail,,High
892515,SKU_1815,Blue Pen,17,2021-06-14 12:00,80.32,,Australia,0.47,paypall,7.45,Apparel,In-store,Not Returned,DHL,Rome,Low
240547,SKU_1893,White Mug,-32,2021-06-15 13:00,-10.96,,United States,0.47,Bank Transfer,,Accessories,Online,Not Returned,Royal Mail,,Medium
961148,SKU_1763,T-shirt,33,2021-06-16 15:00,25.49,,Italy,0.2,Credit Card,16.27,Furniture,Online,Not Returned,Royal Mail,,Medium
826797,SKU_1020,Backpack,10,2021-06-16 20:00,86.28,,Sweden,0.19,paypall,8.77,Stationery,Online,Not Returned,DHL,Rome,Medium
890914,SKU_1307,Office Chair,5,2021-06-17 01:00,25.16,,Norway,0.02,paypall,11.05,Apparel,Online,Not Returned,Royal Mail,,Medium
760601,SKU_1743,Notebook,-48,2021-06-17 13:00,-33.25,,United States,0.32,paypall,,Stationery,Online,Not Returned,FedEx,,Low
961579,SKU_1112,Blue Pen,-36,2021-06-18 14:00,44.75,,Norway,0.09,Credit Card,,Apparel,Online,Not Returned,Royal Mail,,High
759510,SKU_1367,T-shirt,-3,2021-06-18 15:00,-80.75,,Australia,1.0498835245300209,paypall,,Furniture,In-store,Not Returned,Royal Mail,,Low
223351,SKU_1194,Backpack,-39,2021-06-19 08:00,56.19,,Germany,0.39,Bank Transfer,,Apparel,Online,Not Returned,UPS,,High
986146,SKU_1574,Office Chair,31,2021-06-19 11:00,62.95,,France,0.28,Bank Transfer,19.0,Stationery,In-store,Not Returned,FedEx,,High
120946,SKU_1547,USB Cable,17,2021-06-19 18:00,94.59,,Netherlands,0.39,paypall,8.94,Accessories,Online,Not Returned,FedEx,,Medium
720140,SKU_1388,Office Chair,-47,2021-06-19 19:00,-79.88,,Italy,1.8901710780247487,Bank Transfer,,Furniture,In-store,Not Returned,UPS,,High
528734,SKU_1665,Office Chair,34,2021-06-20 04:00,11.76,,Norway,0.31,Bank Transfer,18.13,Furniture,Online,Not Returned,DHL,London,Low
420974,SKU_1794,White Mug,43,2021-06-20 19:00,83.02,,Italy,0.32,Bank Transfer,21.8,Stationery,Online,Not Returned,DHL,Rome,High
484793,SKU_1390,Blue Pen,26,2021-06-21 06:00,99.11,,United Kingdom,0.39,Credit Card,14.31,Apparel,In-store,Not Returned,UPS,Amsterdam,Low
971171,SKU_1044,Desk Lamp,10,2021-06-21 08:00,96.57,,Portugal,0.16,Credit Card,19.06,Accessories,In-store,Not Returned,UPS,,Low
909471,SKU_1930,White Mug,-42,2021-06-21 11:00,14.43,,United States,0.4,Bank Transfer,,Furniture,In-store,Not Returned,Royal Mail,,Low
953152,SKU_1478,Blue Pen,-9,2021-06-21 12:00,-9.56,,United Kingdom,1.989881887938881,paypall,,Electronics,In-store,Not Returned,UPS,,Low
379934,SKU_1684,Notebook,4,2021-06-21 21:00,90.16,,Portugal,0.06,Bank Transfer,16.98,Accessories,Online,Returned,FedEx,Amsterdam,Medium
478355,SKU_1465,Backpack,14,2021-06-22 03:00,98.24,,United States,0.25,Bank Transfer,18.94,Apparel,In-store,Not Returned,FedEx,Amsterdam,Medium
412188,SKU_1149,Backpack,49,2021-06-22 16:00,44.43,,United Kingdom,0.4,paypall,23.84,Furniture,In-store,Not Returned,Royal Mail,Paris,High
166433,SKU_1885,Desk Lamp,-42,2021-06-23 00:00,51.84,,United States,0.43,Credit Card,,Stationery,Online,Returned,UPS,,Medium
830559,SKU_1743,USB Cable,17,2021-06-23 10:00,55.63,,Belgium,0.08,Bank Transfer,26.62,Electronics,Online,Not Returned,UPS,,Medium
621727,SKU_1362,Blue Pen,9,2021-06-23 11:00,2.13,,United Kingdom,0.24,Bank Transfer,15.85,Furniture,Online,Not Returned,FedEx,,High
725107,SKU_1897,Desk Lamp,-24,2021-06-23 14:00,-68.91,,Norway,1.816381095178777,Bank Transfer,,Electronics,Online,Not Returned,Royal Mail,,High
333746,SKU_1260,Wall Clock,45,2021-06-23 22:00,31.1,,Sweden,0.1,paypall,5.01,Accessories,In-store,Not Returned,UPS,Paris,Medium
813411,SKU_1572,Headphones,40,2021-06-24 08:00,36.75,,Spain,0.1,paypall,6.91,Apparel,Online,Not Returned,UPS,London,Low
331773,SKU_1647,Backpack,33,2021-06-24 09:00,5.63,,Portugal,0.1,paypall,11.45,Stationery,In-store,Not Returned,Royal Mail,,High
274166,SKU_1013,Backpack,35,2021-06-24 11:00,94.98,,Belgium,0.17,paypall,28.64,Accessories,Online,Returned,UPS,Amsterdam,High
826487,SKU_1710,Wall Clock,-15,2021-06-25 06:00,11.55,,United Kingdom,0.11,Bank Transfer,,Electronics,In-store,Not Returned,DHL,,High
920254,SKU_1602,Headphones,10,2021-06-25 10:00,7.5,,United States,0.48,Bank Transfer,7.42,Apparel,Online,Not Returned,Royal Mail,Berlin,High
662453,SKU_1528,Blue Pen,-34,2021-06-26 14:00,71.48,,Portugal,0.12,Credit Card,,Furniture,Online,Not Returned,UPS,,High
203088,SKU_1810,Office Chair,-47,2021-06-27 08:00,-56.89,,Sweden,1.861352653719916,paypall,,Apparel,In-store,Not Returned,UPS,,Low
392164,SKU_1439,USB Cable,46,2021-06-27 16:00,23.66,,Italy,0.49,paypall,25.76,Furniture,Online,Not Returned,Royal Mail,,High
342556,SKU_1073,Headphones,-4,2021-06-28 02:00,-50.04,,Australia,0.25,Bank Transfer,,Stationery,Online,Returned,UPS,,High
811475,SKU_1728,Office Chair,22,2021-06-28 19:00,32.47,,Sweden,0.4,Bank Transfer,18.56,Electronics,Online,Not Returned,Royal Mail,,High
931303,SKU_1232,White Mug,7,2021-06-29 04:00,61.44,,France,0.11,Credit Card,12.94,Stationery,Online,Returned,Royal Mail,Berlin,Medium
267403,SKU_1606,Wireless Mouse,-45,2021-06-29 14:00,-61.9,,Spain,1.3985520136453775,paypall,,Accessories,Online,Not Returned,FedEx,,Medium
356392,SKU_1668,T-shirt,-42,2021-06-29 15:00,-4.06,,Sweden,0.18,paypall,,Apparel,Online,Not Returned,DHL,,Medium
334417,SKU_1340,Notebook,6,2021-06-29 18:00,51.64,,Netherlands,0.37,Bank Transfer,15.84,Accessories,In-store,Not Returned,UPS,Amsterdam,Medium
708481,SKU_1567,Headphones,38,2021-06-30 00:00,96.5,,France,0.05,paypall,28.63,Stationery,Online,Returned,UPS,London,High
877110,SKU_1148,Blue Pen,33,2021-06-30 10:00,36.57,,Norway,0.2,paypall,8.83,Apparel,In-store,Not Returned,Royal Mail,,High
413816,SKU_1384,USB Cable,-8,2021-06-30 14:00,47.05,,United States,0.12,Bank Transfer,,Electronics,Online,Not Returned,FedEx,,Medium
460701,SKU_1899,Blue Pen,-13,2021-07-02 01:00,-97.86,,Norway,1.5888591219849626,paypall,,Apparel,Online,Not Returned,Royal Mail,,Medium
590576,SKU_1719,Backpack,-37,2021-07-02 08:00,-69.97,,Portugal,1.0148230828620342,Bank Transfer,,Furniture,Online,Not Returned,UPS,,Low
848353,SKU_1798,USB Cable,-30,2021-07-02 15:00,-42.28,,Australia,1.646946230749648,Credit Card,,Stationery,In-store,Not Returned,FedEx,,Medium
485289,SKU_1791,Office Chair,-45,2021-07-02 16:00,-13.96,,Australia,1.638963679777387,Credit Card,,Electronics,Online,Not Returned,DHL,,Medium
490300,SKU_1025,White Mug,7,2021-07-03 06:00,77.34,,Portugal,0.42,Bank Transfer,20.75,Apparel,Online,Not Returned,UPS,,Low
395761,SKU_1386,Headphones,-30,2021-07-03 21:00,-24.13,,Netherlands,1.4671471569808632,Credit Card,,Accessories,In-store,Not Returned,UPS,,Low
896060,SKU_1403,Office Chair,-49,2021-07-04 03:00,-71.26,,Sweden,1.3088991532689165,Bank Transfer,,Electronics,In-store,Not Returned,UPS,,Low
400763,SKU_1003,Headphones,24,2021-07-04 05:00,3.11,,United Kingdom,0.18,paypall,18.69,Accessories,Online,Not Returned,Royal Mail,,High
916197,SKU_1844,Blue Pen,39,2021-07-06 04:00,18.15,,Australia,0.05,Credit Card,13.25,Electronics,Online,Not Returned,FedEx,Paris,Medium
910201,SKU_1919,T-shirt,-14,2021-07-06 05:00,22.61,,Germany,0.22,Credit Card,,Accessories,In-store,Not Returned,UPS,,High
924341,SKU_1613,Backpack,-35,2021-07-06 15:00,28.42,,Germany,0.19,Credit Card,,Electronics,Online,Not Returned,UPS,,Low
155107,SKU_1966,White Mug,-27,2021-07-07 06:00,16.71,,Sweden,0.35,paypall,,Accessories,Online,Not Returned,UPS,,High
450041,SKU_1986,Desk Lamp,1,2021-07-07 10:00,73.05,,Belgium,0.04,paypall,19.08,Electronics,Online,Not Returned,Royal Mail,Rome,Low
466349,SKU_1248,T-shirt,-7,2021-07-07 21:00,3.63,,Netherlands,0.15,paypall,,Furniture,Online,Not Returned,Royal Mail,,Medium
796343,SKU_1126,Desk Lamp,46,2021-07-07 22:00,46.42,,Germany,0.14,Credit Card,12.66,Apparel,Online,Not Returned,UPS,London,High
588409,SKU_1793,Office Chair,5,2021-07-08 02:00,13.2,,France,0.11,paypall,8.5,Accessories,Online,Not Returned,FedEx,Paris,High
151999,SKU_1410,Wall Clock,24,2021-07-08 05:00,11.54,,Italy,0.08,Bank Transfer,9.16,Apparel,In-store,Not Returned,UPS,Berlin,High
985155,SKU_1835,USB Cable,17,2021-07-08 16:00,1.79,,Germany,0.02,Credit Card,16.17,Electronics,In-store,Not Returned,UPS,,Low
826179,SKU_1591,White Mug,11,2021-07-08 19:00,98.69,,Germany,0.02,paypall,23.03,Apparel,Online,Not Returned,Royal Mail,Paris,High
491337,SKU_1551,T-shirt,-30,2021-07-09 01:00,3.29,,Belgium,0.35,Credit Card,,Stationery,Online,Not Returned,Royal Mail,,Low
639068,SKU_1386,USB Cable,33,2021-07-09 06:00,89.92,,United Kingdom,0.18,Bank Transfer,21.79,Electronics,Online,Not Returned,DHL,,Medium
482869,SKU_1318,Headphones,-3,2021-07-09 22:00,-91.72,,Portugal,0.43,Bank Transfer,,Furniture,In-store,Not Returned,FedEx,,High
562326,SKU_1598,Headphones,-35,2021-07-10 12:00,-35.97,,United States,1.472415903996101,Bank Transfer,,Stationery,In-store,Returned,FedEx,,High
936014,SKU_1328,Desk Lamp,6,2021-07-11 03:00,41.15,,Norway,0.12,Credit Card,21.89,Apparel,In-store,Not Returned,FedEx,London,Low
138712,SKU_1367,Wall Clock,34,2021-07-12 04:00,31.26,,Italy,0.19,Credit Card,28.87,Furniture,In-store,Not Returned,UPS,,Medium
881879,SKU_1296,Desk Lamp,-28,2021-07-13 08:00,-25.56,,United States,0.28,paypall,,Stationery,Online,Not Returned,FedEx,,Low
429572,SKU_1188,T-shirt,-18,2021-07-13 10:00,-46.06,,Sweden,0.17,Bank Transfer,,Apparel,Online,Not Returned,FedEx,,Low
227135,SKU_1632,Notebook,39,2021-07-14 11:00,31.55,,United Kingdom,0.16,Credit Card,19.53,Apparel,Online,Returned,Royal Mail,,Low
746132,SKU_1965,Wall Clock,-38,2021-07-14 18:00,-70.02,,Spain,1.0935865442436787,Bank Transfer,,Apparel,In-store,Returned,UPS,,Medium
457054,SKU_1233,White Mug,-42,2021-07-14 19:00,15.1,,United Kingdom,0.4,paypall,,Electronics,In-store,Not Returned,Royal Mail,,Medium
975837,SKU_1387,Wireless Mouse,-26,2021-07-15 05:00,53.16,,United Kingdom,0.24,Bank Transfer,,Stationery,Online,Not Returned,FedEx,,Medium
154796,SKU_1252,Blue Pen,46,2021-07-15 07:00,41.07,,Netherlands,0.21,paypall,29.14,Stationery,In-store,Not Returned,DHL,Berlin,Low
752842,SKU_1523,Wireless Mouse,12,2021-07-15 09:00,90.1,68893.0,Portugal,0.46,Credit Card,26.15,Apparel,Online,Not Returned,DHL,Amsterdam,High
366167,SKU_1599,Backpack,10,2021-07-15 11:00,74.79,,Spain,0.36,Credit Card,5.59,Accessories,Online,Returned,Royal Mail,,High
837996,SKU_1208,Blue Pen,8,2021-07-15 13:00,86.76,,France,0.13,Credit Card,26.4,Stationery,Online,Not Returned,UPS,Paris,High
267807,SKU_1408,Blue Pen,-1,2021-07-15 14:00,-5.44,,Sweden,1.812933810905764,paypall,,Electronics,Online,Not Returned,DHL,,Medium
914892,SKU_1953,Wireless Mouse,26,2021-07-15 20:00,58.95,,Netherlands,0.32,Credit Card,27.85,Furniture,Online,Not Returned,UPS,,High
131017,SKU_1082,Office Chair,-32,2021-07-15 22:00,48.16,,Netherlands,0.27,Credit Card,,Accessories,In-store,Not Returned,DHL,,Medium
704008,SKU_1735,White Mug,-46,2021-07-16 09:00,-52.51,,Norway,1.6847608949563178,Credit Card,,Accessories,Online,Not Returned,Royal Mail,,Medium
820252,SKU_1849,White Mug,41,2021-07-16 17:00,70.85,,Germany,0.21,Bank Transfer,26.68,Accessories,In-store,Not Returned,Royal Mail,Paris,High
666967,SKU_1839,Office Chair,-37,2021-07-16 18:00,-15.32,,United States,1.359038794095475,Credit Card,,Furniture,Online,Not Returned,Royal Mail,,High
978584,SKU_1707,Blue Pen,-14,2021-07-17 22:00,25.01,,France,0.08,Credit Card,,Electronics,Online,Not Returned,FedEx,,Medium
955434,SKU_1776,Wall Clock,7,2021-07-18 02:00,31.62,,Portugal,0.12,paypall,9.42,Stationery,Online,Returned,FedEx,,Low
589572,SKU_1226,USB Cable,21,2021-07-18 16:00,76.07,,Germany,0.4,Bank Transfer,11.27,Furniture,Online,Not Returned,UPS,London,High
492432,SKU_1554,Wall Clock,-9,2021-07-18 20:00,-51.81,,Australia,0.32,Credit Card,,Stationery,In-store,Not Returned,FedEx,,Low
830520,SKU_1544,White Mug,6,2021-07-20 01:00,87.77,,Sweden,0.39,Bank Transfer,28.55,Electronics,In-store,Not Returned,FedEx,,Medium
323734,SKU_1978,T-shirt,13,2021-07-20 02:00,83.4,,France,0.47,Credit Card,15.85,Apparel,In-store,Not Returned,UPS,,Medium
398021,SKU_1237,T-shirt,-4,2021-07-20 07:00,-53.51,,Italy,1.1139504685784156,Credit Card,,Furniture,In-store,Not Returned,FedEx,,Low
827468,SKU_1611,Headphones,44,2021-07-20 18:00,19.89,,Spain,0.29,Credit Card,17.96,Stationery,Online,Not Returned,FedEx,Rome,High
666752,SKU_1200,Wall Clock,-25,2021-07-20 22:00,-77.37,,Norway,0.49,Credit Card,,Accessories,Online,Returned,UPS,,High
953877,SKU_1778,Notebook,5,2021-07-21 02:00,8.07,,Italy,0.12,Bank Transfer,11.35,Apparel,Online,Returned,DHL,Paris,High
364814,SKU_1424,Office Chair,-36,2021-07-21 10:00,-95.45,,France,1.882292143999761,paypall,,Stationery,Online,Not Returned,DHL,,Medium
668800,SKU_1611,Backpack,-49,2021-07-21 12:00,-81.29,,Belgium,0.45,Bank Transfer,,Furniture,In-store,Returned,Royal Mail,,High
789622,SKU_1098,White Mug,40,2021-07-21 16:00,9.55,,Spain,0.04,paypall,28.15,Stationery,Online,Not Returned,UPS,,High
285964,SKU_1177,Notebook,44,2021-07-21 17:00,17.55,,Belgium,0.29,paypall,15.96,Stationery,In-store,Not Returned,Royal Mail,,Medium
931659,SKU_1647,Headphones,-48,2021-07-22 17:00,-22.75,,United States,1.793334452648038,Bank Transfer,,Furniture,In-store,Returned,DHL,,Medium
575629,SKU_1607,Office Chair,42,2021-07-22 18:00,26.12,,Sweden,0.24,Credit Card,10.12,Apparel,Online,Not Returned,Royal Mail,Paris,Medium
116375,SKU_1640,Backpack,-49,2021-07-23 04:00,-27.66,,Netherlands,1.2100376755642346,Credit Card,,Stationery,Online,Not Returned,UPS,,Low
919407,SKU_1909,Wall Clock,-20,2021-07-23 08:00,-10.03,,Spain,1.2151297312903235,Credit Card,,Furniture,In-store,Not Returned,FedEx,,High
722068,SKU_1516,Notebook,11,2021-07-24 20:00,29.48,,Italy,0.21,Bank Transfer,5.23,Electronics,In-store,Not Returned,DHL,Berlin,High
167945,SKU_1116,Notebook,28,2021-07-24 22:00,27.62,,Australia,0.19,Bank Transfer,25.96,Accessories,Online,Not Returned,UPS,Berlin,Medium
938099,SKU_1643,Blue Pen,-44,2021-07-25 09:00,-27.43,,Norway,1.7151484931623924,Bank Transfer,,Accessories,Online,Not Returned,UPS,,Medium
172894,SKU_1596,White Mug,-4,2021-07-25 13:00,-72.33,,Germany,1.6103944238820311,paypall,,Electronics,In-store,Not Returned,UPS,,Low
998201,SKU_1778,USB Cable,3,2021-07-26 16:00,88.56,,United Kingdom,0.18,paypall,18.0,Stationery,In-store,Returned,UPS,,Medium
726679,SKU_1778,Headphones,-17,2021-07-26 17:00,93.71,,Spain,0.02,paypall,,Furniture,Online,Not Returned,FedEx,,High
959575,SKU_1165,White Mug,23,2021-07-26 20:00,11.22,,Australia,0.07,Bank Transfer,10.48,Apparel,Online,Not Returned,FedEx,Rome,High
114925,SKU_1634,Office Chair,-19,2021-07-27 07:00,47.12,,United Kingdom,0.17,Credit Card,,Accessories,In-store,Not Returned,UPS,,Low
501468,SKU_1692,White Mug,6,2021-07-28 15:00,55.93,,Germany,0.28,Bank Transfer,22.45,Stationery,In-store,Not Returned,UPS,,Low
234042,SKU_1076,Headphones,7,2021-07-29 14:00,95.75,,Belgium,0.09,paypall,28.5,Accessories,Online,Not Returned,DHL,,High
987921,SKU_1874,Wall Clock,-25,2021-07-29 19:00,-81.34,,Italy,0.29,Bank Transfer,,Stationery,In-store,Not Returned,Royal Mail,,High
351831,SKU_1948,USB Cable,-44,2021-07-31 10:00,-99.86,,Netherlands,0.29,paypall,,Accessories,In-store,Not Returned,Royal Mail,,Low
323009,SKU_1021,White Mug,-4,2021-07-31 23:00,-22.85,,Norway,0.08,Bank Transfer,,Apparel,In-store,Not Returned,Royal Mail,,High
816896,SKU_1650,Desk Lamp,31,2021-08-02 01:00,77.8,,Australia,0.48,Credit Card,28.45,Electronics,Online,Not Returned,Royal Mail,London,Low
299756,SKU_1436,Notebook,-42,2021-08-02 08:00,51.13,,Germany,0.25,Bank Transfer,,Furniture,Online,Returned,Royal Mail,,Low
307836,SKU_1179,T-shirt,36,2021-08-02 15:00,58.2,,Spain,0.05,Credit Card,26.8,Electronics,In-store,Not Returned,DHL,Rome,High
828408,SKU_1001,Wall Clock,-3,2021-08-03 04:00,14.57,,Portugal,0.27,paypall,,Electronics,In-store,Returned,UPS,,Medium
239728,SKU_1383,Office Chair,29,2021-08-03 23:00,88.39,,Spain,0.04,Bank Transfer,5.03,Electronics,Online,Not Returned,Royal Mail,,Low
726854,SKU_1393,Office Chair,25,2021-08-04 05:00,17.01,,Portugal,0.37,paypall,18.74,Electronics,Online,Not Returned,FedEx,Rome,Medium
455734,SKU_1464,Headphones,-23,2021-08-04 12:00,21.66,,Netherlands,0.49,Credit Card,,Stationery,Online,Not Returned,Royal Mail,,Low
180522,SKU_1143,Office Chair,-3,2021-08-04 14:00,-53.5,,Netherlands,0.02,paypall,,Furniture,Online,Not Returned,UPS,,High
645999,SKU_1561,Headphones,46,2021-08-05 20:00,37.6,,Italy,0.09,Bank Transfer,11.38,Accessories,Online,Returned,Royal Mail,,Medium
760457,SKU_1082,Backpack,9,2021-08-05 21:00,46.41,,Netherlands,0.36,paypall,10.29,Accessories,Online,Not Returned,FedEx,,Medium
893476,SKU_1217,Wireless Mouse,-44,2021-08-06 05:00,-7.11,,Netherlands,1.822709256297668,Bank Transfer,,Apparel,Online,Not Returned,Royal Mail,,Medium
155486,SKU_1953,Headphones,12,2021-08-06 07:00,34.27,,Netherlands,0.43,Credit Card,13.92,Accessories,In-store,Not Returned,FedEx,Paris,Medium
834647,SKU_1693,Wireless Mouse,-50,2021-08-06 09:00,-26.23,,United Kingdom,0.21,Bank Transfer,,Accessories,Online,Not Returned,DHL,,Low
733018,SKU_1563,Wall Clock,-43,2021-08-06 14:00,63.86,,United States,0.45,Credit Card,,Accessories,In-store,Not Returned,UPS,,Low
748567,SKU_1614,Wireless Mouse,18,2021-08-06 22:00,32.1,,Australia,0.03,Bank Transfer,17.65,Electronics,In-store,Not Returned,Royal Mail,Rome,Medium
342721,SKU_1818,Desk Lamp,-35,2021-08-07 03:00,82.92,,Netherlands,0.33,paypall,,Apparel,Online,Not Returned,DHL,,Low
473519,SKU_1100,USB Cable,-22,2021-08-07 07:00,-71.28,,Spain,1.5514477361211352,Credit Card,,Accessories,Online,Not Returned,DHL,,Medium
328208,SKU_1538,Office Chair,-34,2021-08-07 13:00,-63.71,,United Kingdom,1.4491632059671575,Bank Transfer,,Stationery,In-store,Not Returned,UPS,,Low
711410,SKU_1730,T-shirt,-31,2021-08-08 21:00,4.83,,Sweden,0.21,paypall,,Accessories,Online,Not Returned,FedEx,,Low
226534,SKU_1354,Wall Clock,-9,2021-08-09 04:00,-94.08,,France,1.20471120436037,Credit Card,,Stationery,In-store,Returned,UPS,,Medium
409257,SKU_1677,Wireless Mouse,38,2021-08-09 09:00,5.08,,France,0.25,Bank Transfer,20.99,Furniture,In-store,Not Returned,FedEx,Paris,High
935358,SKU_1403,Office Chair,-27,2021-08-09 10:00,-30.37,,Australia,1.7005557033927268,paypall,,Furniture,Online,Not Returned,DHL,,Low
880305,SKU_1144,Office Chair,-2,2021-08-10 07:00,-59.48,,Spain,1.4952463893080352,Bank Transfer,,Apparel,In-store,Not Returned,UPS,,Low
883059,SKU_1972,Notebook,32,2021-08-10 21:00,24.42,,Sweden,0.39,paypall,20.52,Stationery,Online,Not Returned,DHL,Rome,High
223425,SKU_1220,Headphones,-14,2021-08-11 19:00,24.95,,Norway,0.33,paypall,,Electronics,In-store,Not Returned,Royal Mail,,High
301466,SKU_1335,White Mug,40,2021-08-12 07:00,73.2,,United Kingdom,0.07,paypall,13.53,Stationery,Online,Not Returned,UPS,Berlin,Low
287223,SKU_1166,USB Cable,17,2021-08-12 10:00,57.16,,Germany,0.05,Credit Card,9.81,Stationery,Online,Returned,Royal Mail,Amsterdam,High
735462,SKU_1919,Office Chair,18,2021-08-12 12:00,28.56,,Portugal,0.24,Credit Card,23.38,Apparel,Online,Not Returned,UPS,Rome,Medium
401841,SKU_1969,T-shirt,13,2021-08-13 00:00,38.26,,Sweden,0.42,Credit Card,22.84,Stationery,Online,Not Returned,DHL,,Low
155063,SKU_1696,Headphones,-19,2021-08-13 04:00,-77.14,,Netherlands,1.7259939719109254,Credit Card,,Electronics,In-store,Not Returned,DHL,,High
317986,SKU_1711,Blue Pen,7,2021-08-13 10:00,5.61,,Germany,0.12,Credit Card,21.34,Accessories,Online,Not Returned,DHL,,High
442368,SKU_1366,Wall Clock,-30,2021-08-15 14:00,-3.27,,Sweden,1.448210733590536,paypall,,Stationery,In-store,Not Returned,DHL,,Medium
304300,SKU_1690,White Mug,-14,2021-08-16 05:00,67.52,,France,0.04,paypall,,Electronics,Online,Not Returned,FedEx,,Medium
697076,SKU_1045,Notebook,4,2021-08-16 08:00,47.93,,Germany,0.26,paypall,25.07,Electronics,Online,Not Returned,Royal Mail,,High
912902,SKU_1147,Wireless Mouse,-10,2021-08-17 05:00,-38.4,,France,0.19,Bank Transfer,,Apparel,In-store,Not Returned,FedEx,,High
921929,SKU_1100,Headphones,-36,2021-08-17 22:00,-70.08,,United Kingdom,1.5524954802187492,Bank Transfer,,Stationery,In-store,Not Returned,DHL,,Low
455706,SKU_1469,Headphones,24,2021-08-17 23:00,38.42,,France,0.46,Bank Transfer,27.71,Furniture,In-store,Not Returned,DHL,,Medium
726489,SKU_1487,USB Cable,-13,2021-08-18 03:00,-32.58,,Italy,0.26,Bank Transfer,,Accessories,Online,Not Returned,Royal Mail,,Medium
478710,SKU_1680,Backpack,32,2021-08-18 06:00,99.6,,Australia,0.15,Bank Transfer,18.48,Stationery,In-store,Not Returned,FedEx,London,Low
447608,SKU_1279,Headphones,-30,2021-08-18 15:00,32.78,,Italy,0.26,paypall,,Apparel,In-store,Not Returned,FedEx,,Medium
454824,SKU_1752,T-shirt,-8,2021-08-18 19:00,13.94,,Portugal,0.13,Credit Card,,Accessories,In-store,Returned,DHL,,Low
390157,SKU_1416,White Mug,20,2021-08-18 20:00,24.51,,Sweden,0.49,Credit Card,17.88,Stationery,In-store,Not Returned,UPS,London,High
783444,SKU_1104,Wireless Mouse,-2,2021-08-19 00:00,-7.22,,Norway,1.2586272118156554,Bank Transfer,,Apparel,In-store,Not Returned,Royal Mail,,Medium
517165,SKU_1376,USB Cable,-7,2021-08-19 10:00,31.26,,United Kingdom,0.05,Bank Transfer,,Accessories,Online,Not Returned,DHL,,Low
335892,SKU_1061,T-shirt,38,2021-08-20 07:00,49.82,,Belgium,0.31,Bank Transfer,19.0,Accessories,In-store,Not Returned,UPS,,Medium
342718,SKU_1657,Notebook,-34,2021-08-20 09:00,-70.77,,France,1.6075646488616435,paypall,,Furniture,Online,Not Returned,DHL,,Low
469478,SKU_1595,Wall Clock,-45,2021-08-20 15:00,-93.64,,Germany,1.3747685114250343,paypall,,Electronics,Online,Not Returned,Royal Mail,,Low
721839,SKU_1289,Headphones,-32,2021-08-20 20:00,-55.36,,France,1.114918319936399,paypall,,Stationery,In-store,Not Returned,FedEx,,Low
615152,SKU_1781,Wall Clock,24,2021-08-21 02:00,62.13,,Netherlands,0.4,Credit Card,26.49,Apparel,Online,Not Returned,UPS,,Medium
639775,SKU_1356,USB Cable,24,2021-08-21 04:00,3.98,,Spain,0.49,paypall,17.76,Apparel,In-store,Not Returned,Royal Mail,Rome,Low
838757,SKU_1182,Desk Lamp,33,2021-08-21 11:00,24.44,,Italy,0.41,paypall,10.34,Apparel,Online,Returned,DHL,Berlin,Medium
882733,SKU_1372,Headphones,-24,2021-08-22 05:00,59.55,,Australia,0.49,paypall,,Furniture,In-store,Not Returned,Royal Mail,,High
586834,SKU_1275,Headphones,-41,2021-08-22 08:00,-12.97,,Sweden,0.14,Bank Transfer,,Apparel,Online,Not Returned,UPS,,Low
569234,SKU_1555,Office Chair,13,2021-08-23 02:00,64.29,,Sweden,0.04,Bank Transfer,25.47,Furniture,In-store,Returned,Royal Mail,Rome,Low
354043,SKU_1403,Backpack,-47,2021-08-23 11:00,-13.23,,Sweden,1.9480906736644017,Bank Transfer,,Apparel,Online,Not Returned,DHL,,Medium
655877,SKU_1031,T-shirt,40,2021-08-24 06:00,59.88,,Portugal,0.1,Bank Transfer,28.04,Accessories,Online,Not Returned,Royal Mail,,High
732487,SKU_1735,Backpack,8,2021-08-24 07:00,4.34,,Sweden,0.19,paypall,10.93,Electronics,In-store,Returned,DHL,Amsterdam,High
364491,SKU_1722,Headphones,-34,2021-08-25 10:00,-74.14,,Australia,0.21,Bank Transfer,,Furniture,Online,Not Returned,DHL,,Medium
410279,SKU_1006,White Mug,41,2021-08-25 19:00,25.06,,Norway,0.48,Credit Card,7.53,Furniture,In-store,Not Returned,FedEx,Berlin,Low
978722,SKU_1352,Wall Clock,44,2021-08-25 23:00,87.36,,Belgium,0.05,paypall,24.64,Stationery,Online,Not Returned,Royal Mail,Rome,Low
220787,SKU_1416,T-shirt,-12,2021-08-26 02:00,47.11,,Norway,0.45,Bank Transfer,,Accessories,In-store,Not Returned,DHL,,Low
214427,SKU_1604,Headphones,-15,2021-08-26 03:00,-97.65,,United States,0.32,Bank Transfer,,Furniture,Online,Not Returned,DHL,,Low
320782,SKU_1195,Backpack,-20,2021-08-26 06:00,54.28,,France,0.23,Bank Transfer,,Apparel,Online,Not Returned,DHL,,Medium
267071,SKU_1425,Desk Lamp,4,2021-08-26 14:00,81.63,,Italy,0.09,paypall,8.18,Furniture,In-store,Not Returned,FedEx,London,High
827247,SKU_1061,USB Cable,6,2021-08-26 15:00,89.11,,Norway,0.45,paypall,28.43,Accessories,In-store,Not Returned,FedEx,London,Medium
946080,SKU_1194,Headphones,-48,2021-08-26 16:00,23.78,,United Kingdom,0.13,Bank Transfer,,Furniture,In-store,Not Returned,DHL,,Low
343722,SKU_1617,T-shirt,-29,2021-08-26 20:00,14.66,,United Kingdom,0.22,Credit Card,,Electronics,Online,Not Returned,DHL,,High
897676,SKU_1375,Wall Clock,11,2021-08-27 05:00,3.03,,Spain,0.13,paypall,20.0,Apparel,Online,Not Returned,FedEx,Rome,Medium
259950,SKU_1761,Wireless Mouse,-38,2021-08-27 13:00,-80.9,,Norway,1.436521758417118,Credit Card,,Stationery,In-store,Not Returned,FedEx,,High
579319,SKU_1379,Notebook,11,2021-08-28 19:00,22.27,,Spain,0.33,Credit Card,9.13,Accessories,Online,Not Returned,Royal Mail,Paris,Low
218998,SKU_1327,Wall Clock,21,2021-08-28 23:00,10.49,,Belgium,0.15,Bank Transfer,28.42,Apparel,Online,Not Returned,UPS,,Medium
141190,SKU_1360,Backpack,6,2021-08-29 08:00,29.0,,Germany,0.0,paypall,10.93,Accessories,Online,Not Returned,FedEx,London,Low
792378,SKU_1114,Blue Pen,27,2021-08-29 10:00,73.05,,Sweden,0.08,paypall,26.31,Stationery,In-store,Not Returned,FedEx,,High
224078,SKU_1185,White Mug,-42,2021-08-29 11:00,-56.38,,Germany,1.404209619027863,Bank Transfer,,Furniture,In-store,Not Returned,FedEx,,Medium
976332,SKU_1423,Headphones,-22,2021-08-29 21:00,72.25,,Norway,0.27,Credit Card,,Accessories,In-store,Not Returned,FedEx,,Medium
510140,SKU_1874,USB Cable,-25,2021-08-30 08:00,-43.52,,France,0.04,Bank Transfer,,Stationery,In-store,Not Returned,UPS,,Low
491637,SKU_1097,T-shirt,-27,2021-08-30 09:00,-64.7,,Norway,0.31,paypall,,Accessories,In-store,Not Returned,FedEx,,High
348827,SKU_1813,White Mug,27,2021-08-30 12:00,64.02,,Spain,0.14,Bank Transfer,9.95,Accessories,In-store,Returned,Royal Mail,Rome,High
221831,SKU_1657,Notebook,-43,2021-08-31 05:00,-96.39,,United Kingdom,0.42,paypall,,Accessories,Online,Not Returned,Royal Mail,,Medium
944032,SKU_1349,T-shirt,-48,2021-08-31 11:00,61.54,,United Kingdom,0.08,paypall,,Furniture,Online,Not Returned,UPS,,Low
686400,SKU_1383,Backpack,-24,2021-08-31 16:00,-62.94,,Netherlands,0.28,Credit Card,,Electronics,Online,Not Returned,DHL,,Low
606805,SKU_1623,Office Chair,40,2021-08-31 22:00,83.44,,Portugal,0.29,paypall,24.91,Furniture,Online,Not Returned,DHL,Amsterdam,Medium
954967,SKU_1236,Office Chair,-30,2021-09-01 15:00,-38.41,,Sweden,1.5417183841691604,Credit Card,,Accessories,Online,Not Returned,UPS,,High
165350,SKU_1588,Notebook,35,2021-09-01 16:00,31.84,,Netherlands,0.4,Credit Card,10.54,Furniture,Online,Not Returned,Royal Mail,Paris,Low
110564,SKU_1629,Desk Lamp,21,2021-09-02 03:00,55.62,,Italy,0.25,Credit Card,26.83,Electronics,In-store,Not Returned,DHL,London,Low
866412,SKU_1861,Blue Pen,14,2021-09-02 04:00,41.25,,Spain,0.17,Bank Transfer,6.24,Furniture,In-store,Not Returned,UPS,Amsterdam,High
240777,SKU_1836,T-shirt,-9,2021-09-02 13:00,-60.01,,Sweden,1.7170135143852805,Credit Card,,Stationery,In-store,Returned,DHL,,High
573050,SKU_1784,Office Chair,-12,2021-09-02 17:00,-43.55,,Sweden,0.09,Credit Card,,Apparel,In-store,Not Returned,UPS,,Medium
123446,SKU_1571,White Mug,27,2021-09-04 07:00,95.08,,Portugal,0.1,Credit Card,7.87,Electronics,In-store,Not Returned,FedEx,Rome,Low
269180,SKU_1606,Notebook,-27,2021-09-04 09:00,50.85,,Australia,0.36,paypall,,Accessories,In-store,Not Returned,UPS,,High
759292,SKU_1633,Blue Pen,-30,2021-09-04 12:00,5.09,,Belgium,0.39,Credit Card,,Stationery,Online,Not Returned,FedEx,,Medium
955566,SKU_1823,Blue Pen,6,2021-09-04 21:00,35.0,,Australia,0.03,paypall,14.67,Electronics,In-store,Not Returned,DHL,Rome,Low
601443,SKU_1378,Office Chair,-26,2021-09-05 00:00,56.34,,Germany,0.24,Bank Transfer,,Furniture,Online,Not Returned,Royal Mail,,Medium
437864,SKU_1507,Backpack,2,2021-09-05 08:00,93.88,,Australia,0.09,paypall,25.49,Accessories,Online,Not Returned,DHL,Rome,High
546799,SKU_1592,Office Chair,47,2021-09-06 00:00,32.58,,United Kingdom,0.05,Credit Card,9.29,Accessories,In-store,Not Returned,Royal Mail,,Low
805790,SKU_1575,White Mug,-34,2021-09-06 05:00,68.95,,Portugal,0.41,Bank Transfer,,Apparel,Online,Not Returned,DHL,,Medium
619466,SKU_1884,Notebook,46,2021-09-06 11:00,52.52,,United States,0.49,paypall,10.55,Electronics,In-store,Not Returned,DHL,,Low
737547,SKU_1771,USB Cable,13,2021-09-06 13:00,60.63,,Spain,0.13,Bank Transfer,13.36,Stationery,Online,Not Returned,FedEx,,High
200804,SKU_1927,Headphones,48,2021-09-06 14:00,61.1,,Australia,0.36,Bank Transfer,18.14,Electronics,In-store,Returned,UPS,,Low
957398,SKU_1524,White Mug,13,2021-09-07 04:00,7.84,,Spain,0.24,paypall,28.57,Electronics,In-store,Not Returned,UPS,Paris,Medium
272438,SKU_1901,Desk Lamp,-16,2021-09-07 05:00,23.03,,Spain,0.15,Bank Transfer,,Apparel,Online,Not Returned,UPS,,Medium
869640,SKU_1714,Headphones,-10,2021-09-07 08:00,59.84,,Sweden,0.43,paypall,,Electronics,Online,Not Returned,DHL,,Medium
601498,SKU_1998,White Mug,-36,2021-09-07 22:00,52.47,,Spain,0.17,Credit Card,,Accessories,Online,Not Returned,Royal Mail,,High
679054,SKU_1971,Wireless Mouse,1,2021-09-08 07:00,47.73,,Italy,0.42,Bank Transfer,11.37,Furniture,Online,Not Returned,UPS,,Medium
362463,SKU_1755,Wall Clock,20,2021-09-08 18:00,93.97,,Portugal,0.45,paypall,14.33,Accessories,Online,Not Returned,UPS,,Medium
997422,SKU_1553,White Mug,-27,2021-09-08 20:00,-88.67,,Portugal,0.01,Credit Card,,Apparel,Online,Not Returned,FedEx,,Low
962132,SKU_1007,Wireless Mouse,5,2021-09-09 07:00,38.28,,United Kingdom,0.49,Bank Transfer,23.84,Furniture,In-store,Not Returned,DHL,,Low
127676,SKU_1539,Headphones,-14,2021-09-09 17:00,-46.27,,France,0.42,paypall,,Furniture,In-store,Not Returned,UPS,,High
800800,SKU_1295,Headphones,10,2021-09-09 20:00,40.32,,Italy,0.36,Bank Transfer,13.72,Accessories,Online,Not Returned,DHL,,Medium
732942,SKU_1477,Headphones,-45,2021-09-10 13:00,65.48,,United Kingdom,0.36,Bank Transfer,,Stationery,Online,Not Returned,FedEx,,High
275231,SKU_1819,Blue Pen,-43,2021-09-11 00:00,23.33,,Australia,0.47,paypall,,Furniture,Online,Not Returned,Royal Mail,,Medium
149262,SKU_1441,Notebook,-30,2021-09-11 05:00,-23.53,,Norway,1.515200399443179,Bank Transfer,,Electronics,In-store,Not Returned,Royal Mail,,High
989856,SKU_1817,Backpack,19,2021-09-11 19:00,33.92,,Belgium,0.04,Credit Card,5.49,Furniture,In-store,Not Returned,FedEx,Paris,Low
955817,SKU_1946,Desk Lamp,-2,2021-09-12 14:00,71.35,,Spain,0.43,Credit Card,,Apparel,In-store,Not Returned,Royal Mail,,Low
205153,SKU_1453,Backpack,46,2021-09-12 16:00,18.95,,Belgium,0.34,paypall,6.92,Accessories,In-store,Not Returned,UPS,,Low
670953,SKU_1888,Desk Lamp,30,2021-09-13 18:00,60.22,,Belgium,0.47,paypall,25.86,Accessories,In-store,Not Returned,UPS,Amsterdam,Medium
166446,SKU_1948,Wireless Mouse,-22,2021-09-14 07:00,-11.92,,United States,1.263762093916744,paypall,,Stationery,Online,Not Returned,UPS,,Low
138665,SKU_1604,Headphones,39,2021-09-15 14:00,11.18,,Netherlands,0.23,Credit Card,22.54,Apparel,Online,Not Returned,FedEx,Rome,High
264714,SKU_1291,Headphones,-44,2021-09-16 01:00,-35.67,,Spain,0.21,Credit Card,,Stationery,In-store,Not Returned,Royal Mail,,Medium
921307,SKU_1419,Desk Lamp,39,2021-09-16 05:00,8.34,,Italy,0.22,Credit Card,5.67,Electronics,Online,Not Returned,DHL,,Medium
603447,SKU_1593,Wireless Mouse,3,2021-09-17 13:00,18.38,,Belgium,0.46,Bank Transfer,7.45,Furniture,Online,Returned,Royal Mail,Berlin,Low
608810,SKU_1445,Headphones,-50,2021-09-17 17:00,30.61,,Spain,0.35,Bank Transfer,,Furniture,Online,Not Returned,UPS,,High
964845,SKU_1024,White Mug,-28,2021-09-18 04:00,83.66,,France,0.31,Bank Transfer,,Stationery,Online,Not Returned,DHL,,Medium
801347,SKU_1947,Wireless Mouse,15,2021-09-18 21:00,17.38,,Germany,0.01,paypall,25.61,Electronics,Online,Not Returned,UPS,Paris,Low
762165,SKU_1917,White Mug,5,2021-09-20 07:00,68.41,,Sweden,0.43,paypall,17.59,Accessories,In-store,Not Returned,DHL,Rome,Medium
850244,SKU_1193,Office Chair,4,2021-09-20 09:00,28.68,,Sweden,0.35,Bank Transfer,27.07,Stationery,In-store,Returned,FedEx,Rome,Low
622797,SKU_1271,T-shirt,29,2021-09-20 11:00,70.32,,United States,0.01,Credit Card,18.44,Apparel,In-store,Not Returned,DHL,,Medium
328495,SKU_1498,Office Chair,46,2021-09-20 21:00,36.62,,Italy,0.19,Bank Transfer,8.14,Accessories,In-store,Not Returned,DHL,Berlin,High
221701,SKU_1969,USB Cable,31,2021-09-21 22:00,31.44,,Sweden,0.25,paypall,13.56,Apparel,In-store,Not Returned,DHL,,Medium
592281,SKU_1779,Backpack,-40,2021-09-21 23:00,-37.01,,Portugal,1.8371652985118967,Credit Card,,Stationery,Online,Returned,FedEx,,High
895903,SKU_1597,Office Chair,29,2021-09-22 01:00,72.55,,Portugal,0.47,Bank Transfer,23.31,Electronics,Online,Not Returned,UPS,,High
905586,SKU_1687,Blue Pen,15,2021-09-22 12:00,20.7,,United Kingdom,0.23,paypall,14.73,Apparel,Online,Not Returned,DHL,Rome,High
644517,SKU_1855,Wireless Mouse,-10,2021-09-22 14:00,-40.88,,Australia,1.7472941847729142,Credit Card,,Accessories,In-store,Not Returned,Royal Mail,,High
172723,SKU_1229,Headphones,29,2021-09-22 22:00,22.91,,Norway,0.21,paypall,20.39,Accessories,In-store,Not Returned,DHL,Berlin,High
266020,SKU_1860,Office Chair,-5,2021-09-23 01:00,93.82,,Portugal,0.36,Bank Transfer,,Stationery,Online,Not Returned,Royal Mail,,Low
986696,SKU_1232,T-shirt,32,2021-09-23 02:00,21.59,,Norway,0.36,Bank Transfer,9.94,Apparel,Online,Returned,DHL,Amsterdam,High
673404,SKU_1337,Wall Clock,-33,2021-09-24 00:00,92.97,,Germany,0.19,Bank Transfer,,Accessories,Online,Not Returned,FedEx,,Medium
389596,SKU_1350,Backpack,22,2021-09-24 13:00,48.61,,France,0.32,Bank Transfer,10.05,Furniture,In-store,Not Returned,DHL,Rome,High
996165,SKU_1930,Office Chair,41,2021-09-24 23:00,68.12,,United Kingdom,0.25,Bank Transfer,17.22,Apparel,In-store,Not Returned,Royal Mail,Rome,Medium
131912,SKU_1812,USB Cable,-50,2021-09-25 12:00,-72.41,,Germany,0.06,Credit Card,,Accessories,In-store,Not Returned,UPS,,Low
733537,SKU_1450,Wireless Mouse,3,2021-09-25 19:00,26.54,,Norway,0.12,paypall,10.13,Furniture,In-store,Not Returned,FedEx,Paris,Medium
240689,SKU_1595,Wall Clock,-8,2021-09-25 22:00,-53.02,,Portugal,0.4,paypall,,Stationery,In-store,Not Returned,Royal Mail,,High
568484,SKU_1939,Wall Clock,-2,2021-09-25 23:00,-15.38,,United Kingdom,0.03,Bank Transfer,,Apparel,In-store,Not Returned,DHL,,Low
337225,SKU_1678,Notebook,-11,2021-09-26 01:00,-17.5,,United Kingdom,0.23,Bank Transfer,,Apparel,Online,Not Returned,Royal Mail,,Medium
376600,SKU_1128,Office Chair,26,2021-09-26 03:00,8.33,,Italy,0.19,paypall,25.12,Accessories,In-store,Not Returned,UPS,Rome,High
492653,SKU_1831,Desk Lamp,16,2021-09-26 16:00,32.9,,France,0.22,paypall,29.47,Accessories,In-store,Not Returned,UPS,,Low
421243,SKU_1386,T-shirt,22,2021-09-26 23:00,25.28,,Portugal,0.42,paypall,26.45,Electronics,In-store,Not Returned,FedEx,Berlin,Medium
642301,SKU_1866,Blue Pen,17,2021-09-27 02:00,55.0,,Germany,0.31,Credit Card,23.86,Apparel,In-store,Not Returned,Royal Mail,Amsterdam,High
825735,SKU_1693,T-shirt,-2,2021-09-27 06:00,-47.99,,Portugal,0.22,Bank Transfer,,Accessories,In-store,Not Returned,DHL,,High
696822,SKU_1368,Backpack,1,2021-09-27 18:00,72.99,,Spain,0.12,Credit Card,9.1,Electronics,Online,Not Returned,Royal Mail,Paris,High
896561,SKU_1944,Headphones,-32,2021-09-27 19:00,79.27,,Australia,0.11,paypall,,Electronics,Online,Not Returned,FedEx,,Low
898028,SKU_1134,USB Cable,-42,2021-09-27 22:00,-59.15,,Norway,1.794328150875471,paypall,,Furniture,Online,Not Returned,FedEx,,Low
790288,SKU_1337,Headphones,-41,2021-09-28 14:00,-65.97,,Spain,0.16,Credit Card,,Stationery,In-store,Not Returned,UPS,,High
610571,SKU_1747,Wall Clock,-23,2021-09-29 03:00,-49.07,,United Kingdom,0.44,Bank Transfer,,Furniture,Online,Not Returned,DHL,,Medium
770979,SKU_1371,Office Chair,-46,2021-09-29 06:00,-32.95,,Belgium,1.832966524075761,Bank Transfer,,Electronics,Online,Not Returned,FedEx,,High
229394,SKU_1431,Backpack,2,2021-09-30 08:00,45.19,,Sweden,0.11,paypall,5.72,Accessories,In-store,Not Returned,DHL,Berlin,Medium
228165,SKU_1038,Notebook,19,2021-10-01 19:00,64.02,,Norway,0.45,Credit Card,19.14,Accessories,In-store,Not Returned,DHL,Berlin,Low
407003,SKU_1674,T-shirt,-11,2021-10-02 03:00,-60.42,,Italy,1.3935947416247858,Credit Card,,Apparel,Online,Not Returned,Royal Mail,,Medium
680074,SKU_1138,Wireless Mouse,18,2021-10-02 04:00,16.41,,Norway,0.41,Bank Transfer,16.72,Stationery,Online,Not Returned,FedEx,London,Medium
286168,SKU_1074,Wall Clock,-13,2021-10-03 00:00,-99.37,,Australia,1.2009295608092527,Bank Transfer,,Stationery,Online,Not Returned,Royal Mail,,Medium
387062,SKU_1854,Backpack,-35,2021-10-03 04:00,-93.76,,Spain,1.6319674811938378,Bank Transfer,,Furniture,Online,Not Returned,FedEx,,High
623526,SKU_1752,Headphones,3,2021-10-03 20:00,34.2,,Germany,0.32,Bank Transfer,27.28,Apparel,In-store,Not Returned,DHL,Paris,Low
718943,SKU_1037,Desk Lamp,13,2021-10-04 03:00,49.99,,Italy,0.04,paypall,15.75,Stationery,Online,Not Returned,FedEx,,Low
212789,SKU_1680,Headphones,-12,2021-10-04 23:00,90.65,,Belgium,0.4,Credit Card,,Furniture,In-store,Not Returned,FedEx,,High
980650,SKU_1176,Wall Clock,-18,2021-10-05 20:00,-41.28,,Norway,1.4569260471555123,Bank Transfer,,Stationery,Online,Not Returned,FedEx,,Medium
103679,SKU_1768,USB Cable,-20,2021-10-06 02:00,73.21,,United Kingdom,0.04,paypall,,Electronics,Online,Not Returned,UPS,,Low
629983,SKU_1577,Desk Lamp,-25,2021-10-06 08:00,-43.94,,Sweden,0.41,Bank Transfer,,Electronics,In-store,Not Returned,Royal Mail,,Low
326812,SKU_1661,Blue Pen,38,2021-10-06 09:00,57.61,,United Kingdom,0.33,Bank Transfer,16.17,Furniture,In-store,Not Returned,UPS,Paris,Low
682787,SKU_1678,White Mug,-49,2021-10-06 10:00,-86.67,,Belgium,1.550533917440113,paypall,,Furniture,Online,Returned,UPS,,Low
343772,SKU_1562,Wall Clock,-27,2021-10-07 03:00,-41.27,,France,0.41,paypall,,Electronics,In-store,Not Returned,DHL,,High
777432,SKU_1929,White Mug,38,2021-10-07 20:00,62.1,,Germany,0.19,paypall,24.7,Stationery,In-store,Not Returned,FedEx,,Low
164186,SKU_1603,USB Cable,-3,2021-10-08 03:00,-54.8,,Italy,1.5138511956504623,paypall,,Apparel,In-store,Not Returned,DHL,,High
435983,SKU_1900,Wall Clock,27,2021-10-09 04:00,90.92,,Netherlands,0.49,Bank Transfer,21.69,Electronics,Online,Not Returned,Royal Mail,Rome,High
499769,SKU_1514,USB Cable,39,2021-10-09 09:00,14.52,,Portugal,0.14,Bank Transfer,5.01,Electronics,In-store,Not Returned,UPS,Berlin,Medium
659367,SKU_1955,USB Cable,-6,2021-10-10 03:00,50.89,,United Kingdom,0.41,Credit Card,,Apparel,In-store,Not Returned,DHL,,Low
146105,SKU_1736,Blue Pen,-3,2021-10-10 09:00,-13.34,,Portugal,1.6015725059040764,Bank Transfer,,Furniture,In-store,Not Returned,UPS,,Low
405415,SKU_1225,Office Chair,-39,2021-10-10 14:00,86.2,,Germany,0.39,paypall,,Apparel,Online,Not Returned,FedEx,,High
610708,SKU_1393,Wall Clock,33,2021-10-11 02:00,20.71,,Australia,0.01,Bank Transfer,23.76,Apparel,In-store,Not Returned,Royal Mail,London,Low
673374,SKU_1224,Headphones,48,2021-10-11 11:00,3.55,,Belgium,0.39,Bank Transfer,12.95,Stationery,Online,Not Returned,DHL,Berlin,High
593857,SKU_1015,Office Chair,32,2021-10-11 18:00,26.56,,United Kingdom,0.29,Bank Transfer,28.88,Furniture,In-store,Not Returned,DHL,London,High
359925,SKU_1083,Blue Pen,-10,2021-10-11 23:00,48.0,,Australia,0.36,Credit Card,,Stationery,Online,Not Returned,FedEx,,High
536374,SKU_1647,Wall Clock,40,2021-10-12 07:00,83.59,,Netherlands,0.1,Bank Transfer,19.24,Accessories,Online,Not Returned,DHL,,Low
793875,SKU_1250,Notebook,22,2021-10-13 15:00,42.22,,Germany,0.46,Bank Transfer,26.81,Apparel,In-store,Not Returned,Royal Mail,,High
529865,SKU_1416,Backpack,9,2021-10-14 02:00,92.8,,United Kingdom,0.38,Bank Transfer,9.15,Accessories,Online,Not Returned,UPS,,Low
891644,SKU_1900,Wall Clock,-30,2021-10-14 16:00,71.75,,Belgium,0.44,paypall,,Stationery,In-store,Not Returned,Royal Mail,,Medium
680526,SKU_1401,Wireless Mouse,35,2021-10-14 18:00,25.5,,Italy,0.04,Bank Transfer,17.15,Furniture,In-store,Not Returned,UPS,,Medium
396751,SKU_1027,Wall Clock,-41,2021-10-14 23:00,-63.14,,Belgium,1.5299321990302093,paypall,,Stationery,In-store,Not Returned,DHL,,Low
450857,SKU_1885,USB Cable,-49,2021-10-16 07:00,-84.29,,Norway,1.989237259610636,Credit Card,,Electronics,Online,Not Returned,DHL,,High
621317,SKU_1020,Desk Lamp,29,2021-10-16 23:00,8.05,,Germany,0.37,Credit Card,21.02,Electronics,In-store,Not Returned,DHL,London,High
881160,SKU_1863,Office Chair,-21,2021-10-17 04:00,-39.64,,France,1.1651016856834673,paypall,,Furniture,In-store,Not Returned,DHL,,Low
222537,SKU_1099,Notebook,-32,2021-10-17 18:00,-33.19,,Sweden,1.5309044151175009,paypall,,Electronics,Online,Not Returned,Royal Mail,,Medium
441115,SKU_1946,Office Chair,-40,2021-10-17 22:00,-61.81,,Netherlands,1.9072113439095717,paypall,,Electronics,Online,Not Returned,DHL,,Medium
273217,SKU_1375,Blue Pen,22,2021-10-18 00:00,45.51,,Australia,0.29,Credit Card,23.03,Electronics,Online,Returned,UPS,,Medium
762567,SKU_1410,Notebook,-44,2021-10-18 06:00,67.47,,Spain,0.05,Bank Transfer,,Apparel,In-store,Not Returned,FedEx,,Low
212099,SKU_1537,Desk Lamp,3,2021-10-18 13:00,42.15,,United Kingdom,0.06,Bank Transfer,14.14,Electronics,Online,Not Returned,UPS,Amsterdam,Medium
888356,SKU_1875,Backpack,4,2021-10-18 16:00,85.42,,Sweden,0.42,Bank Transfer,23.68,Apparel,Online,Not Returned,UPS,Paris,Low
694055,SKU_1069,T-shirt,-1,2021-10-19 03:00,-1.59,,United Kingdom,1.8879209461249529,Bank Transfer,,Stationery,Online,Not Returned,DHL,,Low
925858,SKU_1991,Notebook,13,2021-10-19 06:00,68.95,,Portugal,0.25,Bank Transfer,11.83,Stationery,In-store,Not Returned,FedEx,Rome,Medium
326884,SKU_1609,White Mug,-42,2021-10-19 21:00,-66.58,,United Kingdom,1.0294676268646252,paypall,,Stationery,Online,Not Returned,DHL,,High
445922,SKU_1574,Wireless Mouse,38,2021-10-20 14:00,40.92,,Belgium,0.4,Credit Card,9.6,Furniture,In-store,Not Returned,Royal Mail,Berlin,Low
413694,SKU_1526,Wireless Mouse,3,2021-10-20 17:00,48.17,,Spain,0.44,Bank Transfer,13.54,Apparel,In-store,Not Returned,DHL,,High
840749,SKU_1335,Blue Pen,47,2021-10-20 21:00,32.76,,United Kingdom,0.27,Bank Transfer,5.14,Stationery,In-store,Not Returned,UPS,Berlin,Medium
157771,SKU_1116,Wall Clock,-24,2021-10-22 05:00,43.45,,Belgium,0.06,Bank Transfer,,Stationery,Online,Not Returned,DHL,,Low
806931,SKU_1406,Blue Pen,-16,2021-10-24 22:00,-30.7,,Netherlands,1.2435489282738597,Credit Card,,Stationery,Online,Not Returned,FedEx,,Medium
473690,SKU_1475,White Mug,39,2021-10-25 02:00,53.96,,Belgium,0.48,Bank Transfer,22.11,Accessories,In-store,Not Returned,Royal Mail,Amsterdam,Low
102019,SKU_1866,Headphones,27,2021-10-26 00:00,71.6,,United Kingdom,0.29,paypall,16.83,Apparel,Online,Not Returned,DHL,Rome,Low
249102,SKU_1834,Notebook,-32,2021-10-26 04:00,-85.38,,United States,0.24,Bank Transfer,,Apparel,In-store,Returned,UPS,,Low
278725,SKU_1873,White Mug,-39,2021-10-26 10:00,-53.86,,France,1.066494638686606,Bank Transfer,,Stationery,In-store,Not Returned,Royal Mail,,Low
730077,SKU_1723,White Mug,38,2021-10-26 13:00,83.3,,United Kingdom,0.07,paypall,10.21,Accessories,In-store,Not Returned,DHL,,Low
885566,SKU_1879,Desk Lamp,17,2021-10-27 18:00,59.55,,United Kingdom,0.36,Bank Transfer,20.46,Accessories,Online,Not Returned,Royal Mail,,Medium
288511,SKU_1105,Backpack,28,2021-10-28 01:00,22.66,,Norway,0.31,paypall,13.21,Apparel,Online,Not Returned,FedEx,,High
475987,SKU_1392,White Mug,44,2021-10-28 16:00,35.04,,United Kingdom,0.46,paypall,18.01,Apparel,Online,Not Returned,Royal Mail,Rome,Medium
436564,SKU_1995,T-shirt,27,2021-10-28 18:00,11.62,,Italy,0.48,Credit Card,19.23,Furniture,Online,Not Returned,DHL,,Medium
171942,SKU_1364,Desk Lamp,-3,2021-10-29 18:00,93.1,,Portugal,0.09,Bank Transfer,,Electronics,Online,Not Returned,Royal Mail,,Medium
546439,SKU_1749,Backpack,-37,2021-10-29 22:00,-75.0,,Australia,1.2717929363475178,Credit Card,,Apparel,Online,Not Returned,UPS,,Low
489326,SKU_1138,Wireless Mouse,-18,2021-10-29 23:00,-6.7,,Germany,0.33,paypall,,Accessories,In-store,Not Returned,UPS,,Low
782286,SKU_1793,USB Cable,44,2021-10-30 01:00,62.53,,Sweden,0.46,paypall,28.58,Accessories,Online,Not Returned,UPS,London,Medium
110204,SKU_1985,Headphones,44,2021-10-30 22:00,94.03,,Norway,0.48,Credit Card,8.65,Stationery,In-store,Not Returned,FedEx,,High
659274,SKU_1539,Office Chair,12,2021-10-31 06:00,87.73,,Norway,0.01,Bank Transfer,28.54,Accessories,Online,Returned,Royal Mail,London,Low
191594,SKU_1276,Notebook,-11,2021-10-31 15:00,-51.02,,Spain,1.6578287005922292,paypall,,Electronics,Online,Returned,DHL,,Medium
241753,SKU_1080,Wall Clock,-35,2021-10-31 23:00,53.64,,Belgium,0.0,Bank Transfer,,Apparel,Online,Returned,UPS,,High
520615,SKU_1087,Wireless Mouse,37,2021-11-01 05:00,68.13,,France,0.13,Credit Card,28.17,Apparel,In-store,Not Returned,UPS,,Medium
394740,SKU_1135,Desk Lamp,23,2021-11-01 14:00,26.62,,United Kingdom,0.07,Credit Card,29.14,Electronics,Online,Not Returned,UPS,London,Medium
628551,SKU_1799,Backpack,-1,2021-11-02 05:00,-1.96,,Italy,1.9424359063973775,paypall,,Accessories,Online,Returned,UPS,,High
440716,SKU_1374,Headphones,26,2021-11-02 20:00,21.13,,Sweden,0.05,paypall,19.52,Electronics,In-store,Not Returned,Royal Mail,Berlin,High
650755,SKU_1299,USB Cable,27,2021-11-02 21:00,62.56,,United Kingdom,0.19,paypall,8.23,Furniture,In-store,Not Returned,DHL,Paris,High
804582,SKU_1411,Blue Pen,24,2021-11-03 07:00,56.11,,Italy,0.17,Credit Card,9.94,Accessories,In-store,Not Returned,DHL,Paris,Low
692052,SKU_1418,White Mug,18,2021-11-03 17:00,28.89,,Sweden,0.32,Bank Transfer,13.83,Accessories,In-store,Not Returned,FedEx,,Medium
660643,SKU_1735,Headphones,-32,2021-11-04 04:00,6.18,,Germany,0.29,paypall,,Electronics,Online,Not Returned,UPS,,Low
691952,SKU_1790,USB Cable,42,2021-11-04 14:00,98.11,,United Kingdom,0.2,Bank Transfer,26.49,Accessories,Online,Not Returned,Royal Mail,Paris,High
356349,SKU_1318,Backpack,-15,2021-11-04 19:00,-52.23,,United States,1.5819330027843843,Credit Card,,Apparel,Online,Returned,Royal Mail,,Low
928875,SKU_1712,Notebook,-45,2021-11-05 02:00,-13.14,,Australia,1.941967738821176,paypall,,Accessories,Online,Not Returned,UPS,,Low
752632,SKU_1367,White Mug,6,2021-11-05 03:00,52.31,,Portugal,0.47,Bank Transfer,5.78,Apparel,In-store,Not Returned,DHL,,Low
404604,SKU_1085,Blue Pen,-27,2021-11-05 12:00,-51.71,,Belgium,1.0862077768011822,paypall,,Stationery,Online,Not Returned,FedEx,,Medium
577959,SKU_1626,Notebook,17,2021-11-07 23:00,9.94,,United States,0.31,paypall,26.25,Stationery,In-store,Not Returned,DHL,,Low
670517,SKU_1869,Backpack,29,2021-11-08 02:00,98.01,,Sweden,0.41,Bank Transfer,5.11,Furniture,Online,Not Returned,Royal Mail,London,Low
554377,SKU_1013,Wireless Mouse,-11,2021-11-08 16:00,50.81,,Italy,0.44,Credit Card,,Furniture,Online,Not Returned,DHL,,Low
752692,SKU_1555,USB Cable,35,2021-11-08 18:00,56.72,,Belgium,0.32,Credit Card,29.57,Stationery,In-store,Not Returned,Royal Mail,,High
957411,SKU_1033,White Mug,15,2021-11-08 21:00,43.81,,Sweden,0.5,Credit Card,18.16,Accessories,Online,Not Returned,Royal Mail,London,Medium
131346,SKU_1879,Blue Pen,-18,2021-11-09 02:00,-40.74,,Sweden,1.5299347337291371,paypall,,Stationery,Online,Not Returned,FedEx,,Low
466595,SKU_1854,Desk Lamp,31,2021-11-09 04:00,27.08,,Italy,0.13,Bank Transfer,12.74,Furniture,In-store,Not Returned,UPS,Paris,High
115748,SKU_1806,Desk Lamp,-38,2021-11-09 18:00,-6.79,,Italy,1.2439587482017278,paypall,,Accessories,Online,Returned,Royal Mail,,Medium
636114,SKU_1837,Backpack,19,2021-11-09 21:00,28.67,,Norway,0.41,Credit Card,14.08,Furniture,Online,Not Returned,Royal Mail,Amsterdam,Low
753576,SKU_1776,Wall Clock,-2,2021-11-09 23:00,-56.13,,United States,1.7349079092960895,Credit Card,,Accessories,In-store,Not Returned,UPS,,Low
445250,SKU_1994,Notebook,-29,2021-11-10 09:00,-78.1,,Germany,0.37,paypall,,Furniture,In-store,Not Returned,FedEx,,High
742480,SKU_1383,Wireless Mouse,-17,2021-11-11 03:00,-46.79,,United Kingdom,0.33,paypall,,Stationery,Online,Returned,FedEx,,High
134512,SKU_1382,Headphones,-38,2021-11-12 14:00,-1.9,,Portugal,1.1874993881236242,Credit Card,,Apparel,In-store,Not Returned,FedEx,,High
829643,SKU_1512,Blue Pen,44,2021-11-13 11:00,19.98,,France,0.47,paypall,11.35,Furniture,Online,Returned,Royal Mail,London,Medium
362968,SKU_1974,USB Cable,-6,2021-11-13 14:00,-52.65,,United Kingdom,1.9556190625653624,Credit Card,,Apparel,Online,Not Returned,Royal Mail,,High
428761,SKU_1685,Desk Lamp,44,2021-11-13 18:00,22.01,,Australia,0.41,Credit Card,6.87,Apparel,Online,Not Returned,FedEx,Rome,Medium
832079,SKU_1362,USB Cable,5,2021-11-14 00:00,54.95,,Portugal,0.27,paypall,26.18,Accessories,Online,Not Returned,UPS,London,High
372126,SKU_1918,Notebook,-9,2021-11-14 05:00,29.71,,Netherlands,0.42,Bank Transfer,,Apparel,Online,Not Returned,DHL,,Low
668694,SKU_1203,Blue Pen,-7,2021-11-14 21:00,51.21,,France,0.42,Bank Transfer,,Apparel,Online,Not Returned,UPS,,Low
463584,SKU_1430,T-shirt,14,2021-11-15 02:00,22.76,,France,0.31,Credit Card,19.22,Accessories,In-store,Not Returned,UPS,Amsterdam,High
811601,SKU_1870,White Mug,-14,2021-11-15 05:00,-37.83,,Belgium,0.5,Credit Card,,Electronics,Online,Not Returned,Royal Mail,,High
746484,SKU_1592,USB Cable,-13,2021-11-15 16:00,-89.32,,Spain,1.8210013878581544,paypall,,Accessories,In-store,Not Returned,DHL,,Medium
169306,SKU_1646,Desk Lamp,8,2021-11-16 11:00,71.3,,Netherlands,0.0,Credit Card,18.81,Furniture,Online,Not Returned,DHL,London,Medium
527530,SKU_1282,Headphones,-17,2021-11-16 14:00,-59.81,,Germany,0.41,paypall,,Stationery,Online,Not Returned,Royal Mail,,High
802609,SKU_1348,Desk Lamp,-48,2021-11-16 23:00,-69.83,,Australia,1.6909362630061378,paypall,,Stationery,In-store,Not Returned,DHL,,Medium
942388,SKU_1518,Office Chair,-11,2021-11-18 07:00,-67.0,,Spain,0.22,paypall,,Accessories,In-store,Not Returned,Royal Mail,,Medium
555561,SKU_1305,Wireless Mouse,-7,2021-11-18 09:00,-58.05,,Sweden,1.381329146227173,Credit Card,,Accessories,Online,Not Returned,FedEx,,Medium
973761,SKU_1102,Desk Lamp,-45,2021-11-18 19:00,15.49,,United Kingdom,0.14,Bank Transfer,,Apparel,Online,Not Returned,UPS,,High
818580,SKU_1020,Office Chair,35,2021-11-19 10:00,41.84,,Sweden,0.48,Bank Transfer,5.26,Furniture,Online,Not Returned,Royal Mail,Rome,Medium
921853,SKU_1649,White Mug,1,2021-11-20 03:00,44.79,,Netherlands,0.5,Bank Transfer,16.1,Electronics,In-store,Not Returned,DHL,,High
627480,SKU_1606,Headphones,3,2021-11-20 05:00,11.8,,Portugal,0.04,paypall,5.58,Electronics,In-store,Not Returned,FedEx,Rome,Medium
641889,SKU_1368,T-shirt,-29,2021-11-21 17:00,-92.67,,Portugal,1.3625520539014349,Credit Card,,Accessories,Online,Not Returned,DHL,,Low
560828,SKU_1938,Desk Lamp,37,2021-11-21 21:00,52.94,,United Kingdom,0.4,Bank Transfer,5.81,Apparel,In-store,Not Returned,DHL,London,High
390144,SKU_1893,Headphones,-21,2021-11-22 00:00,-98.22,,Germany,1.253123633790755,Credit Card,,Stationery,In-store,Not Returned,DHL,,Low
619637,SKU_1241,White Mug,-42,2021-11-23 09:00,-15.43,,France,1.4439925432556513,Credit Card,,Accessories,Online,Not Returned,DHL,,High
876796,SKU_1006,Wall Clock,-24,2021-11-23 10:00,-95.2,,United States,0.39,Credit Card,,Furniture,In-store,Not Returned,FedEx,,Low
923749,SKU_1002,Desk Lamp,-41,2021-11-23 12:00,-63.72,,Italy,1.735645853370934,Bank Transfer,,Electronics,Online,Not Returned,FedEx,,Medium
427660,SKU_1853,Office Chair,-48,2021-11-23 13:00,-81.37,,Belgium,0.33,paypall,,Apparel,Online,Not Returned,UPS,,Medium
104889,SKU_1304,USB Cable,42,2021-11-23 17:00,71.67,,Sweden,0.34,Credit Card,24.64,Electronics,In-store,Not Returned,FedEx,Rome,Low
674839,SKU_1882,White Mug,29,2021-11-23 21:00,11.18,,Spain,0.1,Credit Card,12.03,Furniture,In-store,Not Returned,Royal Mail,Rome,Medium
594897,SKU_1012,White Mug,-37,2021-11-25 06:00,-71.57,,Germany,0.38,Credit Card,,Furniture,Online,Not Returned,Royal Mail,,High
169634,SKU_1308,USB Cable,7,2021-11-25 10:00,59.07,,Portugal,0.27,Bank Transfer,13.97,Electronics,In-store,Not Returned,DHL,Rome,Medium
902533,SKU_1267,Wireless Mouse,10,2021-11-26 10:00,35.22,,Italy,0.12,paypall,9.82,Stationery,In-store,Not Returned,Royal Mail,,High
408068,SKU_1230,Office Chair,11,2021-11-26 15:00,92.07,,Netherlands,0.29,paypall,20.18,Stationery,In-store,Not Returned,Royal Mail,London,Low
990648,SKU_1516,Desk Lamp,39,2021-11-26 21:00,92.49,,Portugal,0.25,paypall,24.89,Accessories,In-store,Not Returned,UPS,,High
460777,SKU_1100,Office Chair,-7,2021-11-27 03:00,-30.33,,United Kingdom,1.814448946231093,paypall,,Stationery,Online,Not Returned,DHL,,Medium
520114,SKU_1944,Headphones,-31,2021-11-28 00:00,-11.81,,Spain,1.2292624294944163,paypall,,Accessories,In-store,Not Returned,FedEx,,High
617649,SKU_1264,Headphones,-40,2021-11-28 01:00,-83.11,,Spain,0.43,Bank Transfer,,Furniture,In-store,Not Returned,UPS,,High
199919,SKU_1675,T-shirt,10,2021-11-28 02:00,58.85,,Germany,0.1,Bank Transfer,6.03,Electronics,Online,Not Returned,Royal Mail,,High
795494,SKU_1555,Backpack,27,2021-11-29 02:00,26.41,,Germany,0.22,Credit Card,18.0,Furniture,Online,Not Returned,DHL,Rome,High
952609,SKU_1652,Notebook,23,2021-11-29 06:00,30.28,,Australia,0.19,Bank Transfer,11.27,Stationery,Online,Not Returned,Royal Mail,,Low
821782,SKU_1949,Wireless Mouse,-1,2021-11-29 21:00,68.08,,Norway,0.48,paypall,,Stationery,In-store,Not Returned,DHL,,High
678706,SKU_1330,Desk Lamp,-14,2021-11-30 20:00,-7.41,,Netherlands,1.458652501376371,paypall,,Apparel,Online,Not Returned,UPS,,Low
464593,SKU_1895,Headphones,-39,2021-12-01 12:00,71.94,,Norway,0.24,Bank Transfer,,Accessories,In-store,Not Returned,FedEx,,Medium
355315,SKU_1393,Notebook,-14,2021-12-01 22:00,6.03,,Sweden,0.02,Credit Card,,Stationery,Online,Not Returned,Royal Mail,,High
394721,SKU_1025,USB Cable,29,2021-12-02 01:00,11.66,,Italy,0.3,Credit Card,11.66,Furniture,In-store,Not Returned,Royal Mail,London,High
357288,SKU_1769,Headphones,-11,2021-12-02 04:00,63.48,,Italy,0.37,paypall,,Electronics,Online,Not Returned,Royal Mail,,Low
332131,SKU_1598,Wireless Mouse,-20,2021-12-03 04:00,-7.83,,Italy,0.22,Bank Transfer,,Accessories,In-store,Not Returned,DHL,,Low
753059,SKU_1844,Backpack,-47,2021-12-03 23:00,-21.77,,Australia,0.28,paypall,,Stationery,Online,Not Returned,DHL,,Low
797785,SKU_1816,T-shirt,-42,2021-12-04 15:00,-78.01,,France,1.088386740184205,Bank Transfer,,Furniture,Online,Not Returned,Royal Mail,,Medium
313165,SKU_1461,Notebook,25,2021-12-05 18:00,26.27,,Netherlands,0.3,paypall,10.94,Apparel,Online,Returned,UPS,,Low
957158,SKU_1913,USB Cable,-49,2021-12-06 09:00,-43.89,,Germany,0.34,Credit Card,,Apparel,In-store,Not Returned,FedEx,,Medium
772709,SKU_1757,T-shirt,21,2021-12-06 21:00,60.57,,United Kingdom,0.15,Bank Transfer,28.06,Accessories,In-store,Not Returned,FedEx,Paris,Low
776894,SKU_1274,Notebook,26,2021-12-08 19:00,80.82,,Germany,0.45,Credit Card,22.92,Apparel,Online,Not Returned,DHL,Rome,Low
972510,SKU_1561,Notebook,29,2021-12-08 21:00,33.15,,Australia,0.24,paypall,28.72,Apparel,Online,Not Returned,FedEx,Paris,Low
690127,SKU_1791,Office Chair,9,2021-12-09 00:00,32.08,,France,0.16,Bank Transfer,12.92,Stationery,In-store,Not Returned,DHL,,High
248188,SKU_1479,Office Chair,-26,2021-12-09 11:00,83.94,,Belgium,0.13,paypall,,Electronics,In-store,Returned,DHL,,High
495340,SKU_1952,White Mug,34,2021-12-09 16:00,10.1,,United States,0.44,Credit Card,29.83,Furniture,Online,Not Returned,FedEx,,High
625285,SKU_1657,T-shirt,34,2021-12-10 04:00,56.88,,Netherlands,0.44,paypall,9.05,Stationery,Online,Returned,UPS,Berlin,Medium
744467,SKU_1103,Backpack,9,2021-12-10 07:00,51.42,,Spain,0.33,paypall,9.19,Stationery,In-store,Not Returned,Royal Mail,Berlin,High
347439,SKU_1129,USB Cable,-28,2021-12-10 08:00,76.79,,Sweden,0.18,Bank Transfer,,Accessories,In-store,Not Returned,Royal Mail,,High
995954,SKU_1893,Office Chair,9,2021-12-10 15:00,16.66,,France,0.31,paypall,13.36,Furniture,In-store,Not Returned,Royal Mail,,Low
979125,SKU_1325,Backpack,-19,2021-12-10 20:00,68.47,,Portugal,0.24,Credit Card,,Stationery,Online,Not Returned,DHL,,Low
913819,SKU_1393,USB Cable,24,2021-12-10 23:00,17.17,,Portugal,0.12,paypall,28.6,Electronics,Online,Returned,UPS,Berlin,Low
518161,SKU_1529,Notebook,23,2021-12-11 01:00,14.82,,Germany,0.34,Credit Card,14.02,Furniture,Online,Not Returned,FedEx,London,Low
329602,SKU_1550,T-shirt,2,2021-12-11 11:00,59.44,,United States,0.5,Credit Card,21.66,Furniture,In-store,Not Returned,UPS,Berlin,Medium
223323,SKU_1696,T-shirt,-28,2021-12-12 02:00,-52.1,,France,1.0935427921280931,Bank Transfer,,Furniture,Online,Not Returned,Royal Mail,,High
902699,SKU_1703,Desk Lamp,39,2021-12-12 14:00,80.8,,Netherlands,0.36,Bank Transfer,18.24,Apparel,In-store,Not Returned,DHL,Paris,Medium
238307,SKU_1182,Headphones,-3,2021-12-13 01:00,15.4,,Spain,0.01,Bank Transfer,,Accessories,Online,Not Returned,Royal Mail,,Low
894203,SKU_1312,Blue Pen,46,2021-12-13 14:00,8.72,33059.0,United States,0.01,paypall,5.39,Furniture,Online,Not Returned,DHL,Berlin,High
296945,SKU_1681,Blue Pen,49,2021-12-14 01:00,75.55,,France,0.42,paypall,15.77,Furniture,In-store,Not Returned,FedEx,London,Medium
609966,SKU_1574,USB Cable,14,2021-12-15 00:00,66.97,,Germany,0.2,Credit Card,16.17,Stationery,Online,Not Returned,Royal Mail,Rome,Low
637953,SKU_1131,Desk Lamp,-20,2021-12-15 05:00,26.24,,Belgium,0.18,Credit Card,,Electronics,Online,Not Returned,Royal Mail,,Medium
578766,SKU_1045,Blue Pen,-41,2021-12-16 00:00,7.48,,Germany,0.38,Credit Card,,Accessories,Online,Not Returned,FedEx,,High
540187,SKU_1834,Headphones,33,2021-12-16 12:00,93.32,,Australia,0.43,Bank Transfer,19.83,Stationery,Online,Not Returned,UPS,,Low
996881,SKU_1308,Wall Clock,44,2021-12-17 01:00,73.79,,Spain,0.03,paypall,27.13,Accessories,Online,Returned,DHL,,Medium
867469,SKU_1259,Headphones,-27,2021-12-17 08:00,-70.9,,France,1.7997459318911009,paypall,,Accessories,In-store,Not Returned,DHL,,Medium
646120,SKU_1735,T-shirt,10,2021-12-17 09:00,14.7,,United States,0.29,Bank Transfer,25.91,Furniture,Online,Not Returned,FedEx,London,Medium
570098,SKU_1976,Blue Pen,13,2021-12-17 12:00,7.82,,Belgium,0.41,paypall,12.88,Stationery,In-store,Returned,UPS,Rome,Medium
476394,SKU_1382,Notebook,10,2021-12-17 17:00,38.28,,Belgium,0.42,paypall,29.39,Accessories,In-store,Not Returned,Royal Mail,,Low
228131,SKU_1638,Wall Clock,38,2021-12-17 19:00,65.86,,United States,0.0,Bank Transfer,22.25,Furniture,Online,Not Returned,DHL,Berlin,High
471831,SKU_1679,Wall Clock,-25,2021-12-18 04:00,32.07,,Portugal,0.2,Credit Card,,Furniture,Online,Not Returned,Royal Mail,,Low
957735,SKU_1962,T-shirt,36,2021-12-18 12:00,96.4,,Sweden,0.24,Bank Transfer,27.91,Accessories,In-store,Not Returned,FedEx,,Medium
652958,SKU_1254,White Mug,6,2021-12-19 01:00,42.95,,Portugal,0.14,Bank Transfer,29.62,Stationery,In-store,Not Returned,UPS,Paris,Medium
731615,SKU_1366,Desk Lamp,-17,2021-12-19 05:00,-67.1,,Spain,1.883746667990141,paypall,,Electronics,Online,Returned,Royal Mail,,Low
585119,SKU_1281,White Mug,-7,2021-12-19 08:00,99.99,,Germany,0.27,Credit Card,,Stationery,In-store,Not Returned,Royal Mail,,High
622247,SKU_1073,Desk Lamp,35,2021-12-19 17:00,78.46,,Norway,0.34,paypall,19.15,Furniture,In-store,Not Returned,DHL,,High
366320,SKU_1239,Headphones,29,2021-12-19 20:00,85.59,,Norway,0.41,paypall,12.9,Apparel,Online,Returned,UPS,,Low
529059,SKU_1995,T-shirt,-6,2021-12-20 11:00,-85.46,,Australia,1.7748369193974314,Credit Card,,Apparel,Online,Not Returned,DHL,,High
776769,SKU_1624,Office Chair,4,2021-12-21 04:00,47.45,,Norway,0.25,Bank Transfer,10.99,Accessories,Online,Not Returned,DHL,Berlin,Low
349220,SKU_1705,USB Cable,21,2021-12-21 07:00,90.47,,Belgium,0.02,paypall,22.01,Stationery,In-store,Not Returned,FedEx,Amsterdam,High
893294,SKU_1853,Office Chair,14,2021-12-21 14:00,4.62,,Belgium,0.23,Bank Transfer,15.97,Furniture,In-store,Not Returned,FedEx,,Low
481059,SKU_1946,Wall Clock,31,2021-12-22 07:00,31.76,,France,0.07,paypall,23.61,Stationery,Online,Not Returned,FedEx,Paris,Low
802726,SKU_1106,Wireless Mouse,-14,2021-12-22 13:00,-87.77,,United States,1.7090841442263136,Bank Transfer,,Accessories,Online,Not Returned,Royal Mail,,Low
958754,SKU_1817,White Mug,-27,2021-12-22 14:00,-65.61,,Sweden,1.0512107447069663,Bank Transfer,,Electronics,In-store,Not Returned,UPS,,Low
988750,SKU_1051,Backpack,23,2021-12-22 15:00,40.22,,Germany,0.44,paypall,6.48,Stationery,In-store,Returned,DHL,,High
922613,SKU_1716,Office Chair,19,2021-12-24 12:00,20.08,,Australia,0.11,Credit Card,12.92,Accessories,Online,Not Returned,DHL,,High
434678,SKU_1884,T-shirt,5,2021-12-25 01:00,31.8,,Norway,0.04,paypall,13.45,Stationery,Online,Not Returned,Royal Mail,,Low
120557,SKU_1742,Office Chair,-12,2021-12-25 05:00,-27.09,,Italy,1.891209308468066,Bank Transfer,,Furniture,Online,Returned,DHL,,Low
900118,SKU_1736,Notebook,-14,2021-12-26 11:00,-4.83,,Belgium,1.0293283997241027,Credit Card,,Accessories,Online,Not Returned,UPS,,Medium
897399,SKU_1643,Backpack,35,2021-12-27 22:00,74.99,,Portugal,0.16,paypall,17.95,Electronics,Online,Not Returned,FedEx,Berlin,Medium
867441,SKU_1805,Blue Pen,-4,2021-12-28 14:00,85.82,,Australia,0.1,Credit Card,,Stationery,Online,Not Returned,Royal Mail,,Medium
378606,SKU_1035,Notebook,49,2021-12-28 23:00,13.66,,Spain,0.13,paypall,29.56,Furniture,Online,Not Returned,UPS,Rome,Medium
942495,SKU_1872,Notebook,-27,2021-12-29 07:00,-74.33,,Belgium,1.5886713828931636,paypall,,Furniture,Online,Not Returned,DHL,,Medium
179794,SKU_1166,White Mug,38,2021-12-29 14:00,99.98,,Spain,0.22,Bank Transfer,5.82,Furniture,In-store,Not Returned,UPS,Rome,High
604434,SKU_1894,Office Chair,11,2021-12-30 00:00,21.67,,Norway,0.21,Credit Card,15.37,Accessories,In-store,Not Returned,DHL,,High
241295,SKU_1168,Desk Lamp,-30,2021-12-30 01:00,9.44,,Norway,0.4,Bank Transfer,,Apparel,Online,Not Returned,FedEx,,High
168835,SKU_1171,Wireless Mouse,-31,2021-12-30 22:00,69.7,,Australia,0.33,paypall,,Electronics,In-store,Not Returned,Royal Mail,,High
347795,SKU_1336,White Mug,10,2021-12-31 00:00,79.45,,United Kingdom,0.41,Credit Card,17.09,Electronics,In-store,Not Returned,UPS,London,Medium
741204,SKU_1430,Headphones,-23,2021-12-31 03:00,72.48,,Norway,0.43,paypall,,Electronics,In-store,Not Returned,UPS,,High
655623,SKU_1759,Notebook,-6,2021-12-31 11:00,-92.44,,Australia,1.3086539812275142,paypall,,Furniture,In-store,Not Returned,FedEx,,High
844809,SKU_1351,Desk Lamp,-39,2021-12-31 14:00,-43.54,,Belgium,0.18,paypall,,Furniture,In-store,Not Returned,DHL,,High
373139,SKU_1047,Office Chair,28,2021-12-31 17:00,20.93,,United States,0.48,Bank Transfer,8.62,Apparel,In-store,Not Returned,DHL,,Medium
449422,SKU_1476,Backpack,-11,2021-12-31 22:00,-69.14,,France,1.3823983743314168,Bank Transfer,,Electronics,Online,Returned,UPS,,Low
291239,SKU_1095,USB Cable,45,2022-01-02 03:00,72.67,,Norway,0.32,Bank Transfer,5.53,Stationery,In-store,Not Returned,FedEx,Paris,Medium
633754,SKU_1219,Wall Clock,42,2022-01-02 09:00,95.71,,Norway,0.26,Bank Transfer,26.76,Accessories,In-store,Not Returned,DHL,London,Medium
246539,SKU_1773,Headphones,37,2022-01-02 13:00,79.47,,United States,0.15,Bank Transfer,24.57,Stationery,In-store,Not Returned,Royal Mail,,Medium
363369,SKU_1020,White Mug,-35,2022-01-03 20:00,76.15,,United States,0.06,Bank Transfer,,Accessories,In-store,Not Returned,DHL,,Medium
603575,SKU_1471,Desk Lamp,-11,2022-01-04 04:00,-84.89,,Netherlands,1.660327393900055,Credit Card,,Apparel,Online,Not Returned,Royal Mail,,Medium
500074,SKU_1293,T-shirt,-18,2022-01-04 15:00,12.54,,United Kingdom,0.47,Bank Transfer,,Apparel,Online,Returned,Royal Mail,,Low
423599,SKU_1530,Notebook,12,2022-01-04 22:00,24.14,,Portugal,0.13,Credit Card,28.11,Stationery,In-store,Not Returned,Royal Mail,Amsterdam,Low
550281,SKU_1545,Headphones,14,2022-01-06 02:00,3.18,,Sweden,0.05,paypall,26.43,Electronics,Online,Not Returned,Royal Mail,,High
688085,SKU_1839,Backpack,44,2022-01-06 19:00,80.69,,Germany,0.05,Credit Card,8.79,Accessories,In-store,Not Returned,FedEx,Amsterdam,High
916460,SKU_1439,Desk Lamp,-20,2022-01-07 01:00,-39.82,,Norway,0.41,paypall,,Furniture,In-store,Not Returned,UPS,,Medium
378747,SKU_1276,USB Cable,29,2022-01-07 10:00,61.51,,Italy,0.29,Credit Card,5.09,Furniture,Online,Not Returned,FedEx,Berlin,High
970670,SKU_1649,Notebook,-26,2022-01-07 14:00,78.1,,Spain,0.28,Credit Card,,Stationery,Online,Returned,UPS,,Low
535935,SKU_1429,Backpack,49,2022-01-07 15:00,66.2,,Netherlands,0.1,Bank Transfer,22.41,Apparel,In-store,Not Returned,DHL,Berlin,Low
582757,SKU_1449,Wall Clock,-23,2022-01-07 20:00,-24.4,,Germany,1.1156401516488048,Credit Card,,Furniture,Online,Not Returned,DHL,,Medium
642247,SKU_1789,Blue Pen,-9,2022-01-08 18:00,-42.14,,Netherlands,1.5998905000421022,paypall,,Furniture,In-store,Not Returned,FedEx,,Low
652810,SKU_1930,Wall Clock,-14,2022-01-08 19:00,-68.63,,Australia,1.551620252390014,paypall,,Electronics,In-store,Not Returned,FedEx,,Low
693358,SKU_1961,White Mug,-35,2022-01-09 20:00,-51.44,,Italy,1.0678184310127168,Bank Transfer,,Stationery,Online,Not Returned,DHL,,Medium
343761,SKU_1360,Headphones,-50,2022-01-10 10:00,25.94,,United States,0.48,Bank Transfer,,Furniture,Online,Not Returned,UPS,,Medium
133064,SKU_1111,Wall Clock,-19,2022-01-10 19:00,-90.24,,Germany,1.7979890971735977,paypall,,Accessories,In-store,Returned,DHL,,Low
739544,SKU_1746,Wireless Mouse,-5,2022-01-10 20:00,-67.86,,Australia,1.7353283786182978,paypall,,Stationery,In-store,Not Returned,DHL,,High
858947,SKU_1374,T-shirt,-3,2022-01-10 22:00,-6.54,,Italy,0.1,Bank Transfer,,Accessories,In-store,Not Returned,DHL,,High
367014,SKU_1491,Headphones,30,2022-01-11 23:00,62.75,,Australia,0.44,Credit Card,19.78,Accessories,In-store,Not Returned,DHL,,Low
906560,SKU_1224,White Mug,18,2022-01-12 08:00,66.49,,United Kingdom,0.13,Bank Transfer,22.88,Accessories,Online,Not Returned,UPS,Rome,Medium
705950,SKU_1778,T-shirt,27,2022-01-12 17:00,96.93,,Spain,0.27,paypall,18.15,Apparel,In-store,Not Returned,UPS,,Medium
717300,SKU_1374,Wireless Mouse,-13,2022-01-14 00:00,85.87,,Spain,0.38,paypall,,Apparel,In-store,Returned,FedEx,,Medium
439092,SKU_1517,Office Chair,-10,2022-01-14 11:00,5.85,,Norway,0.11,Credit Card,,Electronics,In-store,Not Returned,Royal Mail,,High
980808,SKU_1770,Office Chair,-33,2022-01-14 18:00,-84.7,,Portugal,1.541901902791103,Credit Card,,Apparel,In-store,Not Returned,FedEx,,High
824689,SKU_1472,Office Chair,-50,2022-01-15 10:00,-51.14,,Italy,1.4789513806137946,paypall,,Apparel,Online,Not Returned,DHL,,Low
435206,SKU_1503,USB Cable,-41,2022-01-16 08:00,-72.78,,United States,1.7653863030814594,paypall,,Electronics,In-store,Not Returned,FedEx,,Low
670569,SKU_1325,White Mug,28,2022-01-16 11:00,74.67,,Portugal,0.27,paypall,20.29,Electronics,Online,Not Returned,Royal Mail,,Medium
282394,SKU_1019,Notebook,21,2022-01-17 00:00,50.23,,France,0.37,Bank Transfer,22.34,Apparel,In-store,Not Returned,DHL,Amsterdam,High
518127,SKU_1469,Blue Pen,-17,2022-01-17 02:00,-71.07,,Germany,1.5378057538891827,Credit Card,,Stationery,In-store,Not Returned,DHL,,Medium
158122,SKU_1920,USB Cable,-45,2022-01-17 05:00,1.53,,Portugal,0.1,paypall,,Apparel,Online,Not Returned,UPS,,High
365591,SKU_1847,Wireless Mouse,-44,2022-01-17 09:00,-2.62,,Belgium,0.46,Bank Transfer,,Electronics,In-store,Not Returned,UPS,,Medium
992215,SKU_1493,Blue Pen,-29,2022-01-17 23:00,-38.71,,Germany,0.33,Credit Card,,Furniture,In-store,Returned,UPS,,High
296437,SKU_1901,Wireless Mouse,10,2022-01-18 09:00,64.46,,United States,0.06,paypall,28.58,Accessories,Online,Not Returned,Royal Mail,,Low
461995,SKU_1456,Wireless Mouse,29,2022-01-18 11:00,68.66,,Belgium,0.06,paypall,7.05,Electronics,In-store,Returned,DHL,Paris,Medium
248388,SKU_1959,Notebook,-22,2022-01-19 03:00,-60.14,,Belgium,1.8619636024941717,Credit Card,,Furniture,In-store,Not Returned,Royal Mail,,High
770534,SKU_1242,Blue Pen,18,2022-01-19 14:00,89.58,,Portugal,0.11,Bank Transfer,9.1,Furniture,Online,Not Returned,UPS,,Low
447509,SKU_1176,White Mug,7,2022-01-20 04:00,74.1,,Portugal,0.2,Credit Card,10.8,Accessories,In-store,Not Returned,DHL,Rome,Medium
982169,SKU_1640,White Mug,-35,2022-01-21 12:00,-18.18,,Netherlands,1.0073356268690032,Bank Transfer,,Furniture,In-store,Not Returned,FedEx,,Medium
619149,SKU_1561,Backpack,28,2022-01-22 08:00,61.63,,United Kingdom,0.26,Credit Card,28.9,Furniture,Online,Not Returned,FedEx,,Low
244608,SKU_1359,USB Cable,6,2022-01-22 20:00,26.69,,Norway,0.14,Bank Transfer,8.51,Accessories,In-store,Returned,UPS,London,Medium
142082,SKU_1829,Wireless Mouse,-41,2022-01-23 15:00,-67.11,,Netherlands,1.1257478779017145,Bank Transfer,,Accessories,In-store,Not Returned,Royal Mail,,Low
976122,SKU_1531,Wireless Mouse,-4,2022-01-23 19:00,66.01,,Spain,0.45,Bank Transfer,,Furniture,Online,Not Returned,DHL,,High
195220,SKU_1953,Wireless Mouse,-38,2022-01-23 20:00,39.21,,Belgium,0.13,paypall,,Electronics,In-store,Not Returned,UPS,,Low
860943,SKU_1851,Backpack,-49,2022-01-24 06:00,-68.62,,Netherlands,1.1636825311378662,Credit Card,,Stationery,In-store,Not Returned,Royal Mail,,High
385840,SKU_1865,Notebook,-24,2022-01-24 10:00,-4.14,,Netherlands,1.0100298324106447,paypall,,Apparel,Online,Not Returned,FedEx,,Low
102024,SKU_1512,Headphones,-37,2022-01-24 11:00,80.01,,United States,0.04,Bank Transfer,,Stationery,Online,Not Returned,Royal Mail,,Medium
528416,SKU_1914,Office Chair,9,2022-01-25 01:00,15.97,,United Kingdom,0.47,Bank Transfer,10.84,Furniture,In-store,Not Returned,DHL,,High
469556,SKU_1156,Notebook,25,2022-01-25 06:00,28.44,,Australia,0.04,Bank Transfer,19.06,Accessories,In-store,Not Returned,UPS,Amsterdam,High
509174,SKU_1950,USB Cable,-28,2022-01-25 17:00,33.89,,United Kingdom,0.12,paypall,,Furniture,Online,Not Returned,UPS,,Medium
555519,SKU_1633,Wall Clock,-31,2022-01-26 05:00,55.53,,Sweden,0.08,Credit Card,,Stationery,Online,Not Returned,FedEx,,Low
891699,SKU_1859,Backpack,32,2022-01-26 07:00,13.51,,Sweden,0.01,paypall,10.13,Apparel,Online,Not Returned,FedEx,,High
283719,SKU_1177,T-shirt,22,2022-01-26 08:00,34.96,,Norway,0.19,Bank Transfer,14.4,Furniture,In-store,Not Returned,UPS,Berlin,Low
773832,SKU_1391,White Mug,-19,2022-01-26 15:00,43.14,,Norway,0.36,Credit Card,,Stationery,In-store,Not Returned,DHL,,Low
916916,SKU_1381,White Mug,46,2022-01-27 05:00,37.78,,France,0.07,Credit Card,6.25,Furniture,Online,Not Returned,UPS,Amsterdam,High
276682,SKU_1481,Headphones,-19,2022-01-27 08:00,69.83,,Norway,0.15,paypall,,Apparel,Online,Not Returned,UPS,,High
912267,SKU_1244,Wall Clock,6,2022-01-27 10:00,80.4,,Portugal,0.35,Credit Card,14.58,Stationery,Online,Returned,DHL,,High
832320,SKU_1475,Wall Clock,-31,2022-01-27 14:00,-80.95,,United Kingdom,1.1419030186562984,Credit Card,,Stationery,In-store,Not Returned,FedEx,,Low
975433,SKU_1429,Wall Clock,8,2022-01-27 23:00,39.55,,France,0.02,paypall,21.24,Stationery,Online,Not Returned,Royal Mail,London,Medium
880644,SKU_1897,Office Chair,21,2022-01-28 11:00,46.73,,Italy,0.24,paypall,21.16,Electronics,In-store,Not Returned,DHL,,Medium
125301,SKU_1294,Wall Clock,-21,2022-01-28 17:00,-61.76,,Norway,1.0793574897593623,Bank Transfer,,Electronics,Online,Not Returned,Royal Mail,,High
835101,SKU_1879,Wireless Mouse,7,2022-01-29 05:00,1.8,,Spain,0.07,Credit Card,27.72,Stationery,Online,Not Returned,Royal Mail,Amsterdam,Low
211153,SKU_1107,Wireless Mouse,-22,2022-01-29 08:00,21.28,,Italy,0.35,paypall,,Electronics,In-store,Not Returned,UPS,,Medium
818398,SKU_1934,Wall Clock,36,2022-01-29 20:00,44.93,,Sweden,0.29,paypall,21.87,Stationery,In-store,Not Returned,UPS,,Low
348850,SKU_1288,T-shirt,6,2022-01-29 21:00,47.53,,Sweden,0.15,paypall,13.82,Accessories,In-store,Not Returned,UPS,,Medium
838650,SKU_1284,White Mug,-41,2022-01-29 22:00,-52.64,,Portugal,1.196632135754998,paypall,,Electronics,Online,Not Returned,FedEx,,High
347688,SKU_1185,USB Cable,-36,2022-01-29 23:00,9.71,,United Kingdom,0.36,Bank Transfer,,Stationery,Online,Not Returned,Royal Mail,,High
540691,SKU_1978,White Mug,37,2022-01-30 07:00,55.36,,Germany,0.31,paypall,18.43,Apparel,In-store,Not Returned,FedEx,,High
984235,SKU_1748,Wireless Mouse,17,2022-01-31 02:00,53.11,,Germany,0.24,paypall,17.39,Furniture,In-store,Not Returned,DHL,Rome,High
728420,SKU_1482,White Mug,-21,2022-01-31 11:00,-11.43,,France,1.3065802417420609,Credit Card,,Stationery,Online,Not Returned,DHL,,Low
779601,SKU_1801,Wireless Mouse,35,2022-02-01 11:00,98.45,,France,0.23,Credit Card,23.09,Apparel,In-store,Not Returned,UPS,Paris,Medium
103657,SKU_1469,Backpack,-15,2022-02-01 16:00,23.05,,Germany,0.01,Credit Card,,Stationery,In-store,Not Returned,Royal Mail,,Low
623846,SKU_1611,T-shirt,21,2022-02-02 14:00,51.67,,Germany,0.09,Bank Transfer,9.99,Furniture,In-store,Not Returned,FedEx,Paris,High
982622,SKU_1546,USB Cable,-31,2022-02-03 10:00,-74.05,,Portugal,0.17,Bank Transfer,,Electronics,In-store,Not Returned,Royal Mail,,Medium
542667,SKU_1777,Office Chair,-25,2022-02-03 12:00,66.46,,Portugal,0.17,Bank Transfer,,Electronics,Online,Not Returned,DHL,,Medium
281676,SKU_1629,Backpack,-26,2022-02-04 03:00,-92.23,,United States,1.6591049834030245,paypall,,Furniture,In-store,Not Returned,FedEx,,Low
797143,SKU_1879,Office Chair,-31,2022-02-04 17:00,-34.12,,United States,1.6743822543775693,Credit Card,,Furniture,Online,Not Returned,Royal Mail,,Low
561531,SKU_1449,Notebook,-20,2022-02-04 19:00,-26.42,,United States,1.4051335681762174,paypall,,Apparel,Online,Not Returned,DHL,,Low
939665,SKU_1543,Office Chair,24,2022-02-05 15:00,16.69,,Netherlands,0.21,paypall,16.88,Furniture,In-store,Not Returned,UPS,Rome,High
572803,SKU_1492,USB Cable,-50,2022-02-06 02:00,15.3,,Germany,0.24,paypall,,Apparel,Online,Not Returned,UPS,,High
512230,SKU_1588,Blue Pen,5,2022-02-07 00:00,82.88,,United Kingdom,0.12,Credit Card,14.08,Furniture,Online,Not Returned,FedEx,,High
223775,SKU_1729,Wall Clock,-3,2022-02-07 12:00,-34.22,,Australia,1.9511619424304365,Bank Transfer,,Electronics,Online,Not Returned,UPS,,Low
724652,SKU_1930,Desk Lamp,-12,2022-02-07 19:00,5.0,,Italy,0.13,Bank Transfer,,Accessories,In-store,Not Returned,DHL,,High
364531,SKU_1841,USB Cable,8,2022-02-07 21:00,38.54,,Sweden,0.22,paypall,28.25,Furniture,In-store,Not Returned,FedEx,Berlin,High
407558,SKU_1782,Backpack,-5,2022-02-08 07:00,99.32,,Norway,0.08,Bank Transfer,,Furniture,Online,Not Returned,UPS,,High
737096,SKU_1471,Headphones,-48,2022-02-08 09:00,-73.41,,Portugal,0.04,paypall,,Stationery,Online,Not Returned,Royal Mail,,Low
366441,SKU_1108,White Mug,6,2022-02-08 13:00,76.17,,Portugal,0.28,Credit Card,17.72,Stationery,Online,Not Returned,UPS,London,Medium
972911,SKU_1648,Blue Pen,33,2022-02-08 15:00,26.92,,Belgium,0.25,paypall,23.23,Apparel,In-store,Not Returned,Royal Mail,,Medium
723540,SKU_1768,Headphones,-50,2022-02-09 03:00,37.44,,Sweden,0.34,Credit Card,,Apparel,Online,Not Returned,UPS,,High
374348,SKU_1153,Desk Lamp,18,2022-02-09 07:00,68.26,,Germany,0.33,Credit Card,20.91,Electronics,Online,Not Returned,Royal Mail,Amsterdam,Low
651151,SKU_1340,Notebook,41,2022-02-09 22:00,46.95,,United States,0.49,Credit Card,6.0,Apparel,Online,Not Returned,UPS,,High
405525,SKU_1003,Office Chair,31,2022-02-09 23:00,37.76,,Belgium,0.17,Credit Card,25.11,Stationery,In-store,Not Returned,DHL,Amsterdam,Low
356094,SKU_1138,Office Chair,-12,2022-02-10 13:00,-78.6,,Portugal,0.08,Bank Transfer,,Accessories,In-store,Not Returned,UPS,,Low
959029,SKU_1896,Wireless Mouse,6,2022-02-11 04:00,41.91,,Spain,0.47,paypall,20.85,Electronics,Online,Not Returned,Royal Mail,,High
451301,SKU_1731,Desk Lamp,2,2022-02-11 23:00,35.08,,Australia,0.01,Bank Transfer,18.81,Stationery,Online,Not Returned,FedEx,Rome,High
109765,SKU_1489,T-shirt,42,2022-02-13 20:00,4.59,,Sweden,0.37,paypall,28.26,Apparel,Online,Not Returned,FedEx,,Low
477972,SKU_1641,Wireless Mouse,39,2022-02-13 21:00,57.39,,France,0.1,Bank Transfer,19.98,Accessories,In-store,Not Returned,Royal Mail,,Low
526925,SKU_1400,USB Cable,35,2022-02-14 06:00,29.14,,Australia,0.17,paypall,15.97,Stationery,In-store,Not Returned,Royal Mail,London,Low
739411,SKU_1014,T-shirt,42,2022-02-14 14:00,8.75,,Norway,0.45,Bank Transfer,24.83,Furniture,Online,Not Returned,FedEx,,Low
858912,SKU_1522,USB Cable,-13,2022-02-14 18:00,-14.06,,Germany,1.3258597934060483,paypall,,Apparel,Online,Returned,FedEx,,Medium
485939,SKU_1487,T-shirt,5,2022-02-14 22:00,12.64,,Netherlands,0.14,Credit Card,8.54,Stationery,Online,Not Returned,UPS,,Medium
127215,SKU_1310,T-shirt,40,2022-02-14 23:00,87.36,,Norway,0.01,Credit Card,21.64,Stationery,In-store,Returned,FedEx,,High
527310,SKU_1979,Desk Lamp,24,2022-02-15 03:00,6.71,,United Kingdom,0.13,Bank Transfer,27.33,Furniture,In-store,Not Returned,UPS,Rome,Medium
384599,SKU_1124,USB Cable,16,2022-02-16 02:00,14.13,,Norway,0.11,paypall,22.69,Electronics,Online,Not Returned,FedEx,Berlin,High
228305,SKU_1154,T-shirt,27,2022-02-16 13:00,71.85,,Netherlands,0.43,Bank Transfer,9.56,Apparel,Online,Not Returned,Royal Mail,London,Low
732337,SKU_1978,T-shirt,14,2022-02-16 15:00,6.92,,United Kingdom,0.37,Bank Transfer,5.47,Stationery,Online,Not Returned,DHL,Berlin,High
358946,SKU_1871,White Mug,13,2022-02-17 01:00,3.5,,France,0.44,Bank Transfer,14.0,Accessories,Online,Not Returned,UPS,Paris,Low
461395,SKU_1566,Headphones,43,2022-02-17 13:00,36.87,,Spain,0.09,Credit Card,16.69,Stationery,In-store,Not Returned,Royal Mail,Paris,Low
696033,SKU_1499,Notebook,-39,2022-02-17 23:00,42.19,,Italy,0.48,paypall,,Stationery,In-store,Not Returned,DHL,,High
759436,SKU_1451,Office Chair,-5,2022-02-18 04:00,-53.56,,Norway,0.39,Credit Card,,Electronics,Online,Not Returned,DHL,,High
744408,SKU_1208,USB Cable,8,2022-02-18 18:00,97.0,,France,0.31,paypall,19.8,Stationery,In-store,Not Returned,UPS,London,Low
414326,SKU_1862,Wall Clock,43,2022-02-18 23:00,10.68,,France,0.22,Bank Transfer,13.81,Accessories,In-store,Not Returned,Royal Mail,Rome,Medium
128669,SKU_1705,White Mug,-6,2022-02-19 16:00,-34.28,,Spain,0.19,Credit Card,,Apparel,In-store,Not Returned,Royal Mail,,Medium
125741,SKU_1768,Wall Clock,6,2022-02-20 02:00,7.47,,Germany,0.18,Credit Card,12.2,Electronics,Online,Not Returned,UPS,,Medium
442112,SKU_1994,Backpack,11,2022-02-20 18:00,80.69,,United States,0.12,paypall,27.96,Electronics,Online,Returned,Royal Mail,London,Medium
421546,SKU_1520,Backpack,-34,2022-02-22 03:00,-40.22,,Spain,1.4042848930458565,Credit Card,,Electronics,In-store,Not Returned,DHL,,High
792642,SKU_1048,T-shirt,5,2022-02-22 06:00,21.68,,Australia,0.35,Credit Card,28.74,Apparel,In-store,Not Returned,Royal Mail,Berlin,Low
519389,SKU_1249,Notebook,17,2022-02-23 12:00,55.2,,Belgium,0.22,Bank Transfer,25.07,Electronics,Online,Not Returned,UPS,,Low
201046,SKU_1371,Notebook,-34,2022-02-23 18:00,-74.51,,Belgium,1.1958204209815095,Bank Transfer,,Apparel,Online,Not Returned,Royal Mail,,High
252018,SKU_1520,White Mug,41,2022-02-24 01:00,79.36,,Germany,0.34,Bank Transfer,5.06,Furniture,In-store,Not Returned,FedEx,,Medium
385648,SKU_1752,Wireless Mouse,-10,2022-02-24 02:00,-55.86,,Germany,0.19,Credit Card,,Electronics,In-store,Not Returned,UPS,,High
463284,SKU_1493,Notebook,-9,2022-02-24 16:00,-62.7,,Norway,1.8084822834535728,Bank Transfer,,Apparel,Online,Not Returned,FedEx,,High
922366,SKU_1507,Headphones,-12,2022-02-24 22:00,-23.7,,Germany,0.49,Credit Card,,Electronics,Online,Returned,UPS,,Low
577982,SKU_1013,Blue Pen,-3,2022-02-25 01:00,-93.96,,Netherlands,1.0408599056736332,paypall,,Furniture,Online,Not Returned,UPS,,Medium
667044,SKU_1907,White Mug,-19,2022-02-25 08:00,-28.49,,France,1.2640202390028077,paypall,,Accessories,In-store,Not Returned,UPS,,Low
198980,SKU_1692,Wireless Mouse,-17,2022-02-25 21:00,48.98,,Australia,0.22,Bank Transfer,,Accessories,Online,Not Returned,Royal Mail,,Low
315192,SKU_1707,White Mug,-43,2022-02-26 17:00,-20.1,,Italy,0.16,paypall,,Apparel,In-store,Not Returned,Royal Mail,,High
342282,SKU_1380,Blue Pen,34,2022-02-26 18:00,19.99,,Germany,0.11,paypall,28.6,Electronics,Online,Not Returned,FedEx,,Low
892063,SKU_1612,Blue Pen,43,2022-02-27 05:00,85.61,,Germany,0.06,Bank Transfer,7.22,Stationery,Online,Not Returned,UPS,Rome,High
669494,SKU_1599,Desk Lamp,-19,2022-02-27 09:00,-4.82,,Netherlands,1.5472344825680169,Bank Transfer,,Stationery,In-store,Not Returned,Royal Mail,,High
158334,SKU_1036,Blue Pen,25,2022-02-27 11:00,26.8,,Netherlands,0.48,Credit Card,28.57,Stationery,Online,Not Returned,DHL,,Low
677907,SKU_1423,Headphones,-26,2022-02-27 13:00,-59.6,,Portugal,1.6955399654350607,Bank Transfer,,Apparel,In-store,Not Returned,DHL,,Low
536370,SKU_1680,White Mug,33,2022-02-28 02:00,88.87,,United Kingdom,0.06,Credit Card,24.78,Stationery,In-store,Not Returned,Royal Mail,,Low
814622,SKU_1399,Wireless Mouse,7,2022-03-01 20:00,46.74,,Spain,0.07,Credit Card,7.63,Electronics,In-store,Not Returned,FedEx,Amsterdam,High
312996,SKU_1160,T-shirt,-3,2022-03-02 04:00,39.77,,Portugal,0.02,paypall,,Furniture,Online,Not Returned,DHL,,Low
997148,SKU_1715,Headphones,37,2022-03-02 11:00,82.74,,Sweden,0.31,Bank Transfer,26.91,Apparel,In-store,Not Returned,UPS,Paris,Low
419540,SKU_1513,Desk Lamp,-45,2022-03-02 17:00,-87.26,,Netherlands,0.32,paypall,,Apparel,In-store,Not Returned,DHL,,Medium
524018,SKU_1124,Notebook,1,2022-03-03 03:00,83.3,,Portugal,0.42,paypall,24.47,Furniture,Online,Returned,UPS,Amsterdam,Medium
790952,SKU_1173,White Mug,-13,2022-03-03 13:00,31.3,,Spain,0.34,Credit Card,,Electronics,In-store,Not Returned,Royal Mail,,Medium
680294,SKU_1216,Wall Clock,21,2022-03-03 14:00,27.87,,United Kingdom,0.05,Credit Card,11.23,Accessories,In-store,Not Returned,DHL,,Low
775234,SKU_1173,Backpack,-32,2022-03-03 19:00,-10.5,,Spain,0.21,Credit Card,,Furniture,Online,Not Returned,UPS,,Medium
605096,SKU_1383,Desk Lamp,21,2022-03-04 00:00,3.02,,France,0.21,Bank Transfer,28.73,Electronics,Online,Returned,FedEx,Paris,Medium
889539,SKU_1601,Notebook,-31,2022-03-04 04:00,-45.68,,France,1.2431698577139192,Credit Card,,Apparel,Online,Not Returned,DHL,,High
424158,SKU_1572,USB Cable,18,2022-03-05 04:00,71.21,,Portugal,0.39,Bank Transfer,17.5,Apparel,In-store,Not Returned,UPS,,High
607704,SKU_1318,Wireless Mouse,19,2022-03-05 10:00,62.53,,Belgium,0.3,Bank Transfer,13.77,Electronics,Online,Not Returned,DHL,,Medium
160282,SKU_1145,Desk Lamp,37,2022-03-05 23:00,2.46,,Belgium,0.5,Bank Transfer,7.14,Stationery,In-store,Not Returned,FedEx,Berlin,Medium
891352,SKU_1178,Headphones,-35,2022-03-06 10:00,53.43,,France,0.07,Bank Transfer,,Apparel,In-store,Not Returned,DHL,,High
924428,SKU_1592,Blue Pen,-38,2022-03-06 12:00,21.56,,United Kingdom,0.43,paypall,,Furniture,In-store,Not Returned,FedEx,,High
428779,SKU_1587,Office Chair,-39,2022-03-06 23:00,-37.51,,Netherlands,1.8401467243418212,Bank Transfer,,Stationery,Online,Not Returned,Royal Mail,,High
106402,SKU_1721,Wall Clock,26,2022-03-07 07:00,37.32,,Italy,0.04,Bank Transfer,7.62,Electronics,In-store,Not Returned,Royal Mail,Berlin,Low
924283,SKU_1194,Desk Lamp,-18,2022-03-07 23:00,-65.16,,Belgium,0.35,paypall,,Accessories,Online,Returned,FedEx,,Medium
102175,SKU_1474,Wall Clock,-11,2022-03-08 02:00,58.39,,Norway,0.25,Credit Card,,Stationery,In-store,Not Returned,Royal Mail,,Medium
174180,SKU_1783,Office Chair,38,2022-03-09 03:00,45.13,,Belgium,0.16,Credit Card,8.78,Electronics,Online,Not Returned,FedEx,Berlin,Medium
124276,SKU_1246,USB Cable,-19,2022-03-09 22:00,-63.99,,Germany,1.3027977151770735,paypall,,Apparel,In-store,Not Returned,Royal Mail,,Medium
966297,SKU_1964,Wireless Mouse,-50,2022-03-11 14:00,89.63,,Sweden,0.01,Credit Card,,Furniture,In-store,Not Returned,DHL,,Medium
100903,SKU_1418,Desk Lamp,5,2022-03-11 21:00,35.67,,France,0.26,Credit Card,21.28,Apparel,Online,Returned,UPS,Paris,Medium
449207,SKU_1545,White Mug,2,2022-03-12 07:00,4.3,,Portugal,0.48,paypall,29.03,Furniture,In-store,Not Returned,FedEx,,Medium
915134,SKU_1185,Backpack,3,2022-03-12 16:00,39.76,,France,0.2,Bank Transfer,18.6,Accessories,Online,Not Returned,UPS,,Low
223482,SKU_1976,Headphones,34,2022-03-12 17:00,95.28,,Spain,0.48,Credit Card,10.81,Electronics,In-store,Not Returned,FedEx,,Low
806902,SKU_1920,Blue Pen,25,2022-03-13 23:00,27.72,,Italy,0.34,Bank Transfer,6.55,Accessories,In-store,Not Returned,FedEx,Berlin,Low
689573,SKU_1878,Headphones,-31,2022-03-14 00:00,47.37,,Norway,0.43,paypall,,Electronics,In-store,Not Returned,Royal Mail,,High
159547,SKU_1963,Headphones,11,2022-03-14 01:00,48.69,,Germany,0.06,paypall,13.41,Accessories,In-store,Not Returned,FedEx,,Medium
445529,SKU_1293,Headphones,24,2022-03-14 05:00,77.0,,Portugal,0.06,paypall,20.52,Accessories,Online,Not Returned,Royal Mail,London,Low
274682,SKU_1402,Wall Clock,44,2022-03-14 12:00,95.88,,Germany,0.47,paypall,14.08,Furniture,In-store,Not Returned,DHL,Amsterdam,High
582843,SKU_1284,Headphones,37,2022-03-15 06:00,81.61,,Australia,0.4,Credit Card,26.15,Furniture,Online,Not Returned,DHL,Amsterdam,High
493727,SKU_1133,Wall Clock,-35,2022-03-15 07:00,-49.81,,Germany,1.2619168460999668,Credit Card,,Accessories,Online,Not Returned,FedEx,,Medium
474994,SKU_1768,Desk Lamp,31,2022-03-15 08:00,29.57,,France,0.14,paypall,10.23,Furniture,Online,Not Returned,UPS,Rome,Low
575388,SKU_1259,Desk Lamp,22,2022-03-15 12:00,30.42,,Sweden,0.17,paypall,24.41,Furniture,Online,Not Returned,UPS,Paris,Low
370640,SKU_1409,Desk Lamp,36,2022-03-15 20:00,7.01,,Germany,0.29,paypall,22.08,Furniture,In-store,Not Returned,DHL,,High
137690,SKU_1134,Notebook,29,2022-03-16 19:00,13.49,,Belgium,0.02,paypall,5.83,Electronics,Online,Not Returned,DHL,,Low
853702,SKU_1394,White Mug,-32,2022-03-17 09:00,49.99,,Portugal,0.0,paypall,,Stationery,Online,Not Returned,UPS,,High
414380,SKU_1863,Wireless Mouse,-42,2022-03-17 10:00,3.84,,Germany,0.41,Credit Card,,Stationery,In-store,Not Returned,Royal Mail,,Low
679885,SKU_1532,Desk Lamp,-4,2022-03-18 02:00,76.12,,Spain,0.44,paypall,,Apparel,Online,Not Returned,UPS,,High
615303,SKU_1262,USB Cable,-37,2022-03-18 20:00,-97.58,,Sweden,0.42,Credit Card,,Stationery,Online,Not Returned,UPS,,Low
951590,SKU_1890,Wall Clock,-6,2022-03-19 05:00,46.01,,Portugal,0.14,paypall,,Accessories,In-store,Not Returned,UPS,,High
605074,SKU_1120,T-shirt,48,2022-03-19 16:00,93.07,,France,0.12,Credit Card,24.26,Apparel,In-store,Not Returned,Royal Mail,Paris,Low
704065,SKU_1320,USB Cable,-45,2022-03-21 23:00,-86.51,,France,1.0159331358719237,Bank Transfer,,Stationery,Online,Not Returned,FedEx,,Medium
629437,SKU_1830,Headphones,-31,2022-03-22 18:00,37.17,,Sweden,0.1,paypall,,Electronics,In-store,Not Returned,UPS,,Medium
984156,SKU_1325,Notebook,-47,2022-03-22 21:00,-7.18,,Netherlands,1.3275493913677687,Bank Transfer,,Accessories,Online,Not Returned,Royal Mail,,High
832444,SKU_1738,White Mug,23,2022-03-24 17:00,50.15,,Portugal,0.03,Credit Card,12.7,Stationery,Online,Not Returned,UPS,,High
115115,SKU_1338,Wireless Mouse,38,2022-03-24 18:00,9.24,,Germany,0.09,Credit Card,9.51,Electronics,In-store,Not Returned,Royal Mail,London,High
333553,SKU_1434,White Mug,-23,2022-03-24 20:00,-28.07,,Portugal,1.0584389089105477,Credit Card,,Electronics,Online,Not Returned,UPS,,Low
490929,SKU_1675,Wall Clock,-16,2022-03-25 02:00,89.02,,Spain,0.34,paypall,,Stationery,Online,Not Returned,DHL,,Low
704670,SKU_1622,T-shirt,-27,2022-03-25 12:00,43.48,,United States,0.38,Credit Card,,Furniture,In-store,Returned,DHL,,Medium
149607,SKU_1460,Backpack,-30,2022-03-26 10:00,1.28,,Spain,0.12,Credit Card,,Stationery,In-store,Not Returned,Royal Mail,,High
639877,SKU_1553,White Mug,-11,2022-03-27 03:00,-8.86,,Spain,1.724471354016809,Credit Card,,Accessories,In-store,Not Returned,DHL,,Low
383303,SKU_1756,White Mug,24,2022-03-28 00:00,88.89,,Portugal,0.0,Credit Card,27.59,Electronics,In-store,Not Returned,Royal Mail,Berlin,High
471698,SKU_1038,USB Cable,-27,2022-03-29 03:00,10.27,,France,0.1,Credit Card,,Accessories,In-store,Not Returned,FedEx,,Low
965756,SKU_1047,Wall Clock,-1,2022-03-29 17:00,21.17,,Portugal,0.09,Bank Transfer,,Stationery,In-store,Not Returned,Royal Mail,,Medium
394438,SKU_1629,Notebook,-27,2022-03-29 23:00,-87.82,,Belgium,0.32,Bank Transfer,,Accessories,In-store,Not Returned,FedEx,,Low
606399,SKU_1469,Wireless Mouse,37,2022-03-30 20:00,43.88,,United States,0.12,Credit Card,24.92,Stationery,In-store,Not Returned,DHL,Paris,Low
139244,SKU_1507,Headphones,-44,2022-03-31 03:00,-1.29,,Germany,0.31,Credit Card,,Apparel,In-store,Returned,UPS,,Low
181098,SKU_1369,Blue Pen,-28,2022-03-31 08:00,78.14,,Belgium,0.24,Credit Card,,Stationery,In-store,Not Returned,FedEx,,High
123404,SKU_1152,Office Chair,-25,2022-03-31 19:00,-58.47,,Italy,1.220672988639972,Credit Card,,Apparel,In-store,Not Returned,Royal Mail,,Low
680620,SKU_1143,Blue Pen,-24,2022-04-01 00:00,-5.3,,United Kingdom,0.49,paypall,,Stationery,In-store,Not Returned,DHL,,Medium
270491,SKU_1138,Notebook,-37,2022-04-01 01:00,10.89,,France,0.12,paypall,,Stationery,Online,Not Returned,DHL,,Low
134142,SKU_1018,T-shirt,48,2022-04-01 10:00,3.83,,Norway,0.27,paypall,10.11,Stationery,In-store,Not Returned,FedEx,Rome,Low
825299,SKU_1827,Blue Pen,-48,2022-04-01 14:00,-92.02,,United Kingdom,0.38,paypall,,Accessories,In-store,Not Returned,UPS,,Medium
604700,SKU_1630,Office Chair,-10,2022-04-02 08:00,-63.32,,France,1.657914694551171,paypall,,Electronics,In-store,Not Returned,UPS,,Medium
459589,SKU_1202,Desk Lamp,-4,2022-04-03 09:00,-26.14,,Portugal,1.387871120357212,paypall,,Furniture,Online,Not Returned,Royal Mail,,Medium
168165,SKU_1340,Office Chair,-44,2022-04-04 16:00,-16.35,,Norway,1.2127349102842266,Credit Card,,Furniture,In-store,Not Returned,Royal Mail,,Low
574579,SKU_1102,Backpack,-10,2022-04-05 05:00,-49.71,,Spain,0.14,paypall,,Apparel,In-store,Not Returned,DHL,,Medium
794598,SKU_1903,Office Chair,-1,2022-04-05 11:00,-79.49,,France,1.9263233150494368,paypall,,Electronics,Online,Not Returned,DHL,,High
516779,SKU_1521,Backpack,-30,2022-04-05 15:00,78.03,,Sweden,0.14,Bank Transfer,,Stationery,In-store,Not Returned,FedEx,,High
591127,SKU_1502,USB Cable,2,2022-04-06 03:00,52.77,,Portugal,0.21,Credit Card,10.36,Accessories,Online,Not Returned,FedEx,,Low
836648,SKU_1271,T-shirt,46,2022-04-06 09:00,87.4,,United Kingdom,0.24,Credit Card,29.24,Apparel,Online,Not Returned,Royal Mail,,Low
437044,SKU_1263,Office Chair,6,2022-04-06 17:00,90.74,,Portugal,0.22,Bank Transfer,27.55,Furniture,Online,Not Returned,UPS,Paris,High
701461,SKU_1159,Wall Clock,5,2022-04-06 23:00,46.47,,Australia,0.05,Credit Card,21.88,Apparel,In-store,Not Returned,FedEx,,High
600010,SKU_1858,White Mug,4,2022-04-07 02:00,34.43,,Australia,0.38,Credit Card,15.99,Accessories,In-store,Not Returned,UPS,,Low
398030,SKU_1051,USB Cable,14,2022-04-07 09:00,39.85,,Australia,0.45,Bank Transfer,17.13,Accessories,Online,Not Returned,DHL,Paris,Medium
902744,SKU_1091,Notebook,-1,2022-04-07 21:00,-3.43,,Netherlands,1.510421377457494,paypall,,Stationery,Online,Not Returned,FedEx,,Low
132646,SKU_1444,USB Cable,-39,2022-04-08 07:00,-88.63,,United Kingdom,1.1671908748406292,Credit Card,,Furniture,Online,Not Returned,Royal Mail,,High
742210,SKU_1856,Wireless Mouse,45,2022-04-08 10:00,98.61,,Australia,0.15,Credit Card,20.7,Apparel,Online,Not Returned,Royal Mail,,Low
692947,SKU_1639,Desk Lamp,19,2022-04-08 14:00,8.39,,United States,0.39,paypall,14.83,Accessories,Online,Not Returned,FedEx,London,Medium
535564,SKU_1357,Notebook,49,2022-04-09 00:00,28.73,,Spain,0.05,paypall,27.16,Accessories,Online,Not Returned,UPS,,Low
310190,SKU_1254,White Mug,23,2022-04-09 02:00,91.03,,United States,0.0,Bank Transfer,6.88,Accessories,Online,Not Returned,DHL,,High
629087,SKU_1810,Wireless Mouse,38,2022-04-09 05:00,43.15,,Australia,0.41,paypall,18.25,Electronics,In-store,Not Returned,UPS,,Medium
512639,SKU_1816,Headphones,-41,2022-04-10 19:00,-9.19,,France,0.11,Bank Transfer,,Apparel,In-store,Not Returned,UPS,,Medium
530838,SKU_1429,Wall Clock,2,2022-04-11 17:00,46.14,,Sweden,0.38,Credit Card,18.98,Accessories,In-store,Returned,FedEx,,Low
400279,SKU_1766,Blue Pen,14,2022-04-11 18:00,81.94,,Italy,0.37,Bank Transfer,28.29,Stationery,In-store,Not Returned,Royal Mail,,High
971109,SKU_1348,Notebook,47,2022-04-11 20:00,20.56,,Netherlands,0.24,Bank Transfer,18.73,Apparel,Online,Not Returned,DHL,Berlin,Low
124956,SKU_1912,Wireless Mouse,44,2022-04-11 23:00,61.75,,Norway,0.19,Bank Transfer,9.84,Stationery,In-store,Not Returned,FedEx,,High
363672,SKU_1569,Office Chair,-38,2022-04-12 01:00,-76.25,,Spain,0.01,paypall,,Stationery,Online,Not Returned,UPS,,High
116167,SKU_1784,Office Chair,23,2022-04-12 11:00,33.75,,United Kingdom,0.06,paypall,7.34,Stationery,Online,Not Returned,FedEx,Paris,Medium
407822,SKU_1242,Notebook,-2,2022-04-12 17:00,78.78,,Portugal,0.47,Bank Transfer,,Electronics,In-store,Not Returned,FedEx,,High
690296,SKU_1322,Notebook,-15,2022-04-12 22:00,90.19,,Germany,0.17,Bank Transfer,,Furniture,In-store,Not Returned,Royal Mail,,Medium
725244,SKU_1368,T-shirt,13,2022-04-13 08:00,98.38,,Sweden,0.16,Credit Card,15.13,Apparel,In-store,Returned,Royal Mail,,Medium
639442,SKU_1078,Headphones,16,2022-04-14 08:00,38.79,,Norway,0.26,paypall,13.95,Electronics,Online,Not Returned,DHL,Amsterdam,Medium
802221,SKU_1002,Headphones,28,2022-04-14 11:00,55.24,,United Kingdom,0.06,Credit Card,8.7,Electronics,Online,Not Returned,UPS,Berlin,High
927637,SKU_1835,Desk Lamp,8,2022-04-14 22:00,27.9,,Portugal,0.07,Credit Card,7.16,Apparel,Online,Not Returned,FedEx,,Low
498300,SKU_1189,Notebook,1,2022-04-15 12:00,20.27,,Norway,0.47,Bank Transfer,12.84,Apparel,In-store,Returned,FedEx,London,Medium
187844,SKU_1916,T-shirt,-49,2022-04-15 22:00,-33.03,,Germany,1.2733230589327926,Credit Card,,Furniture,Online,Not Returned,UPS,,Medium
273074,SKU_1041,Backpack,-38,2022-04-16 08:00,-62.2,,Netherlands,0.26,paypall,,Furniture,In-store,Not Returned,FedEx,,Low
239771,SKU_1314,T-shirt,42,2022-04-17 01:00,27.15,,France,0.49,Credit Card,17.56,Apparel,Online,Not Returned,Royal Mail,Berlin,High
834851,SKU_1368,White Mug,45,2022-04-17 02:00,36.64,,Australia,0.07,Credit Card,22.5,Stationery,In-store,Not Returned,FedEx,Paris,High
657524,SKU_1493,T-shirt,9,2022-04-19 03:00,14.7,,Spain,0.26,Credit Card,28.11,Apparel,Online,Returned,Royal Mail,Amsterdam,High
298579,SKU_1655,T-shirt,31,2022-04-20 00:00,10.27,,Sweden,0.21,paypall,26.43,Electronics,In-store,Not Returned,FedEx,,Low
241248,SKU_1287,Headphones,8,2022-04-20 17:00,22.81,,Sweden,0.1,Credit Card,20.5,Accessories,Online,Not Returned,Royal Mail,,Low
886427,SKU_1991,Headphones,47,2022-04-21 17:00,73.23,,Australia,0.45,Bank Transfer,16.4,Accessories,In-store,Not Returned,DHL,,Medium
902640,SKU_1632,Headphones,-27,2022-04-21 20:00,22.95,,Norway,0.17,Bank Transfer,,Furniture,Online,Not Returned,FedEx,,Medium
310244,SKU_1448,Office Chair,-15,2022-04-21 22:00,78.33,,Sweden,0.17,paypall,,Furniture,Online,Not Returned,FedEx,,Medium
616641,SKU_1889,White Mug,-15,2022-04-22 02:00,94.53,,Italy,0.22,paypall,,Stationery,In-store,Not Returned,UPS,,Low
229327,SKU_1984,Blue Pen,42,2022-04-22 03:00,47.55,,Belgium,0.21,paypall,23.67,Stationery,Online,Not Returned,UPS,London,High
255355,SKU_1322,Blue Pen,39,2022-04-24 03:00,15.58,,France,0.43,paypall,13.54,Accessories,Online,Not Returned,FedEx,Rome,Low
569363,SKU_1518,Blue Pen,38,2022-04-24 16:00,33.7,,United Kingdom,0.09,Bank Transfer,11.24,Accessories,In-store,Not Returned,UPS,Rome,Low
813537,SKU_1101,Desk Lamp,-21,2022-04-25 03:00,-89.42,,Sweden,1.8831733518702405,Credit Card,,Electronics,In-store,Not Returned,DHL,,High
991354,SKU_1246,Blue Pen,-23,2022-04-25 14:00,68.32,,Portugal,0.21,paypall,,Apparel,In-store,Not Returned,DHL,,High
423392,SKU_1732,Notebook,-40,2022-04-26 17:00,15.7,,Australia,0.45,Credit Card,,Electronics,Online,Not Returned,FedEx,,Medium
615728,SKU_1664,Wireless Mouse,3,2022-04-27 02:00,80.87,,Netherlands,0.02,Bank Transfer,26.47,Accessories,In-store,Not Returned,Royal Mail,,Medium
138734,SKU_1115,USB Cable,-50,2022-04-27 05:00,-54.94,,Spain,0.22,paypall,,Electronics,In-store,Returned,DHL,,High
318126,SKU_1591,Headphones,-49,2022-04-27 12:00,-82.86,,Netherlands,0.05,Bank Transfer,,Accessories,In-store,Not Returned,DHL,,High
224716,SKU_1078,Notebook,-4,2022-04-27 23:00,61.2,,Australia,0.28,Credit Card,,Electronics,Online,Not Returned,FedEx,,High
483353,SKU_1797,Blue Pen,-28,2022-04-28 00:00,55.52,,United Kingdom,0.38,paypall,,Stationery,Online,Not Returned,Royal Mail,,High
870497,SKU_1657,Office Chair,-33,2022-04-28 12:00,-79.56,,Portugal,1.7677047940196462,Credit Card,,Stationery,Online,Not Returned,UPS,,High
682816,SKU_1392,Wall Clock,-23,2022-04-28 14:00,-73.17,,United States,1.0589881796956075,paypall,,Apparel,In-store,Not Returned,DHL,,Low
321099,SKU_1059,Wall Clock,15,2022-04-29 07:00,98.6,,Germany,0.42,paypall,23.63,Apparel,In-store,Returned,DHL,Berlin,Low
738288,SKU_1437,Notebook,21,2022-04-29 15:00,98.59,,Belgium,0.35,paypall,16.1,Electronics,Online,Not Returned,FedEx,Rome,Low
163969,SKU_1528,Notebook,23,2022-04-29 16:00,94.04,,Australia,0.05,Bank Transfer,21.81,Apparel,In-store,Not Returned,DHL,Paris,Low
675147,SKU_1214,Wireless Mouse,-32,2022-04-29 21:00,-26.04,,Sweden,1.2868342941276838,paypall,,Electronics,Online,Returned,DHL,,High
156790,SKU_1150,White Mug,47,2022-04-30 02:00,73.62,,Norway,0.19,Credit Card,8.06,Apparel,In-store,Not Returned,UPS,Amsterdam,High
902080,SKU_1769,Backpack,1,2022-04-30 04:00,93.14,,Australia,0.14,Bank Transfer,25.79,Accessories,Online,Not Returned,DHL,London,High
507002,SKU_1943,Office Chair,-15,2022-04-30 10:00,10.11,,United States,0.0,paypall,,Furniture,In-store,Returned,UPS,,Low
447284,SKU_1587,USB Cable,21,2022-04-30 18:00,80.02,,Germany,0.03,Bank Transfer,21.96,Accessories,In-store,Not Returned,UPS,,High
404422,SKU_1966,Wireless Mouse,2,2022-05-01 09:00,79.01,,Spain,0.12,Credit Card,5.85,Electronics,Online,Not Returned,DHL,Berlin,High
643708,SKU_1301,White Mug,-5,2022-05-01 19:00,87.55,,Sweden,0.35,Credit Card,,Accessories,In-store,Not Returned,FedEx,,Low
641661,SKU_1444,White Mug,21,2022-05-02 17:00,60.04,,United Kingdom,0.31,Bank Transfer,22.0,Accessories,In-store,Returned,UPS,Paris,Low
678256,SKU_1558,Headphones,-32,2022-05-03 05:00,-68.18,,France,1.3905904945189844,Credit Card,,Electronics,Online,Not Returned,Royal Mail,,Medium
500375,SKU_1233,Desk Lamp,8,2022-05-03 07:00,72.49,,Belgium,0.14,Bank Transfer,22.14,Electronics,Online,Not Returned,DHL,London,High
830782,SKU_1247,Desk Lamp,18,2022-05-03 18:00,60.99,,Australia,0.1,Bank Transfer,5.34,Apparel,Online,Not Returned,Royal Mail,Amsterdam,High
611769,SKU_1978,T-shirt,47,2022-05-03 20:00,23.05,,Netherlands,0.03,Bank Transfer,23.2,Electronics,In-store,Not Returned,FedEx,,Medium
807597,SKU_1023,Office Chair,44,2022-05-04 10:00,47.68,,Belgium,0.35,Bank Transfer,27.54,Apparel,In-store,Not Returned,UPS,London,Medium
905378,SKU_1853,T-shirt,8,2022-05-04 22:00,18.36,,Australia,0.4,Bank Transfer,25.57,Furniture,Online,Not Returned,DHL,,Low
709525,SKU_1987,White Mug,-32,2022-05-05 00:00,16.05,,France,0.35,paypall,,Stationery,In-store,Not Returned,FedEx,,High
833251,SKU_1821,Blue Pen,-50,2022-05-05 12:00,62.96,,United Kingdom,0.21,paypall,,Apparel,Online,Not Returned,UPS,,Low
655435,SKU_1075,Desk Lamp,40,2022-05-05 17:00,4.43,,United States,0.04,Bank Transfer,8.07,Electronics,Online,Not Returned,DHL,Amsterdam,Low
137739,SKU_1427,Desk Lamp,12,2022-05-06 10:00,35.83,,Sweden,0.45,Bank Transfer,22.5,Stationery,Online,Not Returned,Royal Mail,London,Medium
789051,SKU_1114,Headphones,-50,2022-05-07 00:00,-20.44,,United States,1.462860186541976,paypall,,Furniture,Online,Not Returned,DHL,,High
319589,SKU_1492,Backpack,-21,2022-05-07 02:00,-97.82,,Netherlands,1.1275109945161526,Credit Card,,Electronics,Online,Not Returned,Royal Mail,,High
296354,SKU_1056,Desk Lamp,40,2022-05-07 03:00,31.43,,United Kingdom,0.49,Bank Transfer,11.84,Electronics,Online,Not Returned,UPS,Paris,High
496302,SKU_1077,Wall Clock,8,2022-05-07 12:00,89.03,,Spain,0.36,paypall,18.35,Furniture,In-store,Not Returned,Royal Mail,Amsterdam,Medium
886401,SKU_1785,Notebook,-6,2022-05-07 14:00,-86.44,,Germany,1.258846706778696,Credit Card,,Apparel,Online,Not Returned,FedEx,,Low
657830,SKU_1217,White Mug,-16,2022-05-07 18:00,-48.62,,Italy,0.26,Credit Card,,Stationery,Online,Not Returned,FedEx,,Medium
621410,SKU_1131,Blue Pen,-40,2022-05-08 12:00,-58.27,,United States,1.324234687268958,paypall,,Furniture,In-store,Not Returned,UPS,,Low
377633,SKU_1764,USB Cable,29,2022-05-09 12:00,49.2,,Portugal,0.15,Bank Transfer,29.58,Furniture,Online,Not Returned,UPS,Berlin,High
760081,SKU_1381,Headphones,-15,2022-05-10 09:00,26.72,,Germany,0.28,Credit Card,,Electronics,Online,Not Returned,Royal Mail,,Medium
696122,SKU_1552,Blue Pen,42,2022-05-10 17:00,98.91,12456.0,Australia,0.21,Credit Card,26.5,Stationery,Online,Not Returned,UPS,London,High
530294,SKU_1588,Blue Pen,-31,2022-05-10 23:00,-28.12,,Spain,1.6862274832131017,Credit Card,,Electronics,In-store,Not Returned,FedEx,,High
331617,SKU_1167,Headphones,-5,2022-05-11 00:00,77.63,,Sweden,0.1,Credit Card,,Accessories,In-store,Not Returned,UPS,,High
782121,SKU_1769,Headphones,16,2022-05-11 22:00,32.86,,Netherlands,0.41,Credit Card,20.6,Electronics,In-store,Not Returned,FedEx,Berlin,Low
688770,SKU_1123,T-shirt,5,2022-05-12 13:00,32.65,,Norway,0.16,Credit Card,25.96,Furniture,Online,Not Returned,FedEx,Amsterdam,Medium
795269,SKU_1407,Wall Clock,-17,2022-05-13 00:00,-78.53,,Belgium,0.45,Bank Transfer,,Furniture,In-store,Not Returned,Royal Mail,,Low
462301,SKU_1438,Blue Pen,-20,2022-05-13 16:00,-74.13,,Netherlands,1.033210290269695,Credit Card,,Stationery,In-store,Not Returned,UPS,,Low
273602,SKU_1940,Notebook,11,2022-05-14 23:00,26.79,,Italy,0.34,Credit Card,21.68,Apparel,In-store,Not Returned,UPS,London,Low
797600,SKU_1671,Blue Pen,3,2022-05-15 23:00,21.57,,Germany,0.04,Bank Transfer,17.42,Accessories,Online,Returned,DHL,Rome,High
423733,SKU_1548,Notebook,-49,2022-05-16 06:00,87.26,,Sweden,0.06,Credit Card,,Electronics,Online,Not Returned,DHL,,Low
981993,SKU_1185,Notebook,-33,2022-05-16 10:00,-68.1,,Italy,1.467805366794588,Bank Transfer,,Furniture,In-store,Not Returned,UPS,,High
102953,SKU_1504,Notebook,-6,2022-05-16 14:00,39.37,,Sweden,0.32,paypall,,Apparel,Online,Returned,UPS,,Low
712817,SKU_1072,White Mug,-40,2022-05-16 23:00,-80.69,,France,0.49,Bank Transfer,,Furniture,Online,Not Returned,UPS,,Medium
597303,SKU_1893,White Mug,-44,2022-05-17 07:00,-74.65,,United Kingdom,1.1785173368810589,Bank Transfer,,Electronics,Online,Not Returned,DHL,,Low
673624,SKU_1598,Blue Pen,-49,2022-05-17 12:00,-26.9,,United Kingdom,1.2778271101760494,paypall,,Apparel,In-store,Not Returned,DHL,,High
358116,SKU_1366,Desk Lamp,-2,2022-05-18 15:00,77.7,,Portugal,0.37,paypall,,Electronics,Online,Not Returned,Royal Mail,,High
322182,SKU_1064,Wall Clock,28,2022-05-19 05:00,47.9,,United Kingdom,0.38,paypall,18.77,Accessories,Online,Not Returned,DHL,Amsterdam,Medium
231016,SKU_1330,Wall Clock,36,2022-05-19 09:00,10.31,,Netherlands,0.14,Credit Card,22.9,Stationery,Online,Not Returned,DHL,Amsterdam,High
500337,SKU_1129,Headphones,45,2022-05-19 14:00,29.96,,Portugal,0.32,Credit Card,8.25,Apparel,In-store,Not Returned,Royal Mail,Paris,Low
575125,SKU_1761,Blue Pen,-29,2022-05-19 17:00,66.42,,Australia,0.13,Bank Transfer,,Apparel,Online,Not Returned,DHL,,Medium
608034,SKU_1521,Wireless Mouse,41,2022-05-19 20:00,18.36,,Belgium,0.45,Credit Card,11.2,Stationery,In-store,Not Returned,FedEx,London,High
887725,SKU_1459,T-shirt,16,2022-05-19 21:00,67.86,,Australia,0.33,Credit Card,12.58,Apparel,Online,Not Returned,FedEx,,Low
411356,SKU_1941,Office Chair,-22,2022-05-19 23:00,-7.38,,Germany,0.42,Credit Card,,Accessories,In-store,Not Returned,DHL,,Low
647108,SKU_1649,Wall Clock,-40,2022-05-21 07:00,46.15,,United Kingdom,0.4,paypall,,Accessories,In-store,Not Returned,DHL,,High
518882,SKU_1188,White Mug,-1,2022-05-21 09:00,-85.32,,Spain,1.2175256607445242,Bank Transfer,,Furniture,Online,Not Returned,FedEx,,Low
228544,SKU_1367,Notebook,-19,2022-05-21 11:00,17.06,,Sweden,0.29,paypall,,Apparel,Online,Not Returned,FedEx,,High
137555,SKU_1384,Office Chair,-16,2022-05-21 12:00,53.34,,Germany,0.04,Bank Transfer,,Electronics,Online,Not Returned,DHL,,Low
554788,SKU_1952,Blue Pen,-29,2022-05-21 15:00,-46.78,,Germany,1.5678959421281435,paypall,,Electronics,In-store,Returned,Royal Mail,,High
561333,SKU_1271,Notebook,-13,2022-05-21 20:00,49.24,,Sweden,0.46,Bank Transfer,,Electronics,Online,Returned,FedEx,,Medium
229516,SKU_1350,Wireless Mouse,-4,2022-05-22 17:00,-37.92,,Norway,0.13,Bank Transfer,,Stationery,In-store,Not Returned,Royal Mail,,High
648407,SKU_1800,Blue Pen,-32,2022-05-23 06:00,-25.35,,Australia,0.03,Bank Transfer,,Furniture,Online,Not Returned,FedEx,,Low
555342,SKU_1967,Headphones,19,2022-05-23 12:00,67.89,,Germany,0.27,paypall,28.74,Electronics,Online,Not Returned,UPS,Berlin,Low
151712,SKU_1374,Notebook,39,2022-05-23 14:00,55.95,,Australia,0.4,Bank Transfer,15.95,Furniture,In-store,Not Returned,UPS,London,Low
265201,SKU_1019,Wireless Mouse,3,2022-05-23 21:00,65.24,,Netherlands,0.11,paypall,9.01,Furniture,In-store,Not Returned,FedEx,Berlin,High
586744,SKU_1780,White Mug,30,2022-05-24 10:00,25.61,,France,0.06,paypall,6.53,Furniture,Online,Not Returned,Royal Mail,Amsterdam,Medium
435681,SKU_1462,Office Chair,-9,2022-05-25 03:00,56.61,,Portugal,0.19,Credit Card,,Accessories,Online,Not Returned,UPS,,High
313065,SKU_1296,T-shirt,37,2022-05-25 06:00,15.52,,Germany,0.36,paypall,18.2,Accessories,In-store,Returned,UPS,,Low
206918,SKU_1001,Wireless Mouse,-48,2022-05-25 18:00,-27.65,,Netherlands,1.913498086254916,paypall,,Accessories,In-store,Not Returned,UPS,,High
429586,SKU_1055,Wall Clock,27,2022-05-25 20:00,4.29,,United Kingdom,0.01,Credit Card,14.3,Apparel,Online,Not Returned,DHL,Berlin,Medium
639871,SKU_1189,Blue Pen,-44,2022-05-26 03:00,-41.02,,France,0.06,Bank Transfer,,Accessories,In-store,Not Returned,DHL,,Medium
729769,SKU_1767,Notebook,-25,2022-05-27 01:00,-50.16,,Germany,1.869096402283167,Bank Transfer,,Furniture,Online,Not Returned,FedEx,,High
422452,SKU_1541,Backpack,20,2022-05-27 12:00,15.19,,Sweden,0.14,Bank Transfer,21.77,Apparel,Online,Not Returned,FedEx,London,Low
596574,SKU_1182,White Mug,-11,2022-05-27 15:00,44.81,,Belgium,0.35,Credit Card,,Furniture,In-store,Not Returned,DHL,,Medium
151786,SKU_1232,T-shirt,-15,2022-05-28 00:00,-48.95,,Italy,0.18,Credit Card,,Stationery,In-store,Not Returned,DHL,,High
705559,SKU_1820,Headphones,43,2022-05-28 01:00,58.14,,United States,0.13,Bank Transfer,5.59,Stationery,Online,Returned,FedEx,Berlin,Medium
665109,SKU_1830,Office Chair,-18,2022-05-28 10:00,-1.02,,Italy,0.12,Credit Card,,Apparel,Online,Not Returned,UPS,,High
492949,SKU_1638,Wall Clock,4,2022-05-28 18:00,84.56,,Sweden,0.34,Bank Transfer,8.62,Accessories,Online,Not Returned,Royal Mail,Amsterdam,Low
424329,SKU_1291,Blue Pen,4,2022-05-29 03:00,76.14,,France,0.18,Credit Card,29.05,Furniture,In-store,Not Returned,FedEx,,High
906775,SKU_1917,USB Cable,17,2022-05-29 06:00,70.2,,Sweden,0.28,Bank Transfer,5.27,Stationery,In-store,Not Returned,DHL,London,Medium
311470,SKU_1522,Headphones,-4,2022-05-29 08:00,-56.0,,United Kingdom,0.17,Bank Transfer,,Stationery,Online,Not Returned,UPS,,Low
546295,SKU_1405,T-shirt,-1,2022-05-29 14:00,-71.09,,Spain,0.36,Bank Transfer,,Apparel,In-store,Not Returned,FedEx,,Medium
593466,SKU_1739,Wireless Mouse,21,2022-05-30 03:00,97.89,,Sweden,0.37,paypall,19.92,Electronics,Online,Not Returned,DHL,Berlin,Medium
149757,SKU_1390,Desk Lamp,-6,2022-05-31 12:00,36.46,,Australia,0.12,Credit Card,,Furniture,In-store,Not Returned,UPS,,High
955633,SKU_1576,Desk Lamp,-50,2022-05-31 16:00,-22.53,,Spain,0.17,Credit Card,,Furniture,Online,Not Returned,Royal Mail,,Medium
626071,SKU_1477,Wireless Mouse,-15,2022-06-01 08:00,94.29,,Belgium,0.37,paypall,,Furniture,Online,Not Returned,FedEx,,High
325440,SKU_1751,Desk Lamp,26,2022-06-01 21:00,24.84,,Sweden,0.29,Bank Transfer,5.97,Apparel,In-store,Not Returned,UPS,,Medium
913152,SKU_1114,USB Cable,26,2022-06-02 11:00,18.69,,United Kingdom,0.48,Bank Transfer,6.32,Accessories,In-store,Not Returned,FedEx,,Low
199329,SKU_1831,Notebook,-9,2022-06-02 18:00,47.67,,Australia,0.07,Bank Transfer,,Stationery,Online,Not Returned,UPS,,Low
220424,SKU_1945,Notebook,-38,2022-06-02 23:00,58.8,,Sweden,0.24,Credit Card,,Electronics,In-store,Not Returned,DHL,,Low
315547,SKU_1125,Notebook,-13,2022-06-03 06:00,-16.52,,Germany,1.4965795768016763,paypall,,Furniture,Online,Not Returned,Royal Mail,,Low
794497,SKU_1799,Headphones,40,2022-06-03 13:00,91.27,,Sweden,0.49,paypall,7.64,Accessories,In-store,Not Returned,DHL,,High
660468,SKU_1217,Office Chair,17,2022-06-04 01:00,25.82,,Norway,0.47,Bank Transfer,21.95,Stationery,Online,Not Returned,Royal Mail,Berlin,Medium
424078,SKU_1329,Backpack,37,2022-06-04 15:00,35.63,,Italy,0.25,Bank Transfer,9.16,Electronics,In-store,Not Returned,UPS,Amsterdam,Low
317815,SKU_1234,T-shirt,-8,2022-06-04 21:00,-10.82,,Germany,0.07,Bank Transfer,,Furniture,Online,Not Returned,Royal Mail,,Low
506656,SKU_1652,T-shirt,37,2022-06-05 01:00,79.31,,Norway,0.41,paypall,5.15,Apparel,In-store,Not Returned,Royal Mail,,Medium
144864,SKU_1693,Notebook,31,2022-06-05 02:00,29.81,,Germany,0.18,Bank Transfer,17.77,Furniture,Online,Not Returned,FedEx,Berlin,Medium
291026,SKU_1005,Blue Pen,34,2022-06-05 09:00,37.84,,Spain,0.21,Bank Transfer,7.08,Furniture,Online,Not Returned,UPS,Paris,Medium
148720,SKU_1593,White Mug,-2,2022-06-05 22:00,-93.46,,Netherlands,1.7022966386502525,Bank Transfer,,Furniture,Online,Not Returned,DHL,,Low
528813,SKU_1360,USB Cable,-12,2022-06-06 01:00,-82.15,,Portugal,1.4801423674216283,paypall,,Stationery,Online,Not Returned,Royal Mail,,Low
108177,SKU_1025,Blue Pen,-21,2022-06-06 09:00,-28.13,,United States,0.1,Credit Card,,Stationery,In-store,Not Returned,UPS,,Medium
114629,SKU_1751,T-shirt,41,2022-06-07 21:00,28.34,,Germany,0.09,Bank Transfer,20.43,Electronics,In-store,Not Returned,UPS,,High
214441,SKU_1876,T-shirt,31,2022-06-08 13:00,24.95,,Italy,0.03,Credit Card,22.85,Apparel,Online,Returned,FedEx,Paris,Low
882307,SKU_1994,Desk Lamp,-37,2022-06-08 15:00,63.58,,Netherlands,0.45,paypall,,Apparel,Online,Not Returned,Royal Mail,,Low
466657,SKU_1343,Backpack,42,2022-06-09 02:00,57.51,,Italy,0.35,paypall,11.59,Apparel,Online,Not Returned,UPS,,Low
459838,SKU_1290,Wireless Mouse,23,2022-06-09 08:00,67.29,,Sweden,0.38,paypall,10.61,Electronics,In-store,Not Returned,FedEx,Paris,Low
710725,SKU_1830,Desk Lamp,-18,2022-06-09 22:00,-54.42,,Netherlands,1.853306058646548,Credit Card,,Electronics,In-store,Not Returned,FedEx,,Medium
525966,SKU_1340,White Mug,21,2022-06-10 13:00,78.2,,United Kingdom,0.25,paypall,26.06,Stationery,In-store,Not Returned,DHL,Paris,High
954470,SKU_1743,USB Cable,-46,2022-06-10 21:00,-48.18,,Spain,1.3784345419890285,Credit Card,,Stationery,Online,Not Returned,DHL,,High
313273,SKU_1202,Desk Lamp,16,2022-06-10 23:00,2.31,,Belgium,0.22,Bank Transfer,21.94,Accessories,Online,Not Returned,UPS,Rome,Medium
607026,SKU_1095,USB Cable,37,2022-06-11 14:00,93.74,,United Kingdom,0.26,Bank Transfer,25.35,Accessories,Online,Not Returned,UPS,,Low
356960,SKU_1973,Wireless Mouse,-41,2022-06-11 17:00,-74.42,,United States,1.086818415644799,Bank Transfer,,Electronics,In-store,Not Returned,DHL,,Medium
864302,SKU_1279,Headphones,32,2022-06-11 23:00,87.57,,Italy,0.17,Credit Card,8.94,Apparel,Online,Not Returned,FedEx,London,Low
361041,SKU_1085,T-shirt,18,2022-06-12 01:00,32.4,,Italy,0.06,paypall,9.0,Stationery,In-store,Not Returned,Royal Mail,Rome,Low
301958,SKU_1839,Headphones,8,2022-06-12 02:00,52.73,,Portugal,0.11,Credit Card,19.78,Electronics,Online,Not Returned,Royal Mail,,Medium
548052,SKU_1364,White Mug,43,2022-06-13 05:00,44.94,,Portugal,0.5,paypall,10.56,Electronics,In-store,Not Returned,FedEx,Paris,High
230860,SKU_1216,Blue Pen,-11,2022-06-13 23:00,-6.09,,Germany,1.494933186930957,Bank Transfer,,Electronics,In-store,Not Returned,DHL,,Low
110934,SKU_1694,Wireless Mouse,13,2022-06-14 17:00,67.91,,Spain,0.28,Credit Card,25.85,Accessories,In-store,Not Returned,UPS,Paris,High
513621,SKU_1230,Backpack,10,2022-06-14 19:00,89.2,,Norway,0.34,Credit Card,25.8,Furniture,Online,Not Returned,UPS,,High
581891,SKU_1734,Blue Pen,1,2022-06-14 23:00,91.91,,Australia,0.32,Bank Transfer,10.71,Apparel,In-store,Not Returned,DHL,,Medium
324310,SKU_1002,Headphones,41,2022-06-15 08:00,15.41,,Netherlands,0.12,Bank Transfer,10.28,Apparel,In-store,Returned,UPS,London,Low
212858,SKU_1673,Wireless Mouse,-28,2022-06-15 13:00,-27.19,,Portugal,1.3658413038245456,paypall,,Stationery,In-store,Not Returned,Royal Mail,,High
182604,SKU_1916,Wall Clock,-7,2022-06-15 18:00,-72.55,,United States,1.0808137030217604,Credit Card,,Stationery,Online,Not Returned,UPS,,Low
786838,SKU_1705,Headphones,-45,2022-06-16 19:00,19.19,,Belgium,0.49,Credit Card,,Furniture,In-store,Returned,FedEx,,Low
258497,SKU_1894,Headphones,12,2022-06-17 10:00,40.93,,France,0.33,paypall,14.36,Furniture,Online,Not Returned,UPS,,Medium
220918,SKU_1434,Backpack,45,2022-06-17 13:00,79.57,,Italy,0.23,paypall,18.19,Accessories,Online,Not Returned,Royal Mail,Paris,High
609325,SKU_1065,Wireless Mouse,-46,2022-06-17 18:00,40.29,,Sweden,0.34,Bank Transfer,,Stationery,Online,Not Returned,UPS,,Medium
650640,SKU_1558,Notebook,-23,2022-06-18 05:00,-22.36,,United Kingdom,1.798712447103625,Bank Transfer,,Accessories,In-store,Returned,FedEx,,High
830002,SKU_1385,Headphones,38,2022-06-18 09:00,83.39,,Australia,0.22,paypall,9.32,Stationery,Online,Not Returned,FedEx,,Medium
798408,SKU_1029,Wall Clock,17,2022-06-18 12:00,6.08,,France,0.1,Credit Card,22.17,Stationery,Online,Not Returned,Royal Mail,,High
378169,SKU_1520,Office Chair,-45,2022-06-18 18:00,36.88,,Spain,0.12,Bank Transfer,,Stationery,In-store,Not Returned,Royal Mail,,Low
800823,SKU_1255,Headphones,28,2022-06-19 13:00,6.41,,Spain,0.43,paypall,7.62,Stationery,Online,Not Returned,Royal Mail,Berlin,Low
718871,SKU_1006,Wireless Mouse,43,2022-06-20 07:00,55.83,,Sweden,0.0,Bank Transfer,28.97,Furniture,Online,Not Returned,DHL,,Medium
416859,SKU_1983,Desk Lamp,48,2022-06-21 19:00,10.35,,Australia,0.33,Bank Transfer,13.16,Accessories,Online,Not Returned,Royal Mail,,Medium
591008,SKU_1066,White Mug,38,2022-06-22 09:00,76.22,,Portugal,0.34,Bank Transfer,14.43,Electronics,In-store,Not Returned,FedEx,,Medium
449352,SKU_1483,Desk Lamp,-7,2022-06-23 05:00,-79.56,,France,1.0023103693949529,Bank Transfer,,Accessories,In-store,Not Returned,DHL,,Low
880912,SKU_1591,Notebook,32,2022-06-23 11:00,92.63,,United Kingdom,0.45,paypall,27.42,Electronics,In-store,Not Returned,FedEx,,High
329351,SKU_1222,Office Chair,-24,2022-06-23 18:00,3.19,,Belgium,0.26,paypall,,Accessories,In-store,Not Returned,UPS,,High
875842,SKU_1327,White Mug,-40,2022-06-24 04:00,-69.84,,Belgium,1.521234307954495,Credit Card,,Furniture,Online,Not Returned,FedEx,,High
720632,SKU_1202,Notebook,1,2022-06-24 06:00,62.21,,Spain,0.23,Bank Transfer,18.55,Apparel,Online,Not Returned,Royal Mail,Paris,Low
711477,SKU_1879,Notebook,43,2022-06-24 19:00,15.16,,Belgium,0.18,Credit Card,29.43,Accessories,Online,Not Returned,FedEx,Paris,Low
724257,SKU_1220,T-shirt,-23,2022-06-25 09:00,17.6,,Germany,0.22,paypall,,Stationery,Online,Not Returned,UPS,,Low
670638,SKU_1400,Headphones,-28,2022-06-26 07:00,-17.48,,Netherlands,1.737829528315175,Bank Transfer,,Apparel,In-store,Not Returned,FedEx,,High
456936,SKU_1558,White Mug,-15,2022-06-26 17:00,-55.64,,United States,0.04,Credit Card,,Accessories,Online,Not Returned,DHL,,Low
778845,SKU_1724,T-shirt,-39,2022-06-26 19:00,27.63,,Australia,0.08,Credit Card,,Stationery,In-store,Not Returned,DHL,,Low
245991,SKU_1544,Office Chair,-17,2022-06-26 22:00,-67.34,,Australia,0.29,paypall,,Electronics,In-store,Not Returned,DHL,,Low
842138,SKU_1996,White Mug,-3,2022-06-28 08:00,-35.84,,United States,1.8125711730476128,paypall,,Stationery,Online,Not Returned,Royal Mail,,Low
449529,SKU_1552,USB Cable,-35,2022-06-28 13:00,-90.2,,Netherlands,0.22,Credit Card,,Electronics,Online,Not Returned,DHL,,Low
497968,SKU_1814,T-shirt,5,2022-06-29 00:00,53.5,,Belgium,0.23,paypall,6.41,Stationery,Online,Not Returned,UPS,Rome,Low
321538,SKU_1665,Backpack,14,2022-06-29 06:00,67.85,,Sweden,0.13,paypall,10.77,Electronics,In-store,Not Returned,FedEx,Paris,High
291958,SKU_1181,Backpack,10,2022-06-29 07:00,27.64,,France,0.33,Credit Card,27.34,Apparel,Online,Not Returned,Royal Mail,,Low
753416,SKU_1665,Wall Clock,47,2022-06-29 11:00,19.93,,United States,0.36,Credit Card,25.55,Accessories,In-store,Not Returned,FedEx,Amsterdam,Low
285915,SKU_1403,Wall Clock,31,2022-06-29 14:00,60.43,,Italy,0.27,Credit Card,8.27,Apparel,Online,Not Returned,FedEx,Paris,Low
665168,SKU_1237,Notebook,-27,2022-06-30 06:00,-84.21,,Belgium,0.41,Bank Transfer,,Furniture,Online,Not Returned,UPS,,Medium
436837,SKU_1257,Headphones,-42,2022-06-30 15:00,67.07,,Sweden,0.2,paypall,,Furniture,In-store,Not Returned,UPS,,Medium
799268,SKU_1996,White Mug,-27,2022-07-01 02:00,-26.16,,France,1.9253285813579315,paypall,,Furniture,In-store,Not Returned,DHL,,Low
460372,SKU_1860,Notebook,22,2022-07-01 05:00,49.2,,Belgium,0.26,Credit Card,26.3,Furniture,In-store,Not Returned,FedEx,,High
768301,SKU_1529,USB Cable,32,2022-07-01 07:00,70.76,,Netherlands,0.35,Bank Transfer,24.18,Accessories,Online,Not Returned,UPS,Berlin,Medium
638908,SKU_1690,Headphones,-5,2022-07-01 09:00,-68.24,,Portugal,0.32,Credit Card,,Accessories,In-store,Not Returned,UPS,,Medium
960283,SKU_1823,T-shirt,42,2022-07-01 20:00,16.32,,Portugal,0.23,Credit Card,10.77,Accessories,Online,Not Returned,DHL,Berlin,Medium
800849,SKU_1748,Blue Pen,4,2022-07-02 14:00,67.03,,Germany,0.25,paypall,8.58,Stationery,Online,Not Returned,UPS,,Low
857861,SKU_1743,Notebook,-21,2022-07-04 22:00,-82.31,,Sweden,1.6712775873436123,Credit Card,,Accessories,Online,Not Returned,Royal Mail,,Medium
784732,SKU_1242,Office Chair,44,2022-07-05 09:00,79.87,,Australia,0.27,Credit Card,21.18,Electronics,Online,Not Returned,UPS,Paris,Low
108109,SKU_1864,Blue Pen,-23,2022-07-05 14:00,-16.12,,Sweden,1.4834304352399217,paypall,,Apparel,In-store,Not Returned,FedEx,,Medium
613909,SKU_1148,White Mug,37,2022-07-05 20:00,55.02,,Australia,0.23,Bank Transfer,22.97,Apparel,Online,Returned,DHL,Rome,Low
709451,SKU_1143,Notebook,13,2022-07-06 04:00,50.36,,Norway,0.28,Bank Transfer,12.58,Accessories,In-store,Not Returned,Royal Mail,,Low
354905,SKU_1836,Backpack,-17,2022-07-06 13:00,-35.83,,Germany,0.12,Bank Transfer,,Furniture,In-store,Not Returned,Royal Mail,,High
331979,SKU_1580,White Mug,-14,2022-07-06 21:00,9.48,,Norway,0.44,Bank Transfer,,Furniture,In-store,Not Returned,UPS,,Medium
979377,SKU_1580,White Mug,-24,2022-07-07 02:00,-34.02,,Germany,0.47,Bank Transfer,,Furniture,In-store,Not Returned,UPS,,Low
195698,SKU_1675,Notebook,34,2022-07-07 09:00,34.03,,Italy,0.35,Credit Card,20.37,Stationery,Online,Not Returned,FedEx,,Medium
323023,SKU_1241,Wall Clock,-12,2022-07-07 21:00,-77.32,,United States,0.04,Bank Transfer,,Accessories,In-store,Not Returned,Royal Mail,,Medium
833442,SKU_1309,T-shirt,16,2022-07-08 03:00,27.3,,Belgium,0.03,Bank Transfer,25.21,Electronics,Online,Not Returned,UPS,,Medium
988465,SKU_1792,Headphones,-47,2022-07-08 14:00,-93.38,,United Kingdom,0.46,Bank Transfer,,Apparel,Online,Not Returned,UPS,,Medium
808854,SKU_1518,Wall Clock,-13,2022-07-09 05:00,-45.38,,France,1.578918854805055,paypall,,Furniture,In-store,Not Returned,FedEx,,Medium
562122,SKU_1136,Wireless Mouse,-46,2022-07-09 15:00,-81.55,,Spain,1.8747510881402727,Credit Card,,Furniture,Online,Not Returned,Royal Mail,,Low
948158,SKU_1822,White Mug,41,2022-07-09 16:00,40.23,,Norway,0.43,Bank Transfer,22.73,Electronics,In-store,Not Returned,FedEx,,High
942575,SKU_1182,Office Chair,34,2022-07-09 23:00,69.48,,Belgium,0.28,Credit Card,13.45,Stationery,In-store,Not Returned,Royal Mail,London,Low
321646,SKU_1622,USB Cable,-39,2022-07-10 04:00,46.09,,Norway,0.25,paypall,,Electronics,Online,Not Returned,UPS,,High
824353,SKU_1868,Notebook,-6,2022-07-10 07:00,-85.11,,Sweden,0.29,Credit Card,,Furniture,Online,Not Returned,FedEx,,High
999273,SKU_1304,Backpack,25,2022-07-10 10:00,57.5,,Sweden,0.36,paypall,16.89,Furniture,In-store,Not Returned,FedEx,Paris,High
562833,SKU_1432,Backpack,45,2022-07-10 21:00,75.87,,Belgium,0.2,Bank Transfer,19.72,Furniture,Online,Not Returned,FedEx,Rome,High
895365,SKU_1368,Office Chair,31,2022-07-11 00:00,83.61,,Netherlands,0.4,Bank Transfer,10.59,Stationery,Online,Returned,Royal Mail,London,High
315616,SKU_1405,Blue Pen,46,2022-07-11 06:00,69.65,,Portugal,0.27,Bank Transfer,10.05,Furniture,Online,Not Returned,Royal Mail,Rome,Medium
723539,SKU_1629,T-shirt,13,2022-07-11 09:00,48.06,,Netherlands,0.34,Credit Card,22.61,Furniture,Online,Not Returned,UPS,,High
390318,SKU_1320,White Mug,-26,2022-07-11 12:00,38.7,,Norway,0.11,Bank Transfer,,Stationery,Online,Returned,FedEx,,Low
256359,SKU_1363,Office Chair,-25,2022-07-12 02:00,-56.47,,United Kingdom,0.44,Credit Card,,Stationery,Online,Not Returned,UPS,,High
484521,SKU_1945,Desk Lamp,2,2022-07-12 10:00,85.83,,Australia,0.3,paypall,17.47,Stationery,Online,Not Returned,UPS,Amsterdam,Medium
343758,SKU_1622,USB Cable,-44,2022-07-13 12:00,-33.32,,Italy,1.592598695522402,paypall,,Furniture,Online,Not Returned,DHL,,Low
950008,SKU_1139,Office Chair,-19,2022-07-13 17:00,23.93,,Spain,0.41,Credit Card,,Furniture,In-store,Not Returned,Royal Mail,,Medium
645965,SKU_1457,Backpack,-39,2022-07-13 18:00,73.1,,Australia,0.14,paypall,,Apparel,In-store,Not Returned,DHL,,Low
905946,SKU_1002,Office Chair,45,2022-07-14 04:00,95.12,,Belgium,0.25,Bank Transfer,6.81,Accessories,Online,Not Returned,Royal Mail,London,Low
966763,SKU_1642,T-shirt,42,2022-07-14 13:00,17.06,,Belgium,0.07,Bank Transfer,26.54,Furniture,Online,Not Returned,UPS,,Medium
574092,SKU_1713,Blue Pen,21,2022-07-15 01:00,35.87,,United Kingdom,0.18,Credit Card,12.33,Accessories,In-store,Not Returned,DHL,,High
417319,SKU_1696,Headphones,9,2022-07-15 03:00,2.33,,France,0.07,Bank Transfer,15.22,Furniture,Online,Not Returned,DHL,Paris,Low
299395,SKU_1927,Wireless Mouse,-33,2022-07-15 06:00,-71.43,,Belgium,0.11,Credit Card,,Accessories,In-store,Not Returned,Royal Mail,,Medium
972582,SKU_1051,T-shirt,-34,2022-07-15 15:00,16.87,,Spain,0.03,paypall,,Electronics,In-store,Not Returned,UPS,,Medium
475926,SKU_1856,Headphones,-49,2022-07-16 08:00,-6.14,,United Kingdom,0.41,Credit Card,,Accessories,In-store,Not Returned,UPS,,Low
348749,SKU_1630,Desk Lamp,-3,2022-07-16 13:00,-67.3,,Spain,1.430644894729126,Credit Card,,Electronics,Online,Not Returned,DHL,,Low
472908,SKU_1441,Wall Clock,-6,2022-07-17 00:00,34.12,,Sweden,0.36,Bank Transfer,,Apparel,In-store,Not Returned,Royal Mail,,Medium
412093,SKU_1699,Backpack,32,2022-07-17 09:00,14.67,,France,0.35,Bank Transfer,8.18,Furniture,In-store,Not Returned,FedEx,Amsterdam,Low
723521,SKU_1216,Notebook,15,2022-07-17 11:00,1.3,,United States,0.48,Bank Transfer,5.02,Electronics,Online,Not Returned,Royal Mail,Amsterdam,Medium
530802,SKU_1989,Blue Pen,-12,2022-07-17 12:00,-3.22,,Italy,1.9091386337864145,Bank Transfer,,Electronics,In-store,Not Returned,UPS,,High
238621,SKU_1627,White Mug,-16,2022-07-17 16:00,95.7,,Portugal,0.27,Bank Transfer,,Furniture,In-store,Not Returned,Royal Mail,,High
207960,SKU_1996,Wireless Mouse,-14,2022-07-17 22:00,-31.64,,Portugal,1.0857759304178214,paypall,,Furniture,In-store,Not Returned,Royal Mail,,Low
890505,SKU_1218,White Mug,34,2022-07-18 13:00,83.41,,United Kingdom,0.33,Bank Transfer,13.93,Accessories,Online,Returned,FedEx,Berlin,Low
428648,SKU_1520,Headphones,-44,2022-07-19 14:00,-69.35,,United States,1.1544195697089843,paypall,,Electronics,Online,Not Returned,UPS,,High
630413,SKU_1104,White Mug,10,2022-07-20 02:00,85.99,,Netherlands,0.18,Bank Transfer,25.47,Furniture,In-store,Returned,Royal Mail,Amsterdam,High
498933,SKU_1893,Headphones,-23,2022-07-20 20:00,-57.26,,Norway,1.6346312969009935,Bank Transfer,,Apparel,In-store,Not Returned,FedEx,,Medium
327894,SKU_1994,Wireless Mouse,34,2022-07-21 02:00,10.72,,United Kingdom,0.31,Credit Card,9.21,Furniture,Online,Not Returned,UPS,Berlin,Medium
599600,SKU_1034,Desk Lamp,36,2022-07-21 11:00,57.61,,Belgium,0.1,Bank Transfer,11.96,Apparel,Online,Returned,FedEx,Berlin,Medium
283328,SKU_1776,Blue Pen,-22,2022-07-21 17:00,-88.22,,France,1.39558915601534,paypall,,Stationery,Online,Not Returned,FedEx,,Medium
833771,SKU_1372,Wireless Mouse,-30,2022-07-22 03:00,49.44,,Australia,0.31,Credit Card,,Accessories,Online,Not Returned,UPS,,High
368520,SKU_1533,Backpack,28,2022-07-23 14:00,77.67,,Portugal,0.24,Bank Transfer,15.85,Apparel,Online,Not Returned,DHL,,Medium
297872,SKU_1959,T-shirt,32,2022-07-24 05:00,99.51,,United Kingdom,0.04,Bank Transfer,27.62,Stationery,In-store,Not Returned,DHL,,Medium
764577,SKU_1938,T-shirt,8,2022-07-24 14:00,85.93,,Sweden,0.35,Bank Transfer,7.15,Stationery,In-store,Returned,UPS,,Low
752595,SKU_1954,T-shirt,-32,2022-07-24 18:00,-47.48,,Norway,1.5448090258463307,paypall,,Electronics,In-store,Not Returned,FedEx,,Low
968750,SKU_1171,Wall Clock,-45,2022-07-25 00:00,-40.96,,Australia,0.13,paypall,,Apparel,In-store,Not Returned,Royal Mail,,Medium
711889,SKU_1101,T-shirt,-22,2022-07-25 07:00,-80.85,,Netherlands,1.8377233729591735,Credit Card,,Stationery,In-store,Not Returned,DHL,,Low
400877,SKU_1813,Blue Pen,-27,2022-07-25 14:00,-58.39,,Germany,1.1973146793103906,Bank Transfer,,Electronics,In-store,Not Returned,Royal Mail,,Medium
767329,SKU_1164,Backpack,-31,2022-07-26 08:00,-61.68,,Australia,1.468956594409199,Bank Transfer,,Furniture,Online,Not Returned,Royal Mail,,Low
988418,SKU_1530,Backpack,27,2022-07-27 17:00,43.77,,Norway,0.09,paypall,27.05,Stationery,In-store,Not Returned,UPS,Amsterdam,High
538292,SKU_1759,Notebook,3,2022-07-28 12:00,18.48,,Portugal,0.43,Bank Transfer,19.96,Stationery,Online,Not Returned,UPS,,High
871829,SKU_1967,Desk Lamp,31,2022-07-28 22:00,13.56,,Australia,0.28,Bank Transfer,15.49,Apparel,Online,Not Returned,UPS,,Low
481767,SKU_1477,Office Chair,2,2022-07-29 06:00,67.06,,Portugal,0.32,Bank Transfer,7.87,Stationery,Online,Not Returned,DHL,Rome,High
954214,SKU_1773,Office Chair,-15,2022-07-29 10:00,-48.25,,Belgium,1.973960700336835,paypall,,Apparel,Online,Not Returned,FedEx,,High
864797,SKU_1632,Office Chair,-6,2022-07-29 15:00,-44.13,,France,1.5524953911606811,Credit Card,,Furniture,In-store,Not Returned,UPS,,Medium
599961,SKU_1792,USB Cable,19,2022-07-29 17:00,39.1,,Spain,0.32,paypall,12.01,Stationery,In-store,Not Returned,DHL,Berlin,High
812495,SKU_1274,Backpack,6,2022-07-29 21:00,84.18,,Italy,0.08,Bank Transfer,25.22,Accessories,Online,Not Returned,FedEx,Rome,Low
265426,SKU_1431,Blue Pen,30,2022-07-31 00:00,63.0,,France,0.03,Bank Transfer,15.28,Stationery,In-store,Returned,UPS,,High
879276,SKU_1400,Notebook,-44,2022-07-31 13:00,-64.18,,Sweden,0.21,Credit Card,,Electronics,In-store,Not Returned,UPS,,High
943301,SKU_1208,Desk Lamp,-47,2022-08-01 07:00,-73.56,,France,1.8058067131222104,paypall,,Stationery,In-store,Not Returned,UPS,,Medium
166780,SKU_1869,Office Chair,6,2022-08-01 17:00,43.09,,Italy,0.14,paypall,21.47,Accessories,In-store,Not Returned,Royal Mail,,Low
805966,SKU_1949,Office Chair,10,2022-08-01 23:00,36.5,,Spain,0.17,paypall,5.61,Electronics,In-store,Not Returned,FedEx,Rome,Low
995846,SKU_1724,White Mug,-39,2022-08-03 03:00,-68.57,,Italy,1.3363345834530278,Bank Transfer,,Accessories,Online,Not Returned,UPS,,Low
760531,SKU_1935,Office Chair,16,2022-08-03 05:00,57.85,,Portugal,0.35,Bank Transfer,24.43,Stationery,Online,Not Returned,FedEx,Rome,Low
346797,SKU_1236,Office Chair,16,2022-08-03 10:00,91.05,,Spain,0.05,Credit Card,28.9,Apparel,Online,Not Returned,FedEx,,Low
578988,SKU_1982,Desk Lamp,8,2022-08-03 11:00,30.93,,Norway,0.5,Credit Card,12.42,Furniture,In-store,Not Returned,FedEx,,Medium
384712,SKU_1822,USB Cable,24,2022-08-03 17:00,36.99,,Portugal,0.44,Bank Transfer,8.81,Accessories,In-store,Not Returned,Royal Mail,Berlin,High
984015,SKU_1468,T-shirt,8,2022-08-03 18:00,23.58,,Netherlands,0.14,Bank Transfer,12.34,Stationery,Online,Not Returned,FedEx,,High
669505,SKU_1061,Blue Pen,-33,2022-08-03 21:00,-51.39,,United Kingdom,1.775348380011239,Bank Transfer,,Stationery,Online,Not Returned,UPS,,High
214064,SKU_1040,Office Chair,-34,2022-08-04 03:00,88.68,,Portugal,0.1,paypall,,Apparel,Online,Not Returned,UPS,,High
719675,SKU_1952,Wall Clock,42,2022-08-04 05:00,65.42,,United States,0.04,Credit Card,21.68,Apparel,Online,Not Returned,DHL,,Medium
784116,SKU_1677,Backpack,29,2022-08-04 06:00,26.36,,United Kingdom,0.38,paypall,27.11,Accessories,In-store,Not Returned,Royal Mail,Paris,Low
186728,SKU_1808,Desk Lamp,31,2022-08-04 08:00,9.38,,Belgium,0.15,Bank Transfer,10.08,Electronics,Online,Not Returned,FedEx,,High
913842,SKU_1381,Wall Clock,45,2022-08-04 11:00,97.97,,Spain,0.05,paypall,10.04,Apparel,Online,Not Returned,UPS,London,Medium
419475,SKU_1736,Notebook,-19,2022-08-06 09:00,-65.47,,Australia,1.3868201769364947,paypall,,Stationery,Online,Not Returned,DHL,,Low
609142,SKU_1143,Desk Lamp,43,2022-08-06 12:00,36.54,,Sweden,0.08,Credit Card,24.93,Electronics,In-store,Not Returned,UPS,,Medium
398510,SKU_1888,Notebook,16,2022-08-06 20:00,56.29,,United Kingdom,0.1,paypall,9.92,Stationery,Online,Not Returned,FedEx,London,Low
226866,SKU_1172,Office Chair,-22,2022-08-07 05:00,-69.53,,Germany,1.2270459391274269,Credit Card,,Furniture,Online,Not Returned,Royal Mail,,Low
203623,SKU_1745,Backpack,16,2022-08-07 07:00,71.22,,France,0.38,paypall,9.6,Accessories,In-store,Not Returned,UPS,,Medium
211315,SKU_1001,T-shirt,41,2022-08-08 19:00,54.16,,United States,0.16,Bank Transfer,14.36,Apparel,In-store,Not Returned,DHL,London,Low
768975,SKU_1962,Headphones,-3,2022-08-09 01:00,-57.11,,Germany,1.2476455324103888,Credit Card,,Apparel,In-store,Not Returned,FedEx,,Low
110728,SKU_1101,Desk Lamp,15,2022-08-09 15:00,90.51,36215.0,France,0.02,Credit Card,6.92,Apparel,In-store,Not Returned,UPS,Amsterdam,Low
289007,SKU_1391,Office Chair,23,2022-08-09 21:00,48.47,,United States,0.18,Bank Transfer,21.12,Furniture,Online,Returned,Royal Mail,Rome,Medium
775516,SKU_1959,Desk Lamp,-39,2022-08-10 05:00,-75.72,,United Kingdom,1.278591306385735,Bank Transfer,,Apparel,In-store,Not Returned,Royal Mail,,Low
400206,SKU_1808,Headphones,-48,2022-08-10 07:00,-57.93,,Sweden,1.3010300088867774,paypall,,Accessories,In-store,Not Returned,Royal Mail,,Low
162979,SKU_1102,Notebook,1,2022-08-10 10:00,65.77,,Sweden,0.32,Bank Transfer,19.84,Accessories,Online,Not Returned,FedEx,,High
588963,SKU_1051,T-shirt,35,2022-08-11 00:00,95.25,,Spain,0.08,paypall,19.39,Stationery,Online,Not Returned,UPS,,Low
496605,SKU_1955,Office Chair,31,2022-08-11 02:00,65.15,,Spain,0.42,paypall,20.76,Electronics,In-store,Not Returned,DHL,Amsterdam,Medium
692769,SKU_1640,Notebook,27,2022-08-11 06:00,11.84,,Italy,0.19,Credit Card,19.59,Stationery,Online,Not Returned,DHL,Berlin,Low
265154,SKU_1394,Backpack,-39,2022-08-11 22:00,88.19,,Netherlands,0.43,paypall,,Stationery,Online,Not Returned,DHL,,Medium
504520,SKU_1724,Backpack,4,2022-08-12 02:00,7.0,,Netherlands,0.01,paypall,28.98,Electronics,In-store,Not Returned,Royal Mail,Amsterdam,Low
433390,SKU_1375,USB Cable,11,2022-08-12 05:00,12.65,,France,0.24,Credit Card,28.04,Furniture,In-store,Not Returned,DHL,Paris,Low
842711,SKU_1877,Wall Clock,22,2022-08-12 13:00,90.21,,Norway,0.38,Bank Transfer,18.25,Stationery,Online,Not Returned,UPS,Rome,Medium
198120,SKU_1938,Office Chair,-42,2022-08-12 21:00,-39.19,,Netherlands,1.6831232078125278,Bank Transfer,,Electronics,In-store,Not Returned,Royal Mail,,Low
598017,SKU_1618,Desk Lamp,-1,2022-08-13 09:00,-19.91,,United Kingdom,1.4856554743508954,paypall,,Stationery,Online,Not Returned,UPS,,Medium
325743,SKU_1959,Notebook,-15,2022-08-13 12:00,-44.79,,France,1.744110957900136,Bank Transfer,,Electronics,In-store,Not Returned,DHL,,High
272097,SKU_1904,USB Cable,23,2022-08-13 15:00,74.53,,Belgium,0.24,Credit Card,15.33,Electronics,In-store,Not Returned,DHL,Paris,Medium
501252,SKU_1412,Wireless Mouse,-11,2022-08-14 08:00,-73.96,,United States,1.0619928574083493,Credit Card,,Apparel,In-store,Not Returned,FedEx,,Medium
583121,SKU_1123,Blue Pen,-48,2022-08-14 10:00,81.32,,United Kingdom,0.3,Credit Card,,Accessories,In-store,Not Returned,FedEx,,Low
316937,SKU_1874,Office Chair,9,2022-08-15 20:00,32.3,,Italy,0.02,Bank Transfer,24.16,Apparel,In-store,Not Returned,Royal Mail,Paris,High
641001,SKU_1522,Blue Pen,-39,2022-08-15 21:00,75.41,,Portugal,0.48,paypall,,Apparel,In-store,Not Returned,DHL,,Medium
159834,SKU_1692,Wall Clock,17,2022-08-16 00:00,76.44,,Norway,0.1,Bank Transfer,19.94,Stationery,In-store,Not Returned,FedEx,Rome,Low
252150,SKU_1586,White Mug,-44,2022-08-16 10:00,45.15,,Belgium,0.25,Bank Transfer,,Accessories,In-store,Returned,Royal Mail,,High
573137,SKU_1579,Backpack,30,2022-08-16 20:00,56.07,,Sweden,0.14,Bank Transfer,13.31,Apparel,Online,Returned,Royal Mail,London,Medium
732312,SKU_1993,Wireless Mouse,-1,2022-08-17 10:00,-40.69,,Italy,1.6577632316727875,Bank Transfer,,Electronics,Online,Returned,FedEx,,High
386981,SKU_1040,Notebook,45,2022-08-18 01:00,98.46,,France,0.19,Credit Card,23.32,Accessories,Online,Returned,Royal Mail,,Medium
313827,SKU_1578,Backpack,23,2022-08-18 16:00,29.25,,Netherlands,0.09,paypall,28.2,Furniture,Online,Not Returned,FedEx,,Medium
347117,SKU_1954,Desk Lamp,-22,2022-08-20 06:00,-15.35,,Belgium,1.9864511932774975,paypall,,Stationery,In-store,Not Returned,UPS,,Medium
780772,SKU_1305,Wireless Mouse,13,2022-08-21 08:00,3.46,,United States,0.21,Credit Card,25.41,Stationery,In-store,Not Returned,DHL,,Low
339434,SKU_1312,Backpack,-48,2022-08-22 01:00,-11.54,,Sweden,0.22,Credit Card,,Accessories,Online,Not Returned,DHL,,Medium
803552,SKU_1912,Desk Lamp,17,2022-08-22 08:00,97.78,,United Kingdom,0.39,paypall,27.95,Furniture,In-store,Not Returned,Royal Mail,,Medium
693571,SKU_1338,Notebook,-17,2022-08-22 13:00,-9.3,,Spain,1.329907119061559,Bank Transfer,,Electronics,Online,Not Returned,DHL,,Medium
494823,SKU_1991,Wireless Mouse,48,2022-08-22 17:00,31.05,,United States,0.23,Bank Transfer,17.76,Electronics,In-store,Not Returned,UPS,Paris,High
829063,SKU_1295,Wireless Mouse,26,2022-08-23 22:00,39.18,,Italy,0.03,paypall,16.22,Accessories,In-store,Not Returned,DHL,,Medium
772961,SKU_1625,USB Cable,43,2022-08-24 02:00,30.91,,Italy,0.45,Credit Card,10.69,Apparel,In-store,Not Returned,DHL,London,Low
189147,SKU_1998,Blue Pen,49,2022-08-24 16:00,10.72,,United Kingdom,0.23,Bank Transfer,21.97,Apparel,Online,Not Returned,UPS,Rome,High
679701,SKU_1085,Office Chair,2,2022-08-24 17:00,31.83,,Australia,0.29,Bank Transfer,11.26,Furniture,In-store,Not Returned,DHL,Amsterdam,Medium
417332,SKU_1130,USB Cable,47,2022-08-25 01:00,22.75,,Norway,0.26,paypall,25.86,Electronics,In-store,Not Returned,FedEx,,Medium
396854,SKU_1399,Notebook,-33,2022-08-25 02:00,-46.18,,Germany,0.33,Bank Transfer,,Furniture,Online,Not Returned,Royal Mail,,Low
912840,SKU_1967,Blue Pen,-6,2022-08-25 09:00,-96.39,,Portugal,1.5990018004234432,Bank Transfer,,Accessories,Online,Not Returned,FedEx,,High
826043,SKU_1047,T-shirt,-46,2022-08-25 11:00,-12.3,,Australia,1.5869329271707606,paypall,,Apparel,In-store,Not Returned,FedEx,,High
326392,SKU_1210,Wireless Mouse,21,2022-08-26 08:00,53.01,,Italy,0.39,Credit Card,9.44,Accessories,In-store,Not Returned,DHL,London,High
233021,SKU_1524,USB Cable,-12,2022-08-26 13:00,92.56,,Italy,0.0,Bank Transfer,,Stationery,Online,Not Returned,DHL,,High
239769,SKU_1553,Backpack,-2,2022-08-26 22:00,-94.1,,United States,1.1053235037297755,Bank Transfer,,Stationery,Online,Not Returned,UPS,,Medium
273873,SKU_1241,Wireless Mouse,-41,2022-08-27 01:00,-80.9,,Norway,1.8251343394064368,Credit Card,,Furniture,Online,Returned,DHL,,Low
141410,SKU_1017,Headphones,-11,2022-08-27 14:00,-35.32,,Belgium,1.0526879471689807,paypall,,Stationery,In-store,Not Returned,DHL,,High
141041,SKU_1529,Wireless Mouse,-1,2022-08-27 20:00,-87.69,,Germany,0.08,Credit Card,,Apparel,In-store,Not Returned,UPS,,Medium
783755,SKU_1079,Backpack,43,2022-08-29 03:00,22.07,,Australia,0.07,Credit Card,22.21,Accessories,Online,Not Returned,UPS,Paris,Medium
334625,SKU_1085,USB Cable,46,2022-08-29 13:00,50.45,,Portugal,0.37,Bank Transfer,18.64,Apparel,In-store,Not Returned,UPS,Amsterdam,Medium
774555,SKU_1554,Notebook,-32,2022-08-29 14:00,-9.67,,Italy,1.4863915723482537,Credit Card,,Furniture,Online,Not Returned,UPS,,Low
210949,SKU_1235,Office Chair,-36,2022-08-29 15:00,-4.0,,Norway,0.04,Bank Transfer,,Electronics,Online,Returned,Royal Mail,,Low
183804,SKU_1581,Office Chair,-11,2022-08-29 19:00,-65.88,,Australia,1.9988778062039316,paypall,,Electronics,In-store,Not Returned,Royal Mail,,Medium
405174,SKU_1174,USB Cable,26,2022-08-30 08:00,65.01,,Netherlands,0.15,Credit Card,11.55,Apparel,In-store,Not Returned,FedEx,London,Medium
836448,SKU_1774,Wall Clock,-47,2022-08-30 16:00,-33.5,,Portugal,1.119245690917791,Bank Transfer,,Electronics,Online,Not Returned,DHL,,Low
477747,SKU_1817,Headphones,33,2022-08-30 18:00,28.66,,Netherlands,0.01,Credit Card,23.22,Furniture,Online,Not Returned,Royal Mail,Amsterdam,High
655284,SKU_1522,Blue Pen,35,2022-08-31 15:00,58.97,,Sweden,0.1,Credit Card,8.59,Accessories,In-store,Returned,FedEx,Amsterdam,Medium
161915,SKU_1037,Backpack,45,2022-09-01 05:00,14.28,,France,0.33,paypall,14.32,Accessories,Online,Returned,FedEx,Rome,Low
789981,SKU_1125,Blue Pen,12,2022-09-02 00:00,31.18,,Netherlands,0.3,Credit Card,10.67,Electronics,In-store,Not Returned,DHL,London,High
264702,SKU_1405,USB Cable,-17,2022-09-02 10:00,-79.44,,Belgium,0.21,Bank Transfer,,Accessories,In-store,Not Returned,Royal Mail,,High
365467,SKU_1870,Wireless Mouse,-8,2022-09-03 07:00,28.88,,Spain,0.1,Credit Card,,Furniture,In-store,Not Returned,Royal Mail,,Low
373399,SKU_1812,Office Chair,21,2022-09-03 21:00,66.74,,Netherlands,0.26,Bank Transfer,17.46,Apparel,Online,Not Returned,Royal Mail,,Medium
698831,SKU_1868,Notebook,10,2022-09-04 01:00,66.42,,Italy,0.38,Bank Transfer,21.4,Apparel,Online,Not Returned,DHL,Paris,Medium
799444,SKU_1687,USB Cable,21,2022-09-04 19:00,28.45,,Italy,0.31,paypall,13.76,Stationery,Online,Not Returned,FedEx,Amsterdam,Low
815309,SKU_1287,USB Cable,-15,2022-09-05 05:00,-66.17,,Portugal,1.0797491326610082,Bank Transfer,,Accessories,In-store,Not Returned,FedEx,,Low
564495,SKU_1810,Headphones,27,2022-09-06 01:00,9.63,,Italy,0.17,Bank Transfer,21.77,Furniture,In-store,Not Returned,DHL,,Medium
232720,SKU_1587,Wireless Mouse,42,2022-09-06 07:00,42.64,,Portugal,0.43,Bank Transfer,15.76,Electronics,Online,Not Returned,DHL,Paris,Low
612703,SKU_1341,Office Chair,35,2022-09-07 21:00,56.91,,Belgium,0.2,Credit Card,25.32,Electronics,Online,Not Returned,Royal Mail,,Low
453123,SKU_1316,White Mug,-14,2022-09-08 12:00,-47.71,,Spain,1.8921810616036447,paypall,,Accessories,Online,Not Returned,DHL,,Low
835956,SKU_1101,White Mug,16,2022-09-08 14:00,61.46,,Sweden,0.06,Bank Transfer,16.83,Accessories,In-store,Not Returned,DHL,Rome,High
983881,SKU_1914,Notebook,21,2022-09-09 07:00,15.42,,Netherlands,0.21,Credit Card,25.61,Apparel,In-store,Not Returned,UPS,Rome,High
354268,SKU_1953,USB Cable,35,2022-09-09 19:00,55.53,,Italy,0.07,paypall,26.49,Furniture,Online,Not Returned,Royal Mail,Paris,Medium
986238,SKU_1788,USB Cable,-41,2022-09-09 20:00,30.25,,Germany,0.4,paypall,,Electronics,Online,Not Returned,DHL,,Medium
665345,SKU_1849,USB Cable,-4,2022-09-10 13:00,92.84,,France,0.34,paypall,,Accessories,Online,Returned,UPS,,Low
615553,SKU_1617,USB Cable,-26,2022-09-10 15:00,-58.82,,Netherlands,0.2,paypall,,Accessories,Online,Not Returned,FedEx,,Low
230078,SKU_1454,Desk Lamp,49,2022-09-11 14:00,39.03,,Italy,0.28,paypall,26.29,Furniture,Online,Not Returned,UPS,,High
230112,SKU_1237,White Mug,2,2022-09-12 03:00,14.07,,Netherlands,0.19,Bank Transfer,24.85,Stationery,In-store,Not Returned,Royal Mail,,Low
124809,SKU_1115,T-shirt,12,2022-09-12 17:00,90.1,,Sweden,0.49,paypall,20.23,Furniture,In-store,Not Returned,Royal Mail,,Medium
194769,SKU_1632,Wall Clock,-18,2022-09-12 21:00,-91.66,,Australia,1.048950626869364,Credit Card,,Apparel,In-store,Returned,UPS,,Low
302138,SKU_1391,Wireless Mouse,-24,2022-09-13 04:00,84.2,,Sweden,0.19,Bank Transfer,,Electronics,In-store,Not Returned,DHL,,Low
462136,SKU_1554,Backpack,-32,2022-09-13 12:00,-19.71,,Netherlands,0.31,Bank Transfer,,Furniture,In-store,Not Returned,DHL,,Medium
994605,SKU_1264,T-shirt,-28,2022-09-13 22:00,-59.31,,Norway,1.829996144771182,Credit Card,,Electronics,In-store,Not Returned,FedEx,,Low
569790,SKU_1109,Backpack,44,2022-09-14 12:00,43.19,,Sweden,0.11,Credit Card,21.52,Apparel,Online,Not Returned,Royal Mail,Rome,High
814095,SKU_1039,Notebook,3,2022-09-14 14:00,79.56,,Australia,0.05,Credit Card,28.64,Electronics,In-store,Not Returned,Royal Mail,Berlin,High
797247,SKU_1134,Blue Pen,-20,2022-09-15 12:00,-81.79,,Netherlands,1.984198293241182,Bank Transfer,,Apparel,In-store,Returned,Royal Mail,,High
223299,SKU_1051,Wireless Mouse,16,2022-09-15 15:00,90.34,,Germany,0.04,Bank Transfer,28.61,Apparel,In-store,Not Returned,Royal Mail,,Medium
595644,SKU_1740,T-shirt,35,2022-09-15 16:00,88.16,,Italy,0.42,Bank Transfer,28.83,Electronics,In-store,Returned,FedEx,Rome,Low
697040,SKU_1101,Office Chair,-2,2022-09-16 11:00,44.27,,Australia,0.27,Bank Transfer,,Furniture,In-store,Not Returned,DHL,,Low
308320,SKU_1915,Office Chair,30,2022-09-16 12:00,76.63,,Italy,0.49,Credit Card,27.37,Accessories,In-store,Not Returned,FedEx,,Low
981979,SKU_1132,T-shirt,-46,2022-09-16 21:00,-61.32,,Australia,0.01,Bank Transfer,,Apparel,Online,Not Returned,Royal Mail,,High
705410,SKU_1504,White Mug,3,2022-09-16 23:00,87.14,,Portugal,0.19,Bank Transfer,12.62,Apparel,In-store,Not Returned,DHL,Amsterdam,High
158791,SKU_1164,USB Cable,-9,2022-09-17 08:00,-21.98,,Italy,1.887984790297684,Credit Card,,Electronics,In-store,Not Returned,FedEx,,Medium
979215,SKU_1656,White Mug,44,2022-09-17 10:00,89.2,,France,0.29,paypall,18.38,Accessories,In-store,Not Returned,DHL,Rome,Medium
682840,SKU_1222,T-shirt,-37,2022-09-17 13:00,62.35,,Portugal,0.03,Credit Card,,Apparel,In-store,Not Returned,FedEx,,Low
758402,SKU_1765,USB Cable,31,2022-09-18 04:00,12.5,,Sweden,0.1,paypall,29.56,Accessories,Online,Returned,DHL,,Medium
694935,SKU_1516,Backpack,-1,2022-09-18 12:00,-87.86,,Belgium,0.27,paypall,,Accessories,In-store,Not Returned,Royal Mail,,Low
869244,SKU_1721,White Mug,36,2022-09-18 17:00,75.13,,Australia,0.45,paypall,20.54,Stationery,In-store,Not Returned,Royal Mail,,Medium
170053,SKU_1247,Headphones,20,2022-09-20 06:00,27.76,,Belgium,0.21,paypall,6.59,Apparel,Online,Not Returned,Royal Mail,Paris,Medium
892922,SKU_1923,Desk Lamp,-43,2022-09-20 13:00,-45.83,,Germany,0.28,Credit Card,,Electronics,In-store,Not Returned,FedEx,,High
802440,SKU_1456,Backpack,4,2022-09-21 02:00,71.28,,Spain,0.22,Bank Transfer,20.4,Apparel,In-store,Not Returned,Royal Mail,London,High
828666,SKU_1226,Desk Lamp,11,2022-09-21 20:00,23.8,,Netherlands,0.39,Credit Card,27.49,Stationery,Online,Not Returned,DHL,,High
256597,SKU_1113,Backpack,30,2022-09-21 21:00,69.92,,United Kingdom,0.12,paypall,17.24,Apparel,Online,Not Returned,UPS,,High
242312,SKU_1249,Headphones,20,2022-09-22 03:00,8.94,,Australia,0.45,Bank Transfer,18.48,Furniture,In-store,Not Returned,DHL,,Low
562757,SKU_1249,Wireless Mouse,10,2022-09-22 04:00,98.73,,Belgium,0.2,Credit Card,25.66,Stationery,Online,Not Returned,FedEx,,Low
584365,SKU_1366,Office Chair,5,2022-09-23 05:00,91.7,71797.0,Belgium,0.23,Credit Card,13.1,Accessories,Online,Not Returned,DHL,London,Medium
589706,SKU_1812,Notebook,-39,2022-09-23 17:00,69.13,,Germany,0.32,paypall,,Accessories,Online,Not Returned,FedEx,,High
519386,SKU_1319,USB Cable,-19,2022-09-23 23:00,23.36,,Belgium,0.11,Credit Card,,Apparel,Online,Not Returned,FedEx,,High
862129,SKU_1933,Backpack,4,2022-09-24 06:00,3.89,,United States,0.46,paypall,26.38,Accessories,Online,Not Returned,Royal Mail,,Low
755949,SKU_1342,Wireless Mouse,10,2022-09-24 07:00,19.67,,Belgium,0.09,paypall,27.75,Stationery,Online,Not Returned,FedEx,Amsterdam,High
946476,SKU_1213,White Mug,-48,2022-09-24 08:00,-90.03,,Belgium,0.45,paypall,,Apparel,In-store,Not Returned,Royal Mail,,High
825959,SKU_1321,Wireless Mouse,-39,2022-09-24 09:00,96.47,,France,0.15,paypall,,Furniture,Online,Not Returned,UPS,,Low
753976,SKU_1555,T-shirt,45,2022-09-25 12:00,4.39,,United Kingdom,0.5,paypall,16.93,Stationery,In-store,Not Returned,UPS,,Medium
908459,SKU_1271,Office Chair,-12,2022-09-25 16:00,-40.9,,Portugal,1.6983950235622385,Bank Transfer,,Furniture,In-store,Returned,Royal Mail,,Low
209658,SKU_1900,Notebook,-37,2022-09-25 23:00,39.37,,Belgium,0.32,Credit Card,,Electronics,In-store,Not Returned,UPS,,Medium
399386,SKU_1671,T-shirt,3,2022-09-26 05:00,50.52,,Netherlands,0.35,paypall,26.31,Furniture,Online,Not Returned,UPS,,Medium
207966,SKU_1575,Headphones,-6,2022-09-26 06:00,-2.6,,Netherlands,1.3695395673469268,Credit Card,,Apparel,Online,Not Returned,DHL,,Medium
888297,SKU_1759,Desk Lamp,12,2022-09-26 19:00,63.32,,Netherlands,0.49,Credit Card,25.5,Electronics,In-store,Not Returned,UPS,Rome,Medium
875128,SKU_1135,Office Chair,12,2022-09-27 04:00,6.37,,Italy,0.23,Bank Transfer,14.37,Electronics,In-store,Not Returned,FedEx,,Low
885484,SKU_1321,T-shirt,27,2022-09-27 13:00,16.74,,Norway,0.46,paypall,12.74,Stationery,Online,Not Returned,FedEx,,Medium
695890,SKU_1170,Wireless Mouse,37,2022-09-27 17:00,78.9,,Belgium,0.07,Credit Card,8.03,Furniture,Online,Not Returned,Royal Mail,,Medium
782083,SKU_1923,Blue Pen,-21,2022-09-27 18:00,-45.33,,Australia,1.7429796168290874,paypall,,Apparel,Online,Returned,FedEx,,Low
681209,SKU_1833,Backpack,10,2022-09-28 01:00,59.31,,Australia,0.2,paypall,21.83,Stationery,In-store,Not Returned,DHL,,High
859904,SKU_1601,T-shirt,-33,2022-09-28 15:00,-30.34,,Netherlands,0.09,Bank Transfer,,Furniture,In-store,Not Returned,FedEx,,Medium
716139,SKU_1473,T-shirt,7,2022-09-28 22:00,82.9,,United Kingdom,0.38,Bank Transfer,8.73,Apparel,In-store,Not Returned,UPS,,High
496713,SKU_1540,Blue Pen,-22,2022-09-29 08:00,-94.3,,Australia,1.9989456620945152,paypall,,Furniture,In-store,Not Returned,UPS,,Medium
183557,SKU_1805,White Mug,-40,2022-09-29 20:00,-85.85,,Belgium,1.7244657580556093,Bank Transfer,,Apparel,In-store,Not Returned,DHL,,Medium
140857,SKU_1284,T-shirt,23,2022-09-30 04:00,30.88,,Italy,0.41,Bank Transfer,28.07,Apparel,Online,Not Returned,FedEx,,Low
322368,SKU_1262,Blue Pen,-36,2022-09-30 12:00,65.03,,Belgium,0.01,Credit Card,,Apparel,In-store,Not Returned,DHL,,Medium
838360,SKU_1865,Blue Pen,34,2022-09-30 20:00,38.45,,Belgium,0.09,Bank Transfer,17.32,Accessories,Online,Not Returned,FedEx,Paris,Low
748431,SKU_1993,Backpack,-37,2022-09-30 21:00,89.27,,Italy,0.22,Bank Transfer,,Furniture,In-store,Not Returned,Royal Mail,,High
310544,SKU_1137,USB Cable,36,2022-10-01 18:00,86.77,,Germany,0.15,Credit Card,14.1,Apparel,In-store,Not Returned,UPS,Paris,Medium
617951,SKU_1250,USB Cable,46,2022-10-03 04:00,37.38,,Germany,0.31,Credit Card,23.71,Stationery,Online,Returned,DHL,Rome,Medium
578388,SKU_1633,White Mug,14,2022-10-03 08:00,55.22,,France,0.38,Bank Transfer,23.14,Furniture,In-store,Not Returned,UPS,Berlin,Medium
506321,SKU_1379,Office Chair,5,2022-10-03 12:00,3.18,,Belgium,0.39,Bank Transfer,9.85,Accessories,In-store,Not Returned,FedEx,London,Medium
126515,SKU_1014,Wall Clock,-5,2022-10-03 19:00,-11.3,,United Kingdom,0.36,Bank Transfer,,Electronics,Online,Not Returned,DHL,,Low
309637,SKU_1262,Wall Clock,-33,2022-10-04 08:00,-90.89,,Belgium,0.49,paypall,,Furniture,Online,Not Returned,FedEx,,Low
751631,SKU_1574,White Mug,-21,2022-10-04 21:00,-28.19,,France,1.0560449379597563,Credit Card,,Furniture,In-store,Returned,Royal Mail,,Medium
633415,SKU_1227,Wireless Mouse,30,2022-10-04 22:00,45.07,,Portugal,0.32,paypall,15.23,Accessories,In-store,Returned,FedEx,,Medium
726112,SKU_1607,Office Chair,4,2022-10-05 05:00,13.8,,Germany,0.23,paypall,24.61,Furniture,In-store,Not Returned,FedEx,,Low
787693,SKU_1749,White Mug,31,2022-10-05 09:00,61.7,,Sweden,0.03,Credit Card,12.38,Stationery,In-store,Not Returned,UPS,Amsterdam,High
370153,SKU_1493,Blue Pen,32,2022-10-05 16:00,35.3,,Portugal,0.0,Bank Transfer,23.95,Apparel,In-store,Not Returned,UPS,,High
603747,SKU_1861,Notebook,-20,2022-10-05 18:00,82.56,,Netherlands,0.41,Bank Transfer,,Accessories,Online,Not Returned,Royal Mail,,Medium
423973,SKU_1048,Wall Clock,-4,2022-10-05 19:00,-38.4,,Belgium,0.27,paypall,,Accessories,In-store,Not Returned,Royal Mail,,High
948358,SKU_1751,Wireless Mouse,48,2022-10-07 06:00,28.55,,Norway,0.26,paypall,15.4,Apparel,In-store,Not Returned,DHL,Amsterdam,Medium
980910,SKU_1473,Wireless Mouse,40,2022-10-07 10:00,85.34,,Italy,0.21,Bank Transfer,5.55,Apparel,In-store,Not Returned,DHL,,Medium
724225,SKU_1890,Desk Lamp,45,2022-10-07 21:00,13.64,,Germany,0.28,Bank Transfer,9.38,Stationery,Online,Not Returned,FedEx,,Medium
330389,SKU_1932,USB Cable,40,2022-10-08 05:00,31.3,,United States,0.1,paypall,17.19,Apparel,Online,Not Returned,UPS,Berlin,Low
282482,SKU_1822,Wall Clock,32,2022-10-09 03:00,60.63,,Portugal,0.49,paypall,19.69,Accessories,Online,Not Returned,DHL,,High
300887,SKU_1836,Notebook,-20,2022-10-09 20:00,-92.11,,United Kingdom,0.35,Bank Transfer,,Stationery,In-store,Returned,FedEx,,High
772810,SKU_1622,Wall Clock,-9,2022-10-10 05:00,-68.81,,Netherlands,1.1671103633679163,paypall,,Stationery,Online,Returned,FedEx,,Low
198991,SKU_1105,USB Cable,-10,2022-10-10 09:00,-94.17,,Australia,1.248379468983617,Bank Transfer,,Stationery,Online,Not Returned,UPS,,Medium
524502,SKU_1272,Blue Pen,37,2022-10-10 16:00,46.5,,Portugal,0.17,Bank Transfer,25.82,Stationery,In-store,Returned,FedEx,,High
660605,SKU_1343,USB Cable,-32,2022-10-11 13:00,-48.59,,Norway,0.23,Credit Card,,Electronics,In-store,Not Returned,Royal Mail,,Medium
805126,SKU_1376,T-shirt,32,2022-10-11 14:00,12.02,,Sweden,0.03,Credit Card,18.29,Furniture,Online,Not Returned,DHL,,Medium
114425,SKU_1573,Wireless Mouse,-23,2022-10-12 02:00,-53.84,,Spain,1.9150947045130495,Bank Transfer,,Accessories,Online,Not Returned,Royal Mail,,Medium
427980,SKU_1205,Desk Lamp,-19,2022-10-12 15:00,26.09,,Germany,0.18,Credit Card,,Stationery,In-store,Not Returned,Royal Mail,,Low
996910,SKU_1561,Desk Lamp,37,2022-10-12 17:00,28.65,,United Kingdom,0.15,Credit Card,6.63,Electronics,In-store,Not Returned,Royal Mail,Paris,High
687915,SKU_1971,Office Chair,-3,2022-10-12 20:00,-74.5,,Portugal,1.627655110337787,Bank Transfer,,Electronics,In-store,Not Returned,FedEx,,Medium
602270,SKU_1252,White Mug,21,2022-10-13 00:00,60.91,,Australia,0.11,paypall,9.06,Electronics,In-store,Not Returned,Royal Mail,Paris,Medium
228345,SKU_1580,Wireless Mouse,33,2022-10-13 01:00,77.34,,Netherlands,0.24,Bank Transfer,17.52,Apparel,In-store,Not Returned,Royal Mail,Rome,High
113162,SKU_1754,Desk Lamp,26,2022-10-13 12:00,98.43,,Italy,0.49,Credit Card,11.33,Accessories,In-store,Not Returned,DHL,Paris,High
452410,SKU_1104,White Mug,43,2022-10-14 23:00,94.01,,Norway,0.15,Credit Card,22.96,Accessories,In-store,Not Returned,FedEx,,High
907192,SKU_1294,Desk Lamp,-48,2022-10-16 04:00,-98.65,,Spain,1.3935040396142266,Credit Card,,Electronics,Online,Not Returned,FedEx,,Medium
626251,SKU_1889,Desk Lamp,47,2022-10-16 05:00,58.61,,Australia,0.39,Bank Transfer,16.83,Furniture,In-store,Not Returned,Royal Mail,Berlin,Medium
960399,SKU_1003,Notebook,22,2022-10-17 01:00,52.01,,Germany,0.47,Credit Card,12.32,Stationery,Online,Not Returned,DHL,Amsterdam,Low
115935,SKU_1527,Notebook,-18,2022-10-18 01:00,24.1,,Sweden,0.36,Credit Card,,Accessories,In-store,Not Returned,DHL,,Medium
279809,SKU_1489,Wall Clock,-42,2022-10-18 13:00,84.83,,United States,0.4,paypall,,Accessories,Online,Returned,UPS,,Low
922197,SKU_1880,Blue Pen,34,2022-10-18 22:00,54.95,,Portugal,0.24,paypall,20.9,Stationery,In-store,Not Returned,Royal Mail,,High
132882,SKU_1616,T-shirt,-43,2022-10-19 14:00,36.79,,France,0.45,paypall,,Apparel,In-store,Not Returned,UPS,,High
803786,SKU_1070,Wall Clock,-24,2022-10-20 01:00,-72.93,,Australia,1.9701232939745128,Credit Card,,Accessories,Online,Not Returned,UPS,,Medium
131368,SKU_1664,Office Chair,-15,2022-10-20 08:00,-16.69,,Netherlands,0.3,Credit Card,,Accessories,Online,Returned,DHL,,Medium
924765,SKU_1056,Wall Clock,42,2022-10-20 16:00,50.53,,United States,0.12,Credit Card,10.13,Electronics,In-store,Not Returned,Royal Mail,,Medium
151033,SKU_1838,Wall Clock,38,2022-10-20 21:00,98.31,,United Kingdom,0.2,Bank Transfer,29.7,Furniture,Online,Returned,DHL,Rome,Low
147219,SKU_1029,Wireless Mouse,25,2022-10-21 01:00,89.95,,United States,0.25,paypall,20.95,Furniture,Online,Not Returned,UPS,Berlin,Medium
719354,SKU_1543,Wall Clock,-24,2022-10-21 16:00,-92.39,,Italy,1.9451481625849203,paypall,,Apparel,In-store,Not Returned,Royal Mail,,Medium
220270,SKU_1039,Desk Lamp,-47,2022-10-21 22:00,-23.97,,Portugal,1.8863568460971871,Credit Card,,Electronics,In-store,Not Returned,DHL,,High
134510,SKU_1689,Wall Clock,-35,2022-10-22 07:00,-38.65,,Belgium,1.6572174010978116,Bank Transfer,,Furniture,In-store,Not Returned,UPS,,High
231235,SKU_1466,Notebook,-49,2022-10-22 20:00,76.11,,Belgium,0.33,Bank Transfer,,Accessories,In-store,Not Returned,Royal Mail,,High
332686,SKU_1240,T-shirt,46,2022-10-22 21:00,42.72,,Netherlands,0.24,Credit Card,7.15,Accessories,In-store,Not Returned,DHL,,Medium
916462,SKU_1110,Desk Lamp,36,2022-10-23 01:00,58.63,,Norway,0.09,paypall,7.72,Electronics,In-store,Not Returned,Royal Mail,Paris,Medium
884689,SKU_1371,Backpack,-11,2022-10-23 11:00,-95.53,,Sweden,0.39,paypall,,Furniture,In-store,Not Returned,UPS,,Low
995828,SKU_1468,Wireless Mouse,-9,2022-10-23 13:00,-12.2,,Italy,1.9696384857583311,Bank Transfer,,Furniture,Online,Not Returned,UPS,,Low
761950,SKU_1587,Wireless Mouse,35,2022-10-23 16:00,40.51,,Germany,0.39,Credit Card,27.28,Electronics,Online,Not Returned,FedEx,Rome,High
402570,SKU_1422,Backpack,-47,2022-10-23 17:00,-15.2,,Australia,0.13,paypall,,Apparel,In-store,Not Returned,DHL,,Low
697539,SKU_1961,T-shirt,-40,2022-10-23 21:00,26.59,,Germany,0.23,Credit Card,,Stationery,Online,Not Returned,DHL,,High
481150,SKU_1811,USB Cable,-45,2022-10-24 05:00,12.72,,Australia,0.13,paypall,,Furniture,In-store,Not Returned,DHL,,High
473938,SKU_1309,Wall Clock,-50,2022-10-24 21:00,-89.57,,Belgium,1.0717766471798962,paypall,,Electronics,In-store,Returned,FedEx,,High
127410,SKU_1232,Office Chair,5,2022-10-25 02:00,50.16,,Germany,0.21,Bank Transfer,26.89,Accessories,In-store,Not Returned,Royal Mail,,High
885334,SKU_1788,Backpack,-24,2022-10-25 03:00,-39.59,,Norway,1.411856205816577,Credit Card,,Furniture,In-store,Not Returned,Royal Mail,,Medium
303014,SKU_1547,Blue Pen,26,2022-10-25 04:00,29.94,,Norway,0.38,paypall,14.5,Furniture,Online,Not Returned,FedEx,,Low
142747,SKU_1134,Backpack,29,2022-10-25 22:00,13.9,,Netherlands,0.06,Bank Transfer,8.26,Furniture,In-store,Not Returned,DHL,Paris,Low
700262,SKU_1765,White Mug,20,2022-10-25 23:00,34.68,,Sweden,0.29,Credit Card,14.88,Apparel,In-store,Not Returned,UPS,,Low
824568,SKU_1494,Blue Pen,27,2022-10-26 01:00,41.5,,France,0.34,Bank Transfer,27.4,Electronics,Online,Not Returned,FedEx,,Medium
955447,SKU_1780,Blue Pen,22,2022-10-26 05:00,88.26,,Spain,0.24,Credit Card,16.6,Furniture,Online,Not Returned,Royal Mail,,High
770247,SKU_1859,Headphones,44,2022-10-26 06:00,86.2,,United States,0.19,Credit Card,21.99,Stationery,Online,Not Returned,UPS,London,Low
563142,SKU_1918,Wall Clock,-8,2022-10-26 10:00,85.37,,United States,0.3,Bank Transfer,,Stationery,Online,Not Returned,Royal Mail,,Medium
614136,SKU_1406,Backpack,46,2022-10-27 00:00,96.2,,Sweden,0.44,paypall,6.72,Electronics,Online,Not Returned,FedEx,Amsterdam,Low
615750,SKU_1437,Wall Clock,20,2022-10-27 01:00,57.88,,United States,0.5,Bank Transfer,24.63,Stationery,Online,Not Returned,Royal Mail,Berlin,High
747958,SKU_1700,Blue Pen,15,2022-10-27 12:00,3.51,,Norway,0.35,Bank Transfer,5.05,Furniture,In-store,Not Returned,DHL,London,Low
274380,SKU_1142,Notebook,46,2022-10-27 18:00,69.17,,Spain,0.22,Bank Transfer,5.3,Stationery,In-store,Not Returned,FedEx,,High
799848,SKU_1527,Desk Lamp,-4,2022-10-28 01:00,8.58,,United States,0.03,Bank Transfer,,Stationery,Online,Returned,FedEx,,High
544942,SKU_1262,Notebook,18,2022-10-28 04:00,51.63,,Australia,0.19,Credit Card,17.78,Electronics,Online,Not Returned,DHL,,Medium
637942,SKU_1381,Wall Clock,42,2022-10-28 09:00,59.9,,Italy,0.41,Bank Transfer,19.51,Electronics,In-store,Not Returned,UPS,,High
431627,SKU_1601,Backpack,-35,2022-10-28 11:00,-85.08,,Italy,1.1006085093241311,Bank Transfer,,Electronics,In-store,Not Returned,DHL,,Low
244444,SKU_1977,Blue Pen,-19,2022-10-28 13:00,-84.74,,Netherlands,1.9877831129233687,Bank Transfer,,Apparel,In-store,Not Returned,UPS,,Low
130066,SKU_1812,Notebook,20,2022-10-29 01:00,38.81,,Spain,0.25,Credit Card,8.94,Electronics,In-store,Not Returned,DHL,London,Low
674162,SKU_1784,Wireless Mouse,-47,2022-10-29 07:00,81.93,,Portugal,0.02,Bank Transfer,,Stationery,Online,Not Returned,Royal Mail,,Medium
230538,SKU_1172,USB Cable,12,2022-10-29 11:00,45.2,,United States,0.36,Credit Card,22.33,Electronics,Online,Not Returned,UPS,,High
548834,SKU_1457,Desk Lamp,31,2022-10-30 00:00,76.5,,France,0.28,Bank Transfer,9.21,Apparel,Online,Not Returned,Royal Mail,,High
322686,SKU_1508,Office Chair,31,2022-10-30 15:00,76.93,,Australia,0.31,Credit Card,13.46,Electronics,Online,Not Returned,DHL,Paris,Low
984801,SKU_1535,Wall Clock,6,2022-10-30 18:00,39.67,,United States,0.37,paypall,12.89,Furniture,In-store,Returned,FedEx,London,Medium
432924,SKU_1844,Wireless Mouse,-3,2022-10-31 07:00,-7.03,,France,1.1840607169957742,Credit Card,,Electronics,Online,Not Returned,UPS,,Medium
963374,SKU_1500,T-shirt,-38,2022-11-01 11:00,-97.22,,United Kingdom,1.924077023649036,Credit Card,,Apparel,In-store,Not Returned,UPS,,Low
230017,SKU_1884,Office Chair,22,2022-11-01 16:00,61.37,,Netherlands,0.41,Credit Card,19.28,Accessories,In-store,Not Returned,DHL,Amsterdam,High
709122,SKU_1622,Office Chair,25,2022-11-01 22:00,45.13,,Sweden,0.26,paypall,15.81,Furniture,In-store,Not Returned,UPS,London,High
195341,SKU_1516,Desk Lamp,47,2022-11-02 05:00,68.82,,Australia,0.32,Credit Card,7.84,Apparel,In-store,Not Returned,UPS,London,Medium
889031,SKU_1715,Backpack,10,2022-11-02 07:00,24.92,,Sweden,0.3,paypall,24.89,Furniture,Online,Not Returned,Royal Mail,,Low
289927,SKU_1408,Desk Lamp,47,2022-11-02 12:00,23.0,,France,0.29,Credit Card,16.32,Electronics,Online,Returned,DHL,Berlin,Low
685745,SKU_1180,Office Chair,-2,2022-11-03 03:00,83.44,,Belgium,0.15,Credit Card,,Electronics,In-store,Not Returned,DHL,,Medium
599584,SKU_1812,Notebook,15,2022-11-03 07:00,37.36,,Sweden,0.48,Credit Card,25.0,Furniture,In-store,Not Returned,UPS,Paris,Low
617912,SKU_1944,Notebook,35,2022-11-03 10:00,84.94,,Germany,0.14,paypall,19.88,Accessories,In-store,Not Returned,FedEx,Paris,Low
934673,SKU_1772,Headphones,-5,2022-11-04 01:00,7.51,,Italy,0.33,Credit Card,,Apparel,In-store,Not Returned,Royal Mail,,High
265600,SKU_1809,USB Cable,-3,2022-11-04 07:00,-61.03,,Netherlands,1.3480951670225476,Bank Transfer,,Accessories,Online,Not Returned,FedEx,,Low
488831,SKU_1380,Notebook,33,2022-11-06 19:00,13.97,,Italy,0.24,paypall,18.94,Stationery,In-store,Not Returned,DHL,London,High
570449,SKU_1909,Wall Clock,-10,2022-11-07 04:00,-97.39,,Norway,0.14,Bank Transfer,,Electronics,In-store,Not Returned,DHL,,Medium
215310,SKU_1635,Desk Lamp,20,2022-11-07 15:00,75.08,,Sweden,0.13,Credit Card,27.07,Furniture,In-store,Not Returned,DHL,,Low
415239,SKU_1328,Office Chair,-15,2022-11-08 03:00,-2.33,,Germany,1.6731095206744824,paypall,,Apparel,Online,Not Returned,FedEx,,Medium
133645,SKU_1937,Blue Pen,39,2022-11-08 07:00,4.23,,Netherlands,0.45,paypall,15.25,Furniture,Online,Not Returned,FedEx,,Low
312718,SKU_1861,Wall Clock,25,2022-11-08 13:00,53.92,,Australia,0.14,paypall,27.59,Furniture,In-store,Not Returned,DHL,,Low
925745,SKU_1127,USB Cable,5,2022-11-08 22:00,79.04,,Italy,0.26,paypall,12.92,Apparel,In-store,Not Returned,UPS,Paris,High
632582,SKU_1699,Wall Clock,8,2022-11-09 04:00,9.95,,United States,0.45,Credit Card,12.47,Accessories,Online,Not Returned,FedEx,,Low
554633,SKU_1817,Blue Pen,-37,2022-11-09 12:00,-12.46,,United Kingdom,1.5136961764394847,paypall,,Electronics,In-store,Not Returned,FedEx,,Medium
635916,SKU_1971,Office Chair,24,2022-11-09 18:00,79.34,,Belgium,0.42,Bank Transfer,28.51,Electronics,In-store,Not Returned,DHL,Rome,Low
269563,SKU_1122,Desk Lamp,-14,2022-11-09 22:00,-64.46,,Australia,0.21,Bank Transfer,,Stationery,Online,Not Returned,UPS,,High
563054,SKU_1976,Wireless Mouse,16,2022-11-10 01:00,58.52,,Spain,0.21,Credit Card,17.29,Accessories,In-store,Not Returned,Royal Mail,Rome,Low
343095,SKU_1551,White Mug,24,2022-11-10 09:00,95.17,,Australia,0.38,paypall,21.0,Furniture,Online,Returned,FedEx,,Low
706271,SKU_1065,Notebook,4,2022-11-10 21:00,97.0,,Belgium,0.01,Bank Transfer,8.35,Stationery,Online,Not Returned,FedEx,,Low
976876,SKU_1283,USB Cable,7,2022-11-12 05:00,29.28,,Germany,0.27,Bank Transfer,22.69,Electronics,Online,Not Returned,DHL,Berlin,Low
321325,SKU_1324,Headphones,47,2022-11-13 12:00,83.46,,Portugal,0.47,paypall,26.87,Furniture,In-store,Not Returned,FedEx,,Low
887567,SKU_1708,Desk Lamp,-21,2022-11-13 20:00,25.29,,Belgium,0.15,Bank Transfer,,Stationery,Online,Returned,FedEx,,Medium
800843,SKU_1009,Desk Lamp,48,2022-11-14 14:00,45.08,,United Kingdom,0.39,paypall,27.11,Apparel,In-store,Returned,UPS,Amsterdam,Medium
473199,SKU_1336,Headphones,-25,2022-11-16 02:00,-39.2,,Germany,0.37,Bank Transfer,,Accessories,Online,Not Returned,UPS,,Medium
985030,SKU_1343,Wireless Mouse,28,2022-11-16 09:00,97.15,,Germany,0.31,Credit Card,9.09,Electronics,Online,Not Returned,FedEx,,Medium
311929,SKU_1788,White Mug,40,2022-11-16 11:00,10.37,,United Kingdom,0.22,paypall,24.27,Stationery,In-store,Not Returned,FedEx,Rome,Low
681481,SKU_1761,Wireless Mouse,-2,2022-11-16 14:00,-63.86,,Netherlands,1.7270370085569549,Bank Transfer,,Furniture,In-store,Not Returned,DHL,,Low
638967,SKU_1396,USB Cable,-48,2022-11-16 17:00,39.98,,Germany,0.37,Bank Transfer,,Accessories,Online,Not Returned,FedEx,,Low
728427,SKU_1704,Wall Clock,-37,2022-11-17 10:00,1.3,,Norway,0.38,Credit Card,,Stationery,Online,Not Returned,UPS,,High
449773,SKU_1663,USB Cable,-14,2022-11-17 15:00,-88.64,,United Kingdom,0.27,Credit Card,,Accessories,Online,Not Returned,UPS,,Medium
737069,SKU_1058,Headphones,41,2022-11-18 02:00,82.48,,Sweden,0.03,Credit Card,22.65,Furniture,Online,Not Returned,FedEx,Amsterdam,High
664288,SKU_1780,Wall Clock,27,2022-11-18 05:00,27.74,,France,0.0,Bank Transfer,22.78,Furniture,In-store,Not Returned,UPS,,High
292811,SKU_1318,T-shirt,-33,2022-11-18 11:00,-44.77,,Germany,1.6524494415158628,paypall,,Apparel,Online,Not Returned,Royal Mail,,Medium
807548,SKU_1461,Notebook,24,2022-11-18 19:00,4.59,,Spain,0.39,Bank Transfer,25.89,Electronics,Online,Not Returned,DHL,,Medium
154895,SKU_1592,Notebook,-15,2022-11-19 01:00,34.99,,Belgium,0.12,paypall,,Furniture,In-store,Not Returned,FedEx,,High
594614,SKU_1801,Notebook,-33,2022-11-19 16:00,55.19,,Spain,0.13,paypall,,Apparel,Online,Not Returned,Royal Mail,,Low
801062,SKU_1380,Wireless Mouse,7,2022-11-20 03:00,95.51,,United States,0.07,Bank Transfer,28.24,Apparel,Online,Not Returned,UPS,Amsterdam,High
894473,SKU_1452,T-shirt,-10,2022-11-20 18:00,72.21,,Portugal,0.45,Credit Card,,Furniture,In-store,Not Returned,UPS,,Low
920007,SKU_1634,T-shirt,28,2022-11-21 06:00,72.92,,United States,0.02,Credit Card,11.76,Furniture,Online,Not Returned,FedEx,,Medium
330119,SKU_1664,Wall Clock,-29,2022-11-21 10:00,31.43,,Australia,0.27,paypall,,Stationery,In-store,Returned,Royal Mail,,Low
802789,SKU_1660,Backpack,19,2022-11-21 15:00,38.02,,Portugal,0.28,Bank Transfer,24.03,Apparel,In-store,Not Returned,Royal Mail,,Low
645702,SKU_1988,Wall Clock,32,2022-11-22 09:00,80.27,,Sweden,0.15,Bank Transfer,25.76,Stationery,In-store,Not Returned,DHL,Rome,Medium
993242,SKU_1822,White Mug,29,2022-11-23 08:00,21.99,,Spain,0.2,paypall,24.73,Stationery,In-store,Not Returned,UPS,,Medium
738412,SKU_1734,T-shirt,6,2022-11-23 23:00,21.0,,Portugal,0.48,Credit Card,17.41,Electronics,Online,Not Returned,UPS,,Low
142262,SKU_1658,Desk Lamp,28,2022-11-24 11:00,58.86,,Australia,0.24,Credit Card,7.15,Electronics,In-store,Returned,Royal Mail,,Medium
635814,SKU_1083,Blue Pen,-23,2022-11-25 08:00,-76.8,,United Kingdom,1.499550509139424,Bank Transfer,,Furniture,In-store,Not Returned,Royal Mail,,Medium
332842,SKU_1225,Backpack,44,2022-11-25 18:00,55.75,,Portugal,0.14,Bank Transfer,6.46,Electronics,In-store,Not Returned,UPS,London,Low
123655,SKU_1952,Backpack,-10,2022-11-25 22:00,-70.41,,Norway,1.317686816506671,Credit Card,,Accessories,Online,Not Returned,Royal Mail,,Medium
244707,SKU_1647,Office Chair,-40,2022-11-26 09:00,88.24,,United States,0.43,Bank Transfer,,Apparel,In-store,Not Returned,UPS,,Low
283643,SKU_1092,Wall Clock,25,2022-11-26 10:00,40.93,,Sweden,0.18,Credit Card,27.06,Furniture,Online,Not Returned,FedEx,,Medium
453807,SKU_1353,Notebook,-32,2022-11-26 14:00,81.86,,Australia,0.45,paypall,,Accessories,Online,Not Returned,FedEx,,High
376674,SKU_1034,Notebook,-35,2022-11-27 20:00,-37.59,,United States,1.9166401966466005,paypall,,Apparel,Online,Not Returned,DHL,,High
224750,SKU_1810,Notebook,44,2022-11-28 02:00,94.25,,United Kingdom,0.03,Bank Transfer,15.37,Stationery,In-store,Not Returned,FedEx,Berlin,Medium
899864,SKU_1874,Desk Lamp,40,2022-11-28 17:00,16.16,,Portugal,0.02,Credit Card,18.69,Apparel,In-store,Not Returned,Royal Mail,,Low
247089,SKU_1253,USB Cable,-9,2022-11-29 17:00,-85.29,,Australia,1.863237897124427,Bank Transfer,,Electronics,In-store,Not Returned,FedEx,,Medium
238260,SKU_1992,T-shirt,42,2022-11-30 06:00,72.1,,Spain,0.2,paypall,22.14,Accessories,In-store,Returned,UPS,Paris,Low
950941,SKU_1221,Headphones,2,2022-11-30 18:00,19.39,,Portugal,0.04,Credit Card,8.55,Accessories,Online,Not Returned,UPS,Paris,Low
389707,SKU_1806,Backpack,21,2022-12-01 21:00,26.0,,Netherlands,0.03,Credit Card,27.19,Stationery,Online,Not Returned,Royal Mail,Amsterdam,High
378295,SKU_1541,Wireless Mouse,-24,2022-12-02 05:00,-98.73,,Netherlands,1.8541931689433468,paypall,,Apparel,Online,Not Returned,UPS,,Medium
167114,SKU_1029,Wall Clock,-39,2022-12-02 14:00,-3.47,,Spain,0.3,Bank Transfer,,Accessories,In-store,Not Returned,UPS,,Medium
947182,SKU_1432,Backpack,30,2022-12-03 01:00,27.64,,Portugal,0.48,Bank Transfer,29.57,Accessories,In-store,Not Returned,DHL,Berlin,Medium
137869,SKU_1249,White Mug,18,2022-12-04 04:00,60.99,,Australia,0.39,paypall,11.09,Accessories,Online,Not Returned,Royal Mail,Berlin,Medium
530037,SKU_1909,Headphones,-32,2022-12-04 12:00,45.05,,Italy,0.2,Credit Card,,Furniture,In-store,Not Returned,UPS,,High
318400,SKU_1552,USB Cable,28,2022-12-05 14:00,91.0,,Germany,0.09,Credit Card,17.05,Accessories,In-store,Not Returned,DHL,,High
912729,SKU_1756,Wall Clock,24,2022-12-05 18:00,23.38,,United States,0.2,Credit Card,22.77,Furniture,In-store,Not Returned,FedEx,,High
524541,SKU_1399,Wall Clock,27,2022-12-05 23:00,79.92,,Spain,0.15,paypall,25.21,Apparel,Online,Not Returned,Royal Mail,London,Low
246004,SKU_1363,Backpack,-31,2022-12-06 04:00,-25.95,,Australia,1.9410050511549557,Credit Card,,Furniture,In-store,Not Returned,UPS,,Medium
251397,SKU_1130,Wireless Mouse,-5,2022-12-06 11:00,24.24,,United Kingdom,0.48,Bank Transfer,,Furniture,In-store,Not Returned,Royal Mail,,High
873559,SKU_1366,Backpack,-17,2022-12-06 17:00,-27.86,,Netherlands,1.0804374765481464,paypall,,Accessories,In-store,Not Returned,FedEx,,Low
311648,SKU_1713,Blue Pen,27,2022-12-07 09:00,58.21,,France,0.26,Credit Card,24.82,Apparel,Online,Returned,FedEx,,Low
761383,SKU_1646,Blue Pen,-50,2022-12-07 12:00,-97.06,,Portugal,1.177221074839604,paypall,,Electronics,Online,Not Returned,UPS,,Low
988603,SKU_1494,Blue Pen,-6,2022-12-07 16:00,33.44,,Norway,0.38,Bank Transfer,,Furniture,Online,Not Returned,Royal Mail,,Medium
769156,SKU_1058,Blue Pen,-47,2022-12-07 20:00,-81.27,,Netherlands,0.04,Credit Card,,Electronics,In-store,Not Returned,FedEx,,Medium
172613,SKU_1230,USB Cable,-10,2022-12-07 22:00,-43.43,,Sweden,1.7680916866555814,Credit Card,,Apparel,In-store,Not Returned,Royal Mail,,Low
741383,SKU_1768,Blue Pen,-20,2022-12-08 21:00,-56.21,,United Kingdom,0.22,Credit Card,,Accessories,Online,Not Returned,DHL,,Low
805322,SKU_1451,Blue Pen,-8,2022-12-08 23:00,78.2,,Norway,0.2,Bank Transfer,,Furniture,Online,Not Returned,UPS,,Low
374722,SKU_1560,Wall Clock,14,2022-12-09 06:00,81.37,,Germany,0.47,Bank Transfer,6.78,Electronics,Online,Not Returned,Royal Mail,Berlin,Medium
317443,SKU_1395,Wireless Mouse,43,2022-12-09 15:00,82.31,,Portugal,0.19,Bank Transfer,10.66,Apparel,Online,Returned,Royal Mail,,High
739424,SKU_1281,Office Chair,-28,2022-12-10 01:00,-8.2,,Netherlands,1.3428043836244614,Bank Transfer,,Accessories,In-store,Not Returned,Royal Mail,,High
467758,SKU_1905,Blue Pen,-49,2022-12-10 11:00,-76.79,,Germany,0.08,Credit Card,,Stationery,In-store,Returned,Royal Mail,,High
232508,SKU_1022,Blue Pen,31,2022-12-10 23:00,93.73,,Australia,0.22,Bank Transfer,9.18,Apparel,Online,Not Returned,DHL,Rome,High
450161,SKU_1379,Notebook,-28,2022-12-11 03:00,-43.73,,Italy,1.7560513742626909,Bank Transfer,,Stationery,In-store,Not Returned,DHL,,High
122766,SKU_1615,Backpack,-16,2022-12-11 08:00,67.71,,Australia,0.12,Bank Transfer,,Accessories,Online,Not Returned,FedEx,,High
850633,SKU_1435,USB Cable,3,2022-12-11 09:00,98.61,,France,0.36,Credit Card,19.13,Electronics,In-store,Not Returned,UPS,,Low
514429,SKU_1921,Wall Clock,38,2022-12-11 10:00,23.6,,France,0.49,Credit Card,22.71,Electronics,Online,Not Returned,DHL,London,Low
948671,SKU_1523,Desk Lamp,-34,2022-12-11 12:00,-19.62,,United States,1.8951269199474845,paypall,,Accessories,In-store,Not Returned,UPS,,Medium
296582,SKU_1954,Headphones,-5,2022-12-12 06:00,-60.05,,Germany,0.23,Bank Transfer,,Furniture,Online,Not Returned,DHL,,High
853290,SKU_1185,Wall Clock,35,2022-12-12 12:00,57.3,,Spain,0.47,Credit Card,29.14,Apparel,In-store,Not Returned,Royal Mail,,High
122036,SKU_1845,USB Cable,-26,2022-12-13 05:00,-24.77,,Spain,0.26,paypall,,Accessories,In-store,Not Returned,DHL,,Medium
729866,SKU_1695,Notebook,-14,2022-12-13 11:00,-53.1,,Norway,1.9304160573245208,Credit Card,,Stationery,In-store,Not Returned,FedEx,,High
783206,SKU_1970,T-shirt,-6,2022-12-13 13:00,92.49,,Australia,0.47,paypall,,Furniture,In-store,Not Returned,DHL,,Medium
129030,SKU_1940,White Mug,49,2022-12-14 19:00,79.16,,United States,0.26,paypall,14.6,Stationery,Online,Not Returned,FedEx,Berlin,Medium
496008,SKU_1647,Headphones,38,2022-12-15 00:00,22.09,,Sweden,0.24,paypall,12.96,Stationery,Online,Not Returned,FedEx,,Medium
624708,SKU_1651,Office Chair,20,2022-12-15 01:00,39.73,,Germany,0.31,Credit Card,8.75,Accessories,Online,Not Returned,DHL,Berlin,High
861303,SKU_1681,Blue Pen,-9,2022-12-15 06:00,-90.09,,Norway,1.5431809760772102,Credit Card,,Accessories,In-store,Not Returned,Royal Mail,,Medium
379037,SKU_1983,T-shirt,-10,2022-12-15 11:00,54.0,,France,0.28,paypall,,Stationery,Online,Not Returned,UPS,,High
343470,SKU_1512,USB Cable,-12,2022-12-16 04:00,-79.81,,Australia,0.0,Credit Card,,Furniture,In-store,Not Returned,Royal Mail,,Medium
251074,SKU_1307,USB Cable,18,2022-12-16 17:00,24.74,,France,0.25,Bank Transfer,17.9,Furniture,In-store,Not Returned,DHL,,Medium
324540,SKU_1911,T-shirt,-22,2022-12-16 21:00,-2.69,,United States,1.3644470450157518,paypall,,Furniture,In-store,Not Returned,FedEx,,Low
614497,SKU_1641,USB Cable,41,2022-12-16 22:00,86.11,,Australia,0.13,Bank Transfer,9.62,Electronics,In-store,Not Returned,FedEx,,Medium
471007,SKU_1035,Headphones,30,2022-12-16 23:00,89.43,,Germany,0.05,paypall,10.96,Accessories,In-store,Not Returned,FedEx,Rome,Low
425328,SKU_1488,Backpack,5,2022-12-17 08:00,45.79,,France,0.14,Credit Card,19.72,Furniture,In-store,Not Returned,FedEx,,Low
895565,SKU_1384,Headphones,11,2022-12-17 11:00,80.66,,Belgium,0.23,paypall,13.6,Furniture,In-store,Not Returned,Royal Mail,,High
228357,SKU_1117,Wireless Mouse,24,2022-12-18 02:00,90.12,,Spain,0.27,Bank Transfer,18.98,Apparel,In-store,Not Returned,FedEx,Amsterdam,High
514919,SKU_1084,Wireless Mouse,12,2022-12-18 16:00,84.7,,Sweden,0.31,paypall,28.04,Accessories,Online,Not Returned,FedEx,Rome,Medium
349526,SKU_1273,Headphones,-19,2022-12-18 18:00,44.35,,Netherlands,0.16,paypall,,Apparel,In-store,Not Returned,Royal Mail,,Medium
159615,SKU_1433,Backpack,16,2022-12-19 06:00,41.89,,Sweden,0.21,Bank Transfer,14.22,Apparel,In-store,Not Returned,UPS,,High
804875,SKU_1978,Wireless Mouse,-27,2022-12-19 12:00,-14.92,,Sweden,1.7502889691437806,Bank Transfer,,Furniture,Online,Not Returned,UPS,,High
922455,SKU_1156,Wireless Mouse,-13,2022-12-19 20:00,63.11,,Netherlands,0.25,Credit Card,,Furniture,In-store,Not Returned,DHL,,Low
144764,SKU_1640,Desk Lamp,-11,2022-12-20 20:00,-79.86,,Netherlands,1.8686950037051249,Bank Transfer,,Electronics,Online,Not Returned,UPS,,Medium
235105,SKU_1330,USB Cable,23,2022-12-21 05:00,22.18,,Netherlands,0.15,Credit Card,8.78,Apparel,In-store,Not Returned,FedEx,London,Medium
458278,SKU_1802,Office Chair,41,2022-12-21 20:00,10.4,,United Kingdom,0.13,paypall,27.97,Stationery,In-store,Not Returned,Royal Mail,,Low
528665,SKU_1699,Blue Pen,40,2022-12-21 21:00,23.92,,Italy,0.08,paypall,13.99,Accessories,Online,Not Returned,FedEx,,Low
503078,SKU_1013,Wall Clock,45,2022-12-22 11:00,19.68,,Belgium,0.49,Bank Transfer,28.96,Stationery,Online,Not Returned,UPS,London,Medium
995230,SKU_1772,White Mug,27,2022-12-22 19:00,14.29,,Italy,0.23,paypall,27.74,Accessories,In-store,Not Returned,Royal Mail,,Medium
573212,SKU_1732,Headphones,-18,2022-12-22 20:00,68.57,,United Kingdom,0.48,Bank Transfer,,Stationery,In-store,Not Returned,UPS,,High
204894,SKU_1703,Blue Pen,3,2022-12-23 00:00,3.53,,Portugal,0.27,Credit Card,8.43,Accessories,In-store,Not Returned,FedEx,,High
903543,SKU_1990,Wall Clock,48,2022-12-23 12:00,9.31,,United Kingdom,0.29,Bank Transfer,16.41,Stationery,Online,Not Returned,UPS,Paris,Medium
172575,SKU_1836,T-shirt,23,2022-12-23 13:00,55.48,,Italy,0.16,Bank Transfer,16.69,Electronics,Online,Not Returned,UPS,,Low
494188,SKU_1174,Blue Pen,19,2022-12-24 03:00,29.87,,United Kingdom,0.22,paypall,25.79,Furniture,In-store,Not Returned,FedEx,,High
757992,SKU_1404,T-shirt,-24,2022-12-24 05:00,-88.93,,United Kingdom,0.23,Bank Transfer,,Apparel,Online,Not Returned,Royal Mail,,Medium
763178,SKU_1248,White Mug,32,2022-12-24 12:00,48.35,,Australia,0.05,paypall,18.55,Furniture,Online,Not Returned,UPS,Amsterdam,Low
533467,SKU_1697,Wireless Mouse,-7,2022-12-25 16:00,77.53,,France,0.24,Credit Card,,Electronics,Online,Not Returned,Royal Mail,,Medium
330739,SKU_1505,Notebook,-24,2022-12-25 17:00,87.97,,United Kingdom,0.46,Credit Card,,Apparel,Online,Not Returned,UPS,,Low
457345,SKU_1814,Desk Lamp,49,2022-12-26 22:00,58.89,,Norway,0.06,Credit Card,28.56,Accessories,In-store,Not Returned,Royal Mail,Paris,Medium
523693,SKU_1373,Office Chair,-18,2022-12-27 03:00,-45.16,,Belgium,1.3671878843540244,Credit Card,,Furniture,Online,Not Returned,Royal Mail,,Medium
758931,SKU_1586,Office Chair,21,2022-12-27 07:00,65.73,,Germany,0.02,Credit Card,9.85,Apparel,In-store,Not Returned,UPS,Berlin,Medium
127182,SKU_1684,Office Chair,36,2022-12-28 10:00,76.58,,Norway,0.17,paypall,17.81,Furniture,In-store,Returned,FedEx,Berlin,Medium
814814,SKU_1061,Notebook,-6,2022-12-28 17:00,57.52,,France,0.09,paypall,,Electronics,In-store,Not Returned,FedEx,,Medium
521645,SKU_1583,Desk Lamp,47,2022-12-28 20:00,65.7,,Norway,0.09,Bank Transfer,8.21,Stationery,In-store,Not Returned,Royal Mail,,Low
448434,SKU_1404,Office Chair,-14,2022-12-29 00:00,-6.21,,Germany,1.496620902212377,Credit Card,,Accessories,Online,Not Returned,DHL,,Medium
861994,SKU_1384,Notebook,12,2022-12-29 07:00,52.76,,Germany,0.27,paypall,19.65,Stationery,Online,Not Returned,UPS,,Low
579329,SKU_1514,Backpack,-7,2022-12-29 09:00,-94.54,,Germany,1.1926527406174463,Bank Transfer,,Furniture,In-store,Not Returned,UPS,,Low
857624,SKU_1368,Desk Lamp,-26,2022-12-29 10:00,43.71,,Italy,0.11,Bank Transfer,,Furniture,In-store,Not Returned,DHL,,High
329561,SKU_1411,Wall Clock,-15,2022-12-30 04:00,-16.64,,United Kingdom,0.27,Bank Transfer,,Accessories,In-store,Not Returned,UPS,,Low
740956,SKU_1294,Headphones,13,2022-12-30 06:00,28.74,,Norway,0.28,paypall,18.09,Stationery,In-store,Not Returned,UPS,,Low
533792,SKU_1892,Desk Lamp,-34,2022-12-30 08:00,93.04,,Germany,0.04,Bank Transfer,,Accessories,Online,Not Returned,UPS,,Low
209844,SKU_1555,Wall Clock,27,2022-12-30 17:00,80.37,,Australia,0.46,paypall,16.27,Electronics,Online,Not Returned,UPS,Berlin,Low
275556,SKU_1655,USB Cable,46,2022-12-31 14:00,87.25,,Belgium,0.32,paypall,22.5,Furniture,Online,Returned,DHL,London,High
190159,SKU_1098,Wireless Mouse,-15,2022-12-31 22:00,-48.03,,Norway,1.1160539324522118,Credit Card,,Stationery,Online,Not Returned,Royal Mail,,Low
300065,SKU_1306,Desk Lamp,-24,2022-12-31 23:00,-76.69,,Spain,1.2350003442952862,Credit Card,,Electronics,Online,Not Returned,FedEx,,High
412544,SKU_1390,Wireless Mouse,-28,2023-01-01 01:00,25.35,,Italy,0.03,Credit Card,,Accessories,In-store,Not Returned,FedEx,,High
773641,SKU_1893,Headphones,-39,2023-01-01 06:00,-56.87,,Belgium,1.565841776062522,Credit Card,,Stationery,Online,Not Returned,DHL,,High
701552,SKU_1749,T-shirt,33,2023-01-01 07:00,83.51,,Sweden,0.45,Credit Card,15.0,Apparel,Online,Not Returned,DHL,,Medium
862078,SKU_1738,Wall Clock,-47,2023-01-01 22:00,40.66,,Belgium,0.28,paypall,,Furniture,Online,Returned,Royal Mail,,High
675985,SKU_1678,Desk Lamp,28,2023-01-02 07:00,48.22,,Netherlands,0.46,paypall,8.79,Electronics,Online,Not Returned,DHL,Amsterdam,Medium
281172,SKU_1116,Wall Clock,24,2023-01-02 13:00,68.98,,Belgium,0.39,paypall,27.12,Furniture,Online,Returned,Royal Mail,,High
391288,SKU_1418,Blue Pen,-31,2023-01-02 22:00,37.42,,Australia,0.01,Credit Card,,Stationery,In-store,Not Returned,UPS,,Medium
566981,SKU_1566,Headphones,-50,2023-01-03 05:00,-13.67,,Italy,1.7744873484835186,paypall,,Apparel,Online,Not Returned,UPS,,High
545581,SKU_1084,Notebook,39,2023-01-03 11:00,64.98,,United Kingdom,0.43,Bank Transfer,8.05,Stationery,In-store,Not Returned,DHL,Rome,High
608965,SKU_1397,Office Chair,-20,2023-01-04 00:00,81.93,,United Kingdom,0.44,Bank Transfer,,Stationery,In-store,Not Returned,DHL,,Medium
562441,SKU_1048,Desk Lamp,-21,2023-01-04 02:00,-35.66,,United States,1.5152509324132364,Credit Card,,Electronics,In-store,Not Returned,Royal Mail,,High
270134,SKU_1670,Wireless Mouse,36,2023-01-04 08:00,91.26,,United Kingdom,0.27,paypall,11.8,Stationery,Online,Not Returned,DHL,,Low
869275,SKU_1016,White Mug,22,2023-01-04 12:00,55.39,,Sweden,0.19,Credit Card,29.53,Stationery,In-store,Not Returned,DHL,London,Medium
772547,SKU_1183,Headphones,-48,2023-01-04 15:00,26.22,,Germany,0.24,paypall,,Apparel,Online,Not Returned,FedEx,,Medium
496743,SKU_1708,Headphones,16,2023-01-04 20:00,18.48,,Italy,0.37,Bank Transfer,29.03,Accessories,In-store,Not Returned,DHL,Rome,Medium
511973,SKU_1230,Backpack,22,2023-01-05 02:00,33.03,,United States,0.0,paypall,26.29,Accessories,In-store,Not Returned,DHL,Amsterdam,Medium
458237,SKU_1146,Headphones,3,2023-01-05 13:00,33.27,,Australia,0.42,Bank Transfer,21.27,Accessories,In-store,Not Returned,Royal Mail,Rome,Medium
177585,SKU_1329,White Mug,-37,2023-01-06 19:00,-9.82,,United States,0.48,paypall,,Accessories,In-store,Not Returned,DHL,,High
551758,SKU_1982,Wireless Mouse,31,2023-01-06 20:00,80.47,,Sweden,0.39,Bank Transfer,21.86,Stationery,In-store,Not Returned,UPS,London,High
359970,SKU_1813,Wall Clock,-15,2023-01-07 04:00,-41.88,,Australia,1.815431104375932,paypall,,Apparel,Online,Returned,Royal Mail,,Medium
627765,SKU_1502,Wireless Mouse,-48,2023-01-07 05:00,26.32,,Spain,0.06,Bank Transfer,,Accessories,In-store,Returned,Royal Mail,,Medium
373994,SKU_1007,Wireless Mouse,-33,2023-01-07 11:00,-34.37,,Spain,1.3282529325719865,paypall,,Accessories,In-store,Not Returned,FedEx,,Medium
124718,SKU_1896,Notebook,42,2023-01-07 16:00,78.1,,United Kingdom,0.01,Bank Transfer,5.09,Electronics,Online,Not Returned,Royal Mail,Paris,Medium
701108,SKU_1790,Wall Clock,12,2023-01-08 02:00,42.57,,Sweden,0.25,Bank Transfer,12.92,Stationery,In-store,Not Returned,DHL,Rome,Low
953539,SKU_1554,Desk Lamp,-31,2023-01-08 10:00,-33.39,,Sweden,1.2499184133994063,paypall,,Apparel,Online,Not Returned,UPS,,High
833413,SKU_1244,Office Chair,24,2023-01-09 10:00,61.73,,Norway,0.16,Bank Transfer,23.42,Accessories,In-store,Not Returned,DHL,Amsterdam,Low
211151,SKU_1367,Office Chair,49,2023-01-10 05:00,57.87,,Australia,0.13,Credit Card,20.07,Electronics,In-store,Not Returned,FedEx,Paris,High
427521,SKU_1462,White Mug,-19,2023-01-10 08:00,-39.29,,Belgium,1.8456762868932652,paypall,,Furniture,Online,Not Returned,FedEx,,Medium
599203,SKU_1241,Office Chair,3,2023-01-11 10:00,46.82,,France,0.44,Bank Transfer,11.68,Electronics,Online,Not Returned,FedEx,,Low
674656,SKU_1107,Blue Pen,24,2023-01-11 22:00,96.83,,Belgium,0.13,paypall,10.02,Electronics,Online,Not Returned,DHL,Amsterdam,Medium
838142,SKU_1202,USB Cable,-8,2023-01-12 09:00,-76.52,,Germany,0.32,Credit Card,,Furniture,In-store,Not Returned,Royal Mail,,Medium
593915,SKU_1204,Blue Pen,1,2023-01-12 16:00,32.69,,Sweden,0.11,paypall,16.94,Accessories,In-store,Not Returned,UPS,Paris,High
223355,SKU_1411,Headphones,35,2023-01-12 17:00,69.96,,Sweden,0.48,Credit Card,19.47,Accessories,In-store,Not Returned,DHL,Paris,High
428241,SKU_1211,Office Chair,-4,2023-01-12 22:00,-69.35,,Italy,1.3326582858093086,paypall,,Stationery,Online,Returned,Royal Mail,,Low
287522,SKU_1834,Notebook,-28,2023-01-13 14:00,-61.1,,United Kingdom,1.5369164010102732,paypall,,Apparel,Online,Returned,DHL,,High
319592,SKU_1894,Blue Pen,15,2023-01-13 15:00,38.69,,Norway,0.45,paypall,9.6,Stationery,Online,Not Returned,FedEx,,High
109096,SKU_1759,Office Chair,-12,2023-01-13 17:00,57.05,,Spain,0.32,paypall,,Apparel,Online,Not Returned,DHL,,Medium
431628,SKU_1817,White Mug,-49,2023-01-13 23:00,78.94,,United Kingdom,0.15,paypall,,Electronics,Online,Not Returned,Royal Mail,,High
631501,SKU_1753,Headphones,19,2023-01-14 13:00,20.74,,Germany,0.01,Credit Card,22.36,Electronics,In-store,Not Returned,DHL,London,High
827362,SKU_1192,Backpack,-41,2023-01-15 18:00,60.73,,Spain,0.43,paypall,,Stationery,Online,Not Returned,DHL,,High
573662,SKU_1162,Backpack,29,2023-01-16 04:00,16.24,,United States,0.44,paypall,28.9,Furniture,Online,Not Returned,DHL,,Low
474635,SKU_1798,White Mug,22,2023-01-16 12:00,81.74,,United Kingdom,0.37,Credit Card,10.15,Electronics,In-store,Not Returned,DHL,Amsterdam,Medium
959055,SKU_1179,Headphones,36,2023-01-16 13:00,93.75,,Sweden,0.35,Credit Card,5.64,Apparel,Online,Not Returned,DHL,Paris,Medium
680159,SKU_1100,Office Chair,23,2023-01-16 23:00,26.1,,United Kingdom,0.43,Bank Transfer,25.77,Furniture,In-store,Not Returned,FedEx,,Low
459625,SKU_1165,White Mug,-21,2023-01-18 04:00,-36.12,,Norway,0.08,Bank Transfer,,Furniture,In-store,Not Returned,FedEx,,Medium
312875,SKU_1378,Headphones,-29,2023-01-18 05:00,-40.61,,France,1.8176518634927827,paypall,,Accessories,In-store,Not Returned,DHL,,High
198115,SKU_1724,Desk Lamp,45,2023-01-18 09:00,22.31,,Norway,0.14,paypall,28.41,Furniture,Online,Not Returned,FedEx,Berlin,Medium
937620,SKU_1274,White Mug,28,2023-01-18 18:00,10.81,,Portugal,0.36,Credit Card,24.05,Apparel,Online,Not Returned,UPS,,Medium
471930,SKU_1329,Wireless Mouse,39,2023-01-19 23:00,98.24,,Norway,0.34,paypall,7.86,Apparel,Online,Not Returned,Royal Mail,Paris,Medium
370789,SKU_1652,Office Chair,-14,2023-01-20 03:00,-4.23,,United Kingdom,1.7720602747467915,paypall,,Electronics,In-store,Not Returned,UPS,,Medium
336192,SKU_1724,Wall Clock,-18,2023-01-20 04:00,73.66,,Australia,0.34,paypall,,Apparel,Online,Not Returned,DHL,,Low
477572,SKU_1481,Blue Pen,1,2023-01-20 05:00,98.91,,Germany,0.29,paypall,17.78,Accessories,Online,Not Returned,UPS,Rome,Low
311670,SKU_1384,Notebook,26,2023-01-20 10:00,30.02,,Netherlands,0.23,paypall,24.93,Electronics,In-store,Not Returned,Royal Mail,Rome,Medium
785099,SKU_1496,Backpack,3,2023-01-20 20:00,9.38,,Norway,0.27,Credit Card,8.6,Furniture,In-store,Not Returned,UPS,Paris,Medium
667275,SKU_1071,Wireless Mouse,-30,2023-01-21 07:00,56.83,,Portugal,0.28,paypall,,Furniture,Online,Returned,FedEx,,Low
432783,SKU_1170,Blue Pen,26,2023-01-21 10:00,5.77,,Sweden,0.31,paypall,29.76,Furniture,In-store,Not Returned,Royal Mail,Berlin,High
860263,SKU_1521,Backpack,-12,2023-01-22 00:00,-17.47,,Sweden,1.095706209908061,Credit Card,,Stationery,In-store,Not Returned,DHL,,Medium
537239,SKU_1436,White Mug,22,2023-01-22 10:00,5.95,,Netherlands,0.2,Credit Card,27.43,Apparel,In-store,Not Returned,FedEx,,Medium
322172,SKU_1661,Notebook,-9,2023-01-22 13:00,83.73,,Netherlands,0.1,Bank Transfer,,Apparel,In-store,Not Returned,Royal Mail,,Medium
551930,SKU_1802,Wireless Mouse,-44,2023-01-22 18:00,-10.09,,Belgium,0.37,Bank Transfer,,Furniture,Online,Returned,FedEx,,Medium
445445,SKU_1240,Office Chair,10,2023-01-23 13:00,54.34,,Australia,0.3,paypall,26.42,Accessories,In-store,Returned,Royal Mail,Amsterdam,Medium
648155,SKU_1621,Headphones,-35,2023-01-23 16:00,-93.98,,Norway,1.817110904822488,Credit Card,,Furniture,Online,Not Returned,UPS,,Medium
799445,SKU_1871,Wall Clock,-19,2023-01-23 19:00,-15.69,,United States,1.319038677419019,paypall,,Apparel,Online,Not Returned,FedEx,,High
427716,SKU_1667,Blue Pen,23,2023-01-23 20:00,35.5,,Belgium,0.26,Credit Card,6.93,Stationery,In-store,Returned,DHL,Paris,High
656459,SKU_1594,Wall Clock,-45,2023-01-24 04:00,-39.93,,Portugal,1.3766116738497505,paypall,,Accessories,Online,Not Returned,UPS,,High
968800,SKU_1389,Notebook,-19,2023-01-25 02:00,-60.09,,France,1.223788830829636,Credit Card,,Furniture,Online,Not Returned,Royal Mail,,Medium
825750,SKU_1860,White Mug,-33,2023-01-25 12:00,-78.07,,France,1.395470297099783,Bank Transfer,,Apparel,In-store,Not Returned,DHL,,Medium
891376,SKU_1039,Office Chair,24,2023-01-27 17:00,41.46,,Sweden,0.47,Credit Card,23.31,Furniture,In-store,Returned,DHL,Berlin,High
916929,SKU_1224,Backpack,13,2023-01-27 19:00,3.8,,Italy,0.38,Credit Card,15.89,Stationery,In-store,Not Returned,UPS,London,Low
529498,SKU_1509,Blue Pen,49,2023-01-28 09:00,67.71,,Portugal,0.33,paypall,8.59,Stationery,In-store,Returned,DHL,,Medium
703360,SKU_1789,Headphones,-46,2023-01-28 13:00,-1.82,,Germany,0.35,Bank Transfer,,Stationery,Online,Not Returned,Royal Mail,,Medium
602574,SKU_1757,Wall Clock,-20,2023-01-29 05:00,87.87,,Italy,0.01,Bank Transfer,,Stationery,In-store,Not Returned,DHL,,Medium
871745,SKU_1434,Office Chair,17,2023-01-29 18:00,71.92,,United States,0.27,Credit Card,9.76,Accessories,In-store,Not Returned,DHL,London,Low
873418,SKU_1707,Headphones,-36,2023-01-29 19:00,-21.4,,Sweden,1.7957056793452093,Bank Transfer,,Stationery,In-store,Not Returned,DHL,,Medium
841784,SKU_1618,Notebook,8,2023-01-30 00:00,87.94,,United States,0.02,paypall,7.76,Stationery,In-store,Not Returned,FedEx,London,Medium
679437,SKU_1567,Wireless Mouse,-1,2023-01-30 03:00,-68.13,,Italy,1.991853037618216,Bank Transfer,,Furniture,Online,Not Returned,DHL,,Low
538868,SKU_1474,Blue Pen,-18,2023-01-31 23:00,74.19,,Australia,0.19,Bank Transfer,,Furniture,Online,Returned,UPS,,High
488370,SKU_1636,Notebook,48,2023-02-01 13:00,21.96,,Portugal,0.06,Bank Transfer,14.24,Stationery,In-store,Not Returned,UPS,London,Medium
968515,SKU_1337,White Mug,-46,2023-02-01 19:00,16.28,,Spain,0.19,Credit Card,,Apparel,Online,Not Returned,Royal Mail,,High
812203,SKU_1081,Wall Clock,-36,2023-02-02 13:00,74.22,,Netherlands,0.34,Credit Card,,Accessories,In-store,Not Returned,FedEx,,High
710912,SKU_1471,Backpack,-4,2023-02-02 23:00,15.28,,Belgium,0.44,paypall,,Furniture,In-store,Not Returned,DHL,,Medium
909423,SKU_1809,Desk Lamp,-41,2023-02-03 14:00,-50.59,,Australia,1.09422338137173,paypall,,Apparel,Online,Not Returned,UPS,,High
205711,SKU_1188,T-shirt,40,2023-02-03 15:00,21.07,,United Kingdom,0.0,paypall,23.2,Furniture,Online,Not Returned,Royal Mail,,High
115330,SKU_1304,White Mug,-20,2023-02-04 03:00,-51.46,,United Kingdom,0.34,Bank Transfer,,Accessories,In-store,Returned,Royal Mail,,Medium
589139,SKU_1579,Desk Lamp,25,2023-02-04 10:00,57.17,,Netherlands,0.2,paypall,14.24,Apparel,In-store,Not Returned,FedEx,,Medium
300122,SKU_1094,White Mug,-19,2023-02-04 16:00,25.68,,Belgium,0.16,Bank Transfer,,Apparel,In-store,Not Returned,UPS,,High
244574,SKU_1757,Notebook,32,2023-02-05 10:00,22.9,,Netherlands,0.07,paypall,16.31,Furniture,In-store,Not Returned,FedEx,London,Low
703672,SKU_1640,Notebook,-49,2023-02-05 12:00,-31.53,,United Kingdom,1.5857288558343758,Credit Card,,Apparel,Online,Not Returned,UPS,,High
671692,SKU_1905,Blue Pen,-17,2023-02-05 18:00,-63.42,,Australia,1.3370377054904674,Bank Transfer,,Stationery,Online,Not Returned,FedEx,,High
567595,SKU_1356,Wall Clock,-40,2023-02-05 22:00,52.13,,Portugal,0.42,paypall,,Apparel,In-store,Not Returned,UPS,,Medium
333084,SKU_1255,T-shirt,29,2023-02-07 22:00,90.02,,Norway,0.35,paypall,12.48,Electronics,Online,Not Returned,Royal Mail,Amsterdam,High
634402,SKU_1820,USB Cable,32,2023-02-08 02:00,20.98,,Australia,0.26,paypall,5.77,Electronics,In-store,Not Returned,Royal Mail,,Medium
450857,SKU_1021,Blue Pen,-27,2023-02-08 05:00,62.82,,Sweden,0.12,Credit Card,,Accessories,In-store,Not Returned,Royal Mail,,High
662656,SKU_1706,Notebook,-50,2023-02-08 10:00,-57.14,,Netherlands,1.9282923967082315,paypall,,Electronics,Online,Not Returned,DHL,,Low
576535,SKU_1887,Wireless Mouse,-28,2023-02-08 13:00,-43.36,,Netherlands,1.5270067049281424,paypall,,Apparel,In-store,Not Returned,DHL,,Medium
812515,SKU_1658,USB Cable,-31,2023-02-08 15:00,97.11,,Belgium,0.27,Credit Card,,Accessories,Online,Not Returned,FedEx,,Medium
401355,SKU_1973,Office Chair,-36,2023-02-08 21:00,-19.12,,Netherlands,1.668871996886086,Bank Transfer,,Stationery,In-store,Not Returned,DHL,,Medium
859401,SKU_1139,Backpack,7,2023-02-09 14:00,38.38,,France,0.5,Credit Card,6.52,Apparel,Online,Not Returned,UPS,Amsterdam,Low
174975,SKU_1782,Notebook,37,2023-02-09 15:00,21.32,,Norway,0.23,Credit Card,22.17,Electronics,In-store,Not Returned,FedEx,Paris,Medium
324978,SKU_1487,White Mug,-10,2023-02-11 08:00,-5.15,,France,1.142947533959936,Credit Card,,Electronics,In-store,Not Returned,Royal Mail,,High
380967,SKU_1878,Backpack,46,2023-02-12 06:00,38.94,,Sweden,0.0,paypall,17.12,Accessories,Online,Returned,FedEx,Paris,Low
631292,SKU_1120,USB Cable,-14,2023-02-12 12:00,-41.85,,United Kingdom,0.16,Bank Transfer,,Electronics,In-store,Not Returned,FedEx,,Medium
738451,SKU_1604,Notebook,48,2023-02-13 01:00,31.2,,Portugal,0.45,paypall,22.09,Stationery,In-store,Not Returned,UPS,Berlin,Low
730025,SKU_1567,Blue Pen,5,2023-02-14 01:00,4.53,,Germany,0.12,paypall,27.98,Apparel,Online,Not Returned,Royal Mail,London,High
592834,SKU_1787,Wall Clock,-27,2023-02-14 02:00,-56.95,,Portugal,1.3801815835740898,Credit Card,,Furniture,Online,Not Returned,Royal Mail,,High
915329,SKU_1385,Headphones,23,2023-02-14 20:00,73.76,,Belgium,0.25,Credit Card,6.08,Furniture,In-store,Not Returned,Royal Mail,Rome,Medium
590783,SKU_1894,Blue Pen,18,2023-02-15 05:00,39.46,,Norway,0.47,Credit Card,26.69,Electronics,Online,Not Returned,FedEx,Rome,Medium
868693,SKU_1853,Backpack,-39,2023-02-15 11:00,29.42,,Germany,0.12,paypall,,Electronics,In-store,Not Returned,DHL,,High
926164,SKU_1560,Backpack,-27,2023-02-15 19:00,10.4,,United States,0.14,paypall,,Electronics,Online,Not Returned,Royal Mail,,High
438668,SKU_1716,Notebook,33,2023-02-16 08:00,13.64,,United Kingdom,0.19,Bank Transfer,22.29,Accessories,In-store,Not Returned,UPS,,Low
821561,SKU_1773,Blue Pen,-20,2023-02-17 04:00,-66.34,,Italy,1.4986689539749745,paypall,,Furniture,In-store,Not Returned,UPS,,High
587019,SKU_1437,Headphones,18,2023-02-17 08:00,19.46,,France,0.02,Credit Card,8.85,Stationery,Online,Returned,UPS,,High
156435,SKU_1656,Blue Pen,24,2023-02-17 15:00,15.01,,Spain,0.04,Credit Card,23.25,Accessories,In-store,Not Returned,UPS,Paris,Medium
620848,SKU_1885,Desk Lamp,26,2023-02-17 19:00,92.11,,Sweden,0.12,Bank Transfer,17.95,Accessories,In-store,Not Returned,Royal Mail,Amsterdam,Medium
206911,SKU_1427,Office Chair,-6,2023-02-18 05:00,43.42,,Spain,0.44,paypall,,Apparel,Online,Not Returned,Royal Mail,,Low
596533,SKU_1454,Notebook,32,2023-02-18 10:00,42.94,,United Kingdom,0.2,paypall,10.16,Furniture,In-store,Not Returned,UPS,Amsterdam,High
923426,SKU_1798,Wireless Mouse,6,2023-02-19 03:00,6.23,,Italy,0.11,paypall,15.04,Electronics,In-store,Not Returned,FedEx,,High
525859,SKU_1846,USB Cable,37,2023-02-19 08:00,97.52,,Italy,0.12,paypall,14.43,Accessories,Online,Not Returned,FedEx,,Medium
499256,SKU_1663,T-shirt,38,2023-02-20 10:00,43.69,,Germany,0.39,paypall,25.44,Accessories,In-store,Not Returned,Royal Mail,,Low
602895,SKU_1200,Headphones,-30,2023-02-21 09:00,-38.05,,Netherlands,1.199225434358085,Bank Transfer,,Stationery,In-store,Not Returned,Royal Mail,,Medium
335281,SKU_1161,Blue Pen,19,2023-02-22 01:00,1.57,,United Kingdom,0.07,paypall,23.34,Furniture,In-store,Not Returned,DHL,,Medium
709510,SKU_1635,Wall Clock,14,2023-02-22 04:00,15.37,,Netherlands,0.16,paypall,11.1,Accessories,In-store,Not Returned,DHL,,High
509274,SKU_1403,White Mug,-18,2023-02-22 16:00,53.32,,Belgium,0.02,Credit Card,,Furniture,Online,Not Returned,UPS,,Medium
964465,SKU_1379,Notebook,-47,2023-02-23 01:00,92.72,,Italy,0.15,paypall,,Accessories,In-store,Not Returned,FedEx,,Medium
970912,SKU_1436,Blue Pen,20,2023-02-23 02:00,98.88,,United States,0.23,Bank Transfer,20.07,Furniture,In-store,Not Returned,UPS,London,High
720056,SKU_1051,Wireless Mouse,6,2023-02-23 09:00,2.2,,United States,0.05,Bank Transfer,25.8,Accessories,In-store,Not Returned,DHL,London,Medium
573119,SKU_1198,Backpack,17,2023-02-23 16:00,72.59,,Netherlands,0.09,Bank Transfer,16.51,Accessories,Online,Not Returned,FedEx,,High
549769,SKU_1471,T-shirt,-16,2023-02-23 19:00,-35.87,,Italy,1.978319432109715,paypall,,Apparel,Online,Not Returned,DHL,,Low
393633,SKU_1952,Office Chair,-9,2023-02-24 15:00,-75.98,,United Kingdom,1.9102598244730216,paypall,,Electronics,In-store,Not Returned,DHL,,Low
123178,SKU_1757,Wall Clock,39,2023-02-24 16:00,43.5,,Sweden,0.14,Credit Card,18.78,Stationery,In-store,Not Returned,UPS,Rome,High
420100,SKU_1027,Headphones,34,2023-02-24 18:00,18.27,,Norway,0.11,Credit Card,23.93,Apparel,In-store,Not Returned,Royal Mail,London,High
218292,SKU_1979,T-shirt,37,2023-02-25 01:00,76.32,,Australia,0.08,Credit Card,5.27,Accessories,Online,Not Returned,DHL,London,Low
248369,SKU_1833,Wireless Mouse,5,2023-02-25 13:00,27.09,,Spain,0.5,Bank Transfer,7.84,Stationery,In-store,Not Returned,UPS,Paris,High
875035,SKU_1495,Headphones,2,2023-02-25 18:00,53.73,,Netherlands,0.26,Credit Card,16.28,Accessories,In-store,Not Returned,Royal Mail,Amsterdam,Low
549694,SKU_1490,Wall Clock,22,2023-02-25 21:00,37.36,,Germany,0.08,Credit Card,5.5,Apparel,Online,Not Returned,DHL,Paris,High
915799,SKU_1352,Headphones,33,2023-02-25 23:00,36.03,,Belgium,0.33,paypall,23.05,Accessories,Online,Not Returned,Royal Mail,,Medium
281122,SKU_1695,Backpack,-45,2023-02-26 12:00,97.24,,Norway,0.22,Bank Transfer,,Electronics,In-store,Not Returned,UPS,,Low
863303,SKU_1421,Backpack,-16,2023-02-26 19:00,44.84,,United Kingdom,0.15,Bank Transfer,,Apparel,Online,Not Returned,UPS,,High
459271,SKU_1617,Office Chair,5,2023-02-27 01:00,27.85,,Netherlands,0.07,Credit Card,29.81,Accessories,In-store,Returned,Royal Mail,,Low
769037,SKU_1158,Headphones,-37,2023-02-27 02:00,14.8,,Belgium,0.07,Credit Card,,Apparel,Online,Not Returned,Royal Mail,,High
895881,SKU_1193,Office Chair,-8,2023-02-27 10:00,-27.56,,Germany,0.4,Credit Card,,Stationery,Online,Not Returned,DHL,,Low
410483,SKU_1644,Notebook,29,2023-02-27 16:00,82.37,,Sweden,0.38,Credit Card,13.55,Apparel,Online,Not Returned,DHL,,Medium
464211,SKU_1255,Backpack,21,2023-02-28 10:00,58.52,,United Kingdom,0.41,Credit Card,17.76,Furniture,Online,Returned,UPS,Paris,High
623966,SKU_1118,Blue Pen,-9,2023-02-28 12:00,31.23,,Italy,0.22,Bank Transfer,,Furniture,In-store,Not Returned,DHL,,Low
322832,SKU_1107,Wireless Mouse,5,2023-03-01 02:00,91.47,,United Kingdom,0.28,paypall,6.61,Furniture,In-store,Not Returned,Royal Mail,Rome,High
692237,SKU_1603,Notebook,18,2023-03-01 07:00,24.51,,France,0.11,Credit Card,8.28,Accessories,In-store,Not Returned,DHL,,Medium
844287,SKU_1006,Headphones,-45,2023-03-03 10:00,-7.14,,Australia,1.2153362344885834,Bank Transfer,,Electronics,Online,Not Returned,UPS,,Medium
400796,SKU_1009,White Mug,-17,2023-03-03 23:00,81.88,,Spain,0.13,paypall,,Stationery,In-store,Not Returned,FedEx,,Low
850550,SKU_1617,T-shirt,-21,2023-03-04 10:00,-2.12,,Norway,1.314145432551217,Bank Transfer,,Furniture,In-store,Returned,UPS,,Medium
953707,SKU_1513,Office Chair,-27,2023-03-04 19:00,-93.82,,Australia,0.49,Bank Transfer,,Electronics,Online,Not Returned,UPS,,Low
624168,SKU_1206,Office Chair,15,2023-03-05 10:00,12.63,,Germany,0.4,Bank Transfer,20.58,Stationery,Online,Not Returned,UPS,Paris,Medium
574381,SKU_1298,Office Chair,-40,2023-03-05 11:00,-1.41,,France,1.7386140764153564,paypall,,Accessories,Online,Not Returned,UPS,,Medium
112402,SKU_1775,Wall Clock,-42,2023-03-05 17:00,-64.82,,Germany,1.410815552432013,paypall,,Stationery,In-store,Not Returned,Royal Mail,,High
345739,SKU_1034,T-shirt,-20,2023-03-05 21:00,46.98,,Australia,0.32,Credit Card,,Accessories,Online,Not Returned,DHL,,High
131050,SKU_1486,Office Chair,-14,2023-03-05 22:00,69.49,,Spain,0.04,Credit Card,,Stationery,Online,Not Returned,DHL,,Medium
378904,SKU_1876,Office Chair,-9,2023-03-06 09:00,83.58,,France,0.08,Credit Card,,Accessories,Online,Not Returned,UPS,,Medium
502473,SKU_1392,Notebook,-23,2023-03-06 13:00,-39.03,,Netherlands,1.9766035177255812,Credit Card,,Electronics,In-store,Not Returned,Royal Mail,,High
146573,SKU_1855,Notebook,41,2023-03-06 17:00,32.21,,Netherlands,0.41,paypall,22.67,Stationery,In-store,Not Returned,UPS,Paris,High
848072,SKU_1952,Notebook,-22,2023-03-06 18:00,30.5,,Italy,0.25,Credit Card,,Stationery,In-store,Not Returned,UPS,,Medium
571091,SKU_1688,Blue Pen,44,2023-03-07 08:00,4.62,,Portugal,0.27,paypall,27.48,Electronics,Online,Not Returned,FedEx,,High
970399,SKU_1621,Office Chair,-47,2023-03-07 20:00,66.82,,Sweden,0.16,Bank Transfer,,Apparel,In-store,Not Returned,UPS,,Low
930925,SKU_1336,USB Cable,-22,2023-03-08 00:00,6.18,,Belgium,0.18,Bank Transfer,,Accessories,Online,Not Returned,FedEx,,Medium
559777,SKU_1260,Backpack,49,2023-03-08 08:00,22.67,,Australia,0.19,Credit Card,14.41,Accessories,Online,Not Returned,FedEx,Paris,Medium
300229,SKU_1922,Notebook,4,2023-03-08 13:00,60.86,,Sweden,0.32,paypall,9.07,Stationery,In-store,Not Returned,UPS,,High
195343,SKU_1121,Notebook,34,2023-03-10 15:00,86.61,,Germany,0.38,Bank Transfer,28.36,Accessories,In-store,Not Returned,UPS,Berlin,Medium
757844,SKU_1780,Backpack,-15,2023-03-10 21:00,67.37,,Spain,0.41,paypall,,Apparel,Online,Not Returned,DHL,,Medium
452780,SKU_1167,Wireless Mouse,23,2023-03-11 08:00,38.83,,France,0.03,Credit Card,17.67,Electronics,In-store,Not Returned,Royal Mail,Amsterdam,High
327557,SKU_1831,White Mug,-17,2023-03-11 10:00,-85.55,,United Kingdom,0.39,paypall,,Apparel,In-store,Not Returned,UPS,,Low
222850,SKU_1219,USB Cable,-17,2023-03-11 23:00,76.91,,Norway,0.18,Credit Card,,Stationery,Online,Not Returned,UPS,,Medium
659011,SKU_1086,Office Chair,25,2023-03-12 10:00,36.18,,Germany,0.18,paypall,24.93,Stationery,Online,Not Returned,Royal Mail,Paris,Low
136392,SKU_1944,Headphones,25,2023-03-13 15:00,35.82,,Norway,0.4,paypall,25.33,Furniture,Online,Not Returned,UPS,,Medium
823670,SKU_1163,Headphones,33,2023-03-13 23:00,12.53,,Germany,0.03,Bank Transfer,7.5,Stationery,Online,Not Returned,UPS,,Medium
977112,SKU_1351,Headphones,-50,2023-03-14 02:00,89.22,,United States,0.17,Credit Card,,Electronics,Online,Not Returned,Royal Mail,,Low
326713,SKU_1998,Office Chair,-21,2023-03-14 21:00,-85.45,,Sweden,1.2029050490829007,Credit Card,,Accessories,In-store,Not Returned,Royal Mail,,Low
345869,SKU_1517,T-shirt,14,2023-03-15 10:00,15.48,,Sweden,0.45,Credit Card,26.29,Accessories,Online,Not Returned,Royal Mail,Amsterdam,High
980392,SKU_1224,Headphones,-21,2023-03-15 12:00,15.16,,Portugal,0.34,paypall,,Electronics,In-store,Not Returned,UPS,,High
738435,SKU_1790,Desk Lamp,-36,2023-03-15 17:00,18.85,,Germany,0.36,Bank Transfer,,Stationery,In-store,Not Returned,FedEx,,Medium
438837,SKU_1804,White Mug,-21,2023-03-15 21:00,43.55,,France,0.35,paypall,,Accessories,Online,Not Returned,FedEx,,Low
422191,SKU_1198,Office Chair,41,2023-03-16 01:00,93.33,,Germany,0.43,Bank Transfer,6.77,Stationery,Online,Not Returned,Royal Mail,Rome,High
963735,SKU_1571,Headphones,-44,2023-03-16 05:00,19.84,,Portugal,0.49,paypall,,Electronics,Online,Not Returned,FedEx,,Low
606583,SKU_1503,Office Chair,33,2023-03-16 12:00,10.26,,Germany,0.19,Bank Transfer,26.81,Apparel,In-store,Not Returned,Royal Mail,London,Medium
433638,SKU_1296,White Mug,-4,2023-03-16 18:00,86.83,,United Kingdom,0.29,paypall,,Furniture,Online,Not Returned,Royal Mail,,High
203376,SKU_1289,White Mug,45,2023-03-17 07:00,59.98,,Norway,0.03,Bank Transfer,25.54,Stationery,Online,Not Returned,FedEx,Rome,Low
685171,SKU_1752,T-shirt,-33,2023-03-17 12:00,-74.95,,Germany,1.1254653051484145,paypall,,Accessories,Online,Returned,Royal Mail,,Medium
374857,SKU_1256,T-shirt,-31,2023-03-17 13:00,-76.81,,France,1.560572906474607,Bank Transfer,,Stationery,Online,Not Returned,Royal Mail,,High
516101,SKU_1594,Notebook,9,2023-03-17 18:00,4.72,,France,0.23,paypall,24.05,Stationery,Online,Not Returned,FedEx,Paris,Low
506557,SKU_1638,Wall Clock,-24,2023-03-17 21:00,-63.36,,Australia,1.6424284334426351,Bank Transfer,,Stationery,In-store,Not Returned,DHL,,Low
663723,SKU_1610,Wall Clock,-6,2023-03-17 22:00,-49.6,,Spain,1.1476132101091314,Bank Transfer,,Furniture,In-store,Not Returned,UPS,,Medium
420051,SKU_1157,T-shirt,14,2023-03-18 09:00,88.15,,Netherlands,0.36,Credit Card,5.54,Stationery,Online,Not Returned,FedEx,,High
734521,SKU_1281,Blue Pen,29,2023-03-18 18:00,94.17,,Belgium,0.46,paypall,12.41,Furniture,In-store,Not Returned,Royal Mail,,High
971044,SKU_1955,Wall Clock,25,2023-03-19 01:00,47.91,,France,0.4,paypall,10.38,Apparel,In-store,Not Returned,DHL,Rome,Low
664109,SKU_1164,Notebook,25,2023-03-19 07:00,71.8,,Australia,0.42,Credit Card,29.45,Stationery,In-store,Not Returned,Royal Mail,,Low
107691,SKU_1235,Blue Pen,11,2023-03-19 14:00,34.18,,Portugal,0.03,Bank Transfer,8.46,Stationery,Online,Not Returned,DHL,,Medium
697684,SKU_1143,USB Cable,-50,2023-03-20 01:00,-90.02,,Germany,1.581375656175219,paypall,,Stationery,In-store,Returned,UPS,,Low
504067,SKU_1578,T-shirt,-36,2023-03-20 10:00,-95.01,,Spain,0.3,paypall,,Stationery,In-store,Not Returned,Royal Mail,,High
273753,SKU_1874,Wall Clock,-6,2023-03-20 12:00,8.52,,Norway,0.25,Bank Transfer,,Accessories,Online,Not Returned,DHL,,Medium
415347,SKU_1050,USB Cable,1,2023-03-20 16:00,54.76,,Germany,0.27,Credit Card,23.14,Apparel,In-store,Not Returned,FedEx,Paris,High
605365,SKU_1108,Office Chair,-38,2023-03-20 17:00,12.77,,Sweden,0.08,Bank Transfer,,Furniture,In-store,Not Returned,DHL,,High
954259,SKU_1397,Blue Pen,-19,2023-03-20 18:00,26.47,,Sweden,0.18,Credit Card,,Stationery,In-store,Not Returned,UPS,,High
767751,SKU_1334,Office Chair,-3,2023-03-20 19:00,-31.09,,Italy,0.04,paypall,,Accessories,In-store,Not Returned,DHL,,Low
865230,SKU_1678,Headphones,6,2023-03-20 21:00,33.92,,United States,0.04,Bank Transfer,14.16,Accessories,Online,Not Returned,DHL,,High
304581,SKU_1568,Headphones,24,2023-03-21 17:00,73.43,,Italy,0.5,Credit Card,10.07,Stationery,In-store,Not Returned,UPS,London,Low
217278,SKU_1118,Backpack,-10,2023-03-21 22:00,86.32,,United Kingdom,0.3,Bank Transfer,,Electronics,Online,Not Returned,Royal Mail,,Medium
514643,SKU_1591,Blue Pen,-31,2023-03-22 00:00,-65.03,,Belgium,1.2285337983429243,Credit Card,,Apparel,Online,Not Returned,Royal Mail,,Low
944032,SKU_1716,T-shirt,24,2023-03-22 11:00,51.18,,United Kingdom,0.15,Bank Transfer,7.28,Apparel,Online,Not Returned,DHL,Rome,Medium
610798,SKU_1345,Headphones,39,2023-03-22 16:00,35.49,,France,0.27,Bank Transfer,25.92,Accessories,In-store,Not Returned,FedEx,Paris,Low
973523,SKU_1648,Backpack,-5,2023-03-23 19:00,-58.76,,Italy,1.1600438789072105,Bank Transfer,,Apparel,In-store,Not Returned,DHL,,High
850219,SKU_1257,T-shirt,8,2023-03-23 20:00,84.06,76563.0,United States,0.29,Credit Card,15.55,Apparel,In-store,Not Returned,DHL,Rome,High
484910,SKU_1380,USB Cable,38,2023-03-24 07:00,1.98,,Spain,0.48,Credit Card,15.13,Apparel,Online,Not Returned,UPS,,Medium
783306,SKU_1222,USB Cable,18,2023-03-24 08:00,39.59,,Netherlands,0.47,Credit Card,10.81,Stationery,Online,Not Returned,UPS,,High
236343,SKU_1146,T-shirt,15,2023-03-24 11:00,27.46,,Portugal,0.23,Credit Card,20.14,Accessories,In-store,Not Returned,Royal Mail,,Medium
988349,SKU_1588,Wireless Mouse,36,2023-03-24 14:00,30.29,,Spain,0.43,paypall,23.11,Electronics,In-store,Not Returned,UPS,London,High
497053,SKU_1834,Headphones,-10,2023-03-24 22:00,56.99,,Australia,0.35,paypall,,Stationery,Online,Not Returned,DHL,,High
350967,SKU_1443,White Mug,-26,2023-03-25 17:00,4.49,,Norway,0.36,Bank Transfer,,Apparel,In-store,Not Returned,UPS,,High
801299,SKU_1085,Desk Lamp,-48,2023-03-26 17:00,7.32,,Spain,0.33,Bank Transfer,,Accessories,Online,Returned,Royal Mail,,Medium
792502,SKU_1226,Headphones,1,2023-03-26 19:00,67.63,,Spain,0.46,Bank Transfer,19.29,Electronics,Online,Not Returned,DHL,,Low
837886,SKU_1425,Blue Pen,16,2023-03-27 02:00,12.75,,United Kingdom,0.1,paypall,26.82,Stationery,Online,Not Returned,UPS,London,Medium
203427,SKU_1144,USB Cable,38,2023-03-27 20:00,78.99,,Sweden,0.07,Bank Transfer,24.96,Electronics,Online,Not Returned,DHL,,Low
679883,SKU_1839,Wireless Mouse,6,2023-03-28 06:00,75.52,,United States,0.38,Credit Card,16.98,Accessories,Online,Not Returned,Royal Mail,,Low
134018,SKU_1066,Headphones,7,2023-03-28 13:00,47.56,,Spain,0.19,Bank Transfer,15.02,Furniture,In-store,Not Returned,Royal Mail,Paris,Medium
497774,SKU_1474,T-shirt,1,2023-03-28 16:00,56.36,,Sweden,0.49,Bank Transfer,8.07,Electronics,In-store,Not Returned,UPS,Berlin,Low
119567,SKU_1732,Notebook,-33,2023-03-29 15:00,-28.69,,United States,0.44,Credit Card,,Furniture,In-store,Not Returned,DHL,,Medium
412646,SKU_1510,USB Cable,-24,2023-03-30 07:00,-25.7,,Germany,0.43,paypall,,Electronics,In-store,Not Returned,Royal Mail,,High
116915,SKU_1385,Blue Pen,-16,2023-03-30 21:00,73.3,,Norway,0.04,paypall,,Accessories,Online,Not Returned,Royal Mail,,Medium
865272,SKU_1334,Wall Clock,-3,2023-03-31 02:00,64.17,,Germany,0.48,Credit Card,,Accessories,In-store,Not Returned,DHL,,Low
365928,SKU_1384,Wireless Mouse,24,2023-03-31 19:00,57.33,,Australia,0.41,Bank Transfer,27.35,Stationery,Online,Not Returned,Royal Mail,,High
369024,SKU_1953,Wall Clock,24,2023-04-01 15:00,66.08,,Portugal,0.32,Credit Card,15.68,Accessories,Online,Not Returned,Royal Mail,,Medium
102598,SKU_1811,Headphones,-41,2023-04-02 10:00,33.4,,Spain,0.07,Credit Card,,Stationery,Online,Not Returned,FedEx,,Low
232321,SKU_1496,Wall Clock,-48,2023-04-02 15:00,-52.41,,Italy,0.44,Bank Transfer,,Stationery,Online,Not Returned,FedEx,,Low
289814,SKU_1110,Desk Lamp,-10,2023-04-03 20:00,-56.5,,United Kingdom,1.141643968250769,Bank Transfer,,Furniture,In-store,Not Returned,DHL,,Medium
439269,SKU_1361,White Mug,10,2023-04-03 22:00,60.37,,Italy,0.27,paypall,5.78,Stationery,Online,Not Returned,Royal Mail,Rome,High
343244,SKU_1150,USB Cable,15,2023-04-04 23:00,48.88,,Germany,0.19,Credit Card,6.28,Electronics,In-store,Not Returned,Royal Mail,,Medium
560372,SKU_1138,USB Cable,10,2023-04-05 08:00,35.15,,France,0.19,Credit Card,29.91,Furniture,Online,Not Returned,DHL,London,Medium
406732,SKU_1387,USB Cable,42,2023-04-05 09:00,41.91,,Germany,0.19,Bank Transfer,5.64,Stationery,Online,Not Returned,FedEx,Rome,Low
267233,SKU_1055,Backpack,-30,2023-04-06 02:00,67.05,,Germany,0.43,paypall,,Apparel,Online,Not Returned,FedEx,,High
322261,SKU_1427,White Mug,46,2023-04-06 11:00,99.65,,Norway,0.14,paypall,17.68,Accessories,Online,Not Returned,DHL,Rome,Low
271317,SKU_1637,Office Chair,33,2023-04-06 16:00,27.47,,Sweden,0.21,Credit Card,29.8,Apparel,Online,Not Returned,Royal Mail,Berlin,High
508107,SKU_1176,USB Cable,-6,2023-04-07 05:00,-19.96,,Sweden,1.7533025293912448,Credit Card,,Apparel,In-store,Not Returned,Royal Mail,,Low
558383,SKU_1121,T-shirt,21,2023-04-07 08:00,16.77,,Italy,0.19,Bank Transfer,9.29,Apparel,Online,Not Returned,Royal Mail,Berlin,High
183521,SKU_1747,Blue Pen,3,2023-04-07 19:00,47.25,,Belgium,0.3,paypall,27.5,Accessories,In-store,Not Returned,DHL,Berlin,Medium
515367,SKU_1281,Wireless Mouse,-25,2023-04-07 20:00,-64.27,,United Kingdom,1.693828259541811,Bank Transfer,,Accessories,Online,Not Returned,Royal Mail,,High
273697,SKU_1858,Blue Pen,35,2023-04-08 18:00,20.31,,United Kingdom,0.33,Bank Transfer,23.63,Furniture,In-store,Not Returned,DHL,Rome,High
603166,SKU_1782,T-shirt,-17,2023-04-09 23:00,-39.61,,Germany,1.275080940980481,paypall,,Apparel,In-store,Not Returned,Royal Mail,,Medium
223311,SKU_1866,Headphones,30,2023-04-10 12:00,12.28,,United Kingdom,0.15,Bank Transfer,19.75,Apparel,Online,Not Returned,FedEx,Berlin,Medium
541720,SKU_1572,Backpack,-35,2023-04-10 16:00,55.62,,France,0.47,Bank Transfer,,Furniture,In-store,Not Returned,Royal Mail,,Low
646787,SKU_1478,USB Cable,-38,2023-04-11 01:00,-7.84,,Sweden,1.0955627978892306,Bank Transfer,,Apparel,Online,Not Returned,Royal Mail,,Medium
888106,SKU_1212,USB Cable,27,2023-04-11 18:00,52.17,,Spain,0.43,Credit Card,21.32,Electronics,In-store,Not Returned,FedEx,London,Low
875519,SKU_1627,Headphones,-43,2023-04-12 07:00,-31.09,,Belgium,1.3674683730062205,Credit Card,,Stationery,Online,Not Returned,Royal Mail,,Low
913297,SKU_1618,Blue Pen,-39,2023-04-12 11:00,-59.35,,Sweden,1.7201044740311715,Bank Transfer,,Electronics,Online,Not Returned,FedEx,,Low
291933,SKU_1401,Wireless Mouse,-25,2023-04-12 21:00,38.65,,Netherlands,0.41,paypall,,Furniture,Online,Not Returned,DHL,,Low
427777,SKU_1879,T-shirt,9,2023-04-13 00:00,62.95,,United States,0.15,Credit Card,23.13,Electronics,In-store,Not Returned,DHL,Paris,Low
155041,SKU_1000,White Mug,21,2023-04-13 21:00,4.34,,United States,0.18,paypall,16.25,Apparel,Online,Not Returned,FedEx,Paris,Medium
425516,SKU_1447,White Mug,2,2023-04-14 00:00,98.88,,France,0.01,Bank Transfer,6.59,Electronics,In-store,Not Returned,UPS,,Low
166572,SKU_1155,USB Cable,-25,2023-04-14 09:00,10.79,,Portugal,0.42,paypall,,Accessories,Online,Not Returned,Royal Mail,,Low
581268,SKU_1271,Blue Pen,21,2023-04-14 10:00,43.55,,Germany,0.01,Credit Card,27.21,Furniture,Online,Not Returned,Royal Mail,Rome,Low
892554,SKU_1749,USB Cable,16,2023-04-14 14:00,27.61,,Norway,0.42,Credit Card,20.22,Accessories,Online,Not Returned,Royal Mail,Amsterdam,Medium
862017,SKU_1706,Headphones,-44,2023-04-15 00:00,-34.64,,Norway,1.3951767449341317,paypall,,Furniture,In-store,Not Returned,UPS,,Low
204720,SKU_1506,Wireless Mouse,15,2023-04-15 09:00,55.74,,Netherlands,0.42,Credit Card,19.68,Electronics,In-store,Not Returned,FedEx,Paris,Medium
322658,SKU_1285,Notebook,5,2023-04-16 02:00,33.06,,Belgium,0.23,Credit Card,16.88,Accessories,Online,Not Returned,FedEx,,Medium
274504,SKU_1851,Headphones,27,2023-04-16 03:00,41.79,,Netherlands,0.28,paypall,13.66,Stationery,Online,Not Returned,UPS,,High
312361,SKU_1605,Wireless Mouse,-31,2023-04-16 04:00,-66.94,,Belgium,1.1683172148741572,Bank Transfer,,Furniture,In-store,Returned,Royal Mail,,High
738779,SKU_1757,Wireless Mouse,22,2023-04-17 09:00,25.32,,United Kingdom,0.15,Bank Transfer,25.65,Apparel,Online,Not Returned,DHL,Paris,Medium
233015,SKU_1805,Backpack,24,2023-04-17 15:00,40.55,,Portugal,0.48,paypall,25.15,Apparel,Online,Not Returned,DHL,London,High
701952,SKU_1736,Wall Clock,-3,2023-04-18 17:00,3.43,,Sweden,0.16,Credit Card,,Electronics,In-store,Returned,FedEx,,High
324903,SKU_1908,Wall Clock,11,2023-04-18 19:00,40.67,,Netherlands,0.26,Bank Transfer,15.24,Apparel,In-store,Not Returned,Royal Mail,,Medium
641090,SKU_1221,Wall Clock,29,2023-04-19 13:00,11.06,,Netherlands,0.47,Credit Card,5.61,Accessories,Online,Not Returned,FedEx,London,Medium
378477,SKU_1487,Notebook,27,2023-04-19 14:00,98.77,,Sweden,0.18,Credit Card,8.77,Furniture,Online,Not Returned,Royal Mail,,Medium
208878,SKU_1053,White Mug,26,2023-04-21 14:00,34.93,,Australia,0.14,paypall,24.52,Furniture,Online,Not Returned,DHL,,High
663725,SKU_1092,Wall Clock,42,2023-04-21 15:00,53.29,,Sweden,0.36,Credit Card,24.91,Electronics,In-store,Not Returned,Royal Mail,,High
788086,SKU_1825,Blue Pen,45,2023-04-21 17:00,82.87,,Australia,0.46,Bank Transfer,8.95,Accessories,In-store,Not Returned,FedEx,,Low
238480,SKU_1191,Desk Lamp,-32,2023-04-22 01:00,44.09,,Belgium,0.12,Bank Transfer,,Stationery,Online,Not Returned,FedEx,,High
906192,SKU_1323,Blue Pen,-14,2023-04-22 04:00,-25.56,,Portugal,1.0575144353089505,Bank Transfer,,Accessories,Online,Not Returned,FedEx,,Low
523270,SKU_1232,Backpack,-44,2023-04-22 08:00,-55.62,,Netherlands,0.04,Credit Card,,Stationery,In-store,Not Returned,DHL,,Low
444421,SKU_1125,White Mug,37,2023-04-22 19:00,46.64,,Australia,0.15,paypall,29.32,Electronics,In-store,Not Returned,Royal Mail,,High
799738,SKU_1402,White Mug,1,2023-04-23 03:00,24.1,,Spain,0.0,Credit Card,13.76,Accessories,In-store,Not Returned,DHL,London,Medium
886260,SKU_1254,USB Cable,-36,2023-04-23 06:00,-63.36,,Sweden,0.13,Credit Card,,Apparel,In-store,Not Returned,Royal Mail,,Medium
540769,SKU_1569,Backpack,14,2023-04-23 16:00,4.12,,Germany,0.32,paypall,23.8,Stationery,In-store,Not Returned,FedEx,,Medium
420558,SKU_1799,White Mug,45,2023-04-24 01:00,63.12,,Germany,0.1,Bank Transfer,8.77,Accessories,Online,Not Returned,UPS,,High
357476,SKU_1040,Wireless Mouse,-9,2023-04-24 13:00,-19.21,,France,1.048401740762109,paypall,,Apparel,In-store,Not Returned,DHL,,High
358329,SKU_1645,Office Chair,28,2023-04-24 19:00,91.44,,United Kingdom,0.05,Bank Transfer,6.32,Furniture,Online,Not Returned,DHL,,Low
456166,SKU_1940,Wall Clock,4,2023-04-24 20:00,65.65,,France,0.18,paypall,24.41,Stationery,Online,Not Returned,UPS,Rome,High
115362,SKU_1594,USB Cable,25,2023-04-27 14:00,9.81,,Belgium,0.37,Credit Card,22.33,Furniture,In-store,Not Returned,FedEx,Amsterdam,High
496770,SKU_1640,White Mug,-50,2023-04-27 19:00,53.25,,Australia,0.34,Credit Card,,Accessories,Online,Not Returned,DHL,,Medium
277367,SKU_1190,Headphones,-18,2023-04-27 22:00,-89.71,,Australia,1.2161242275649584,paypall,,Accessories,Online,Not Returned,DHL,,Medium
929418,SKU_1524,Wall Clock,18,2023-04-28 03:00,63.92,,Norway,0.34,Credit Card,6.54,Electronics,Online,Not Returned,UPS,Amsterdam,Medium
708852,SKU_1725,White Mug,33,2023-04-29 00:00,60.1,,Netherlands,0.37,Bank Transfer,25.01,Accessories,In-store,Not Returned,DHL,Berlin,Medium
570306,SKU_1230,T-shirt,-46,2023-04-29 13:00,61.43,,Belgium,0.16,Credit Card,,Furniture,Online,Not Returned,DHL,,Medium
785443,SKU_1887,Desk Lamp,-28,2023-04-29 20:00,60.63,,Spain,0.44,paypall,,Stationery,Online,Not Returned,Royal Mail,,Low
371102,SKU_1300,Desk Lamp,-28,2023-04-29 21:00,-62.92,,Sweden,1.625637170191816,Bank Transfer,,Accessories,Online,Not Returned,UPS,,Low
589428,SKU_1713,Backpack,7,2023-04-30 14:00,55.46,,Belgium,0.42,paypall,20.92,Apparel,Online,Not Returned,Royal Mail,,Low
837992,SKU_1743,Headphones,-45,2023-04-30 22:00,62.68,,France,0.19,paypall,,Accessories,Online,Not Returned,FedEx,,Medium
287937,SKU_1085,T-shirt,-23,2023-05-01 12:00,90.49,,United Kingdom,0.17,paypall,,Accessories,Online,Not Returned,DHL,,High
893293,SKU_1505,USB Cable,34,2023-05-01 15:00,88.96,,Spain,0.1,Bank Transfer,28.25,Electronics,Online,Not Returned,FedEx,,Medium
700628,SKU_1884,White Mug,39,2023-05-01 16:00,21.75,,Netherlands,0.17,Credit Card,14.22,Apparel,In-store,Not Returned,UPS,,Low
647526,SKU_1542,Blue Pen,-36,2023-05-02 01:00,2.87,,Sweden,0.14,Bank Transfer,,Furniture,In-store,Returned,FedEx,,High
820183,SKU_1200,Notebook,-17,2023-05-02 11:00,-71.33,,Italy,0.0,Credit Card,,Accessories,Online,Not Returned,UPS,,Medium
235921,SKU_1512,Office Chair,-49,2023-05-02 15:00,-63.78,,Portugal,0.07,Bank Transfer,,Electronics,In-store,Not Returned,UPS,,High
991903,SKU_1264,Notebook,-39,2023-05-02 17:00,-52.88,,Portugal,0.25,Credit Card,,Furniture,In-store,Not Returned,Royal Mail,,High
974757,SKU_1356,White Mug,-36,2023-05-02 20:00,24.44,,United States,0.29,paypall,,Accessories,Online,Not Returned,FedEx,,Medium
430035,SKU_1746,Wireless Mouse,-37,2023-05-03 10:00,-88.0,,Netherlands,1.672349400482431,Credit Card,,Furniture,In-store,Not Returned,DHL,,High
180312,SKU_1394,Office Chair,14,2023-05-03 15:00,85.39,,United States,0.21,Bank Transfer,5.6,Stationery,Online,Not Returned,Royal Mail,,High
651302,SKU_1549,White Mug,-46,2023-05-03 17:00,15.59,,Belgium,0.27,paypall,,Electronics,In-store,Not Returned,FedEx,,Low
179317,SKU_1509,Headphones,-2,2023-05-04 04:00,49.39,,Portugal,0.42,Bank Transfer,,Furniture,Online,Not Returned,DHL,,Low
820841,SKU_1454,Blue Pen,-21,2023-05-04 20:00,-73.57,,Norway,0.22,Bank Transfer,,Stationery,Online,Not Returned,DHL,,Low
163128,SKU_1184,White Mug,-42,2023-05-04 23:00,-12.37,,Spain,1.2822175372182965,Bank Transfer,,Furniture,Online,Not Returned,Royal Mail,,High
566606,SKU_1979,Wall Clock,-11,2023-05-05 02:00,-51.54,,Netherlands,0.4,Credit Card,,Accessories,Online,Returned,FedEx,,High
374115,SKU_1423,Headphones,21,2023-05-05 18:00,84.79,,Netherlands,0.08,Bank Transfer,13.69,Apparel,In-store,Not Returned,FedEx,London,High
640853,SKU_1372,Desk Lamp,13,2023-05-05 22:00,4.22,,Portugal,0.23,Credit Card,13.01,Furniture,In-store,Not Returned,FedEx,Rome,High
181823,SKU_1560,Office Chair,-5,2023-05-06 03:00,-55.18,,Belgium,1.5215460010461417,paypall,,Accessories,In-store,Not Returned,UPS,,Low
749958,SKU_1695,White Mug,-8,2023-05-06 17:00,-14.05,,France,0.45,Bank Transfer,,Accessories,Online,Not Returned,UPS,,Low
312668,SKU_1471,Backpack,35,2023-05-07 09:00,80.04,,Germany,0.09,paypall,15.72,Furniture,Online,Not Returned,UPS,Paris,Medium
935471,SKU_1884,T-shirt,5,2023-05-08 08:00,7.74,13997.0,United Kingdom,0.26,paypall,26.07,Stationery,In-store,Not Returned,FedEx,Amsterdam,Low
241615,SKU_1185,Desk Lamp,16,2023-05-08 14:00,89.53,,France,0.19,Credit Card,11.2,Furniture,Online,Not Returned,FedEx,Rome,Medium
208991,SKU_1932,USB Cable,-6,2023-05-08 18:00,-51.23,,Sweden,0.07,paypall,,Accessories,Online,Not Returned,UPS,,Medium
456817,SKU_1256,Blue Pen,27,2023-05-09 09:00,29.94,,Sweden,0.3,Bank Transfer,16.5,Furniture,In-store,Returned,DHL,,Low
469992,SKU_1697,Wireless Mouse,25,2023-05-09 15:00,38.07,,Spain,0.11,paypall,15.95,Accessories,Online,Not Returned,DHL,Rome,Medium
489911,SKU_1882,Desk Lamp,6,2023-05-10 19:00,84.15,,Germany,0.42,Bank Transfer,17.44,Apparel,Online,Returned,UPS,,Low
520647,SKU_1183,Wireless Mouse,4,2023-05-11 10:00,79.27,,Australia,0.47,paypall,12.94,Accessories,In-store,Not Returned,DHL,,Medium
575270,SKU_1256,Desk Lamp,13,2023-05-11 20:00,83.35,,France,0.48,Bank Transfer,18.43,Accessories,Online,Returned,FedEx,Paris,Low
587242,SKU_1503,Notebook,20,2023-05-11 21:00,94.9,,Sweden,0.13,paypall,11.81,Stationery,In-store,Not Returned,FedEx,Berlin,Medium
841898,SKU_1109,Backpack,35,2023-05-11 22:00,53.85,,Australia,0.17,paypall,27.88,Furniture,In-store,Not Returned,Royal Mail,Berlin,High
260111,SKU_1333,USB Cable,15,2023-05-12 09:00,91.43,,Portugal,0.19,Credit Card,22.88,Accessories,Online,Returned,UPS,Paris,Medium
839176,SKU_1657,Desk Lamp,21,2023-05-12 13:00,24.98,,Netherlands,0.4,Bank Transfer,26.73,Electronics,Online,Not Returned,DHL,Amsterdam,Low
817844,SKU_1277,Headphones,30,2023-05-12 16:00,59.53,,Spain,0.29,paypall,10.88,Apparel,In-store,Not Returned,FedEx,,High
299269,SKU_1507,White Mug,-12,2023-05-12 20:00,58.72,,Portugal,0.07,paypall,,Accessories,In-store,Not Returned,UPS,,Medium
348738,SKU_1328,Blue Pen,-30,2023-05-12 21:00,36.22,,Norway,0.19,Credit Card,,Stationery,Online,Not Returned,FedEx,,High
224628,SKU_1311,Backpack,-16,2023-05-13 07:00,-74.71,,Norway,0.12,paypall,,Electronics,Online,Not Returned,FedEx,,Low
133043,SKU_1544,Office Chair,-22,2023-05-13 15:00,-79.53,,Norway,1.2120076848055017,Credit Card,,Accessories,Online,Not Returned,Royal Mail,,High
110165,SKU_1185,Notebook,-40,2023-05-13 22:00,35.11,,Spain,0.5,Bank Transfer,,Furniture,In-store,Not Returned,FedEx,,High
392880,SKU_1042,White Mug,18,2023-05-14 03:00,6.48,,Belgium,0.49,paypall,19.54,Accessories,In-store,Returned,DHL,Amsterdam,Medium
944516,SKU_1072,Wall Clock,46,2023-05-14 05:00,39.33,,United Kingdom,0.44,paypall,19.49,Apparel,In-store,Not Returned,Royal Mail,,Low
914234,SKU_1097,White Mug,-33,2023-05-14 22:00,-1.22,,Portugal,1.1708263721208718,Bank Transfer,,Furniture,Online,Not Returned,UPS,,Low
546918,SKU_1709,Blue Pen,-6,2023-05-15 02:00,23.77,,Norway,0.13,Bank Transfer,,Accessories,Online,Not Returned,UPS,,High
580588,SKU_1404,Headphones,-30,2023-05-15 06:00,2.56,,Netherlands,0.01,Bank Transfer,,Electronics,In-store,Not Returned,DHL,,Medium
559722,SKU_1776,Office Chair,28,2023-05-16 00:00,61.59,,Norway,0.38,paypall,29.29,Electronics,Online,Not Returned,FedEx,London,Low
474261,SKU_1404,Desk Lamp,23,2023-05-16 03:00,33.36,,Netherlands,0.01,Credit Card,26.45,Accessories,Online,Not Returned,UPS,Rome,Medium
620880,SKU_1254,T-shirt,-21,2023-05-16 05:00,-19.59,,Belgium,1.3481081736245166,Credit Card,,Accessories,In-store,Not Returned,Royal Mail,,Medium
892050,SKU_1524,Wireless Mouse,-27,2023-05-16 07:00,-89.06,,Germany,1.3061459625923015,Credit Card,,Accessories,In-store,Not Returned,DHL,,Medium
845708,SKU_1737,USB Cable,-21,2023-05-17 05:00,-28.96,,Italy,0.04,paypall,,Furniture,Online,Not Returned,Royal Mail,,High
716923,SKU_1968,Notebook,-31,2023-05-17 06:00,-20.87,,Belgium,1.7649103310398797,paypall,,Accessories,In-store,Not Returned,DHL,,High
376386,SKU_1327,Headphones,-34,2023-05-17 08:00,-86.78,,Netherlands,1.18809911916421,paypall,,Accessories,In-store,Not Returned,FedEx,,Low
234400,SKU_1328,Wireless Mouse,-12,2023-05-17 18:00,-54.89,,Spain,1.1126499734875726,paypall,,Stationery,Online,Not Returned,DHL,,Low
281298,SKU_1062,Wall Clock,48,2023-05-18 02:00,30.59,,Spain,0.33,Credit Card,26.38,Accessories,In-store,Not Returned,DHL,Berlin,Low
331601,SKU_1582,Wireless Mouse,-14,2023-05-18 05:00,65.28,,Sweden,0.13,Credit Card,,Furniture,In-store,Not Returned,DHL,,High
850489,SKU_1531,Blue Pen,28,2023-05-18 06:00,30.67,,Italy,0.26,Credit Card,14.58,Apparel,Online,Not Returned,UPS,London,Medium
606398,SKU_1458,Backpack,6,2023-05-18 07:00,49.65,,Spain,0.37,paypall,25.62,Furniture,Online,Not Returned,UPS,Paris,Low
811303,SKU_1265,White Mug,14,2023-05-18 16:00,25.12,,Australia,0.28,paypall,7.37,Accessories,Online,Not Returned,DHL,Berlin,High
393904,SKU_1090,Wall Clock,16,2023-05-19 08:00,93.42,,United States,0.22,Bank Transfer,16.39,Furniture,In-store,Not Returned,DHL,,Low
189074,SKU_1883,Wall Clock,-4,2023-05-19 10:00,-29.87,,Portugal,1.945812306632964,Credit Card,,Furniture,Online,Not Returned,UPS,,High
886070,SKU_1871,Backpack,40,2023-05-19 14:00,49.78,,Italy,0.4,Credit Card,29.83,Stationery,Online,Not Returned,DHL,Amsterdam,Low
685356,SKU_1371,White Mug,-12,2023-05-19 22:00,-60.01,,Netherlands,1.7285559279063198,Credit Card,,Electronics,Online,Not Returned,FedEx,,Medium
323773,SKU_1148,Wireless Mouse,10,2023-05-20 02:00,83.17,,Norway,0.21,Credit Card,27.99,Electronics,In-store,Returned,DHL,Rome,High
668257,SKU_1686,Backpack,-12,2023-05-20 06:00,90.07,,Belgium,0.4,Bank Transfer,,Electronics,In-store,Not Returned,UPS,,High
795047,SKU_1932,Headphones,-50,2023-05-21 04:00,-94.97,,Netherlands,1.9430165120424252,Bank Transfer,,Electronics,In-store,Not Returned,UPS,,High
357091,SKU_1516,Blue Pen,41,2023-05-21 12:00,37.49,,Australia,0.28,Bank Transfer,21.32,Apparel,In-store,Not Returned,UPS,,Low
392112,SKU_1220,Desk Lamp,42,2023-05-21 22:00,18.04,,Netherlands,0.27,Credit Card,6.23,Electronics,Online,Not Returned,Royal Mail,Rome,High
497871,SKU_1911,USB Cable,-44,2023-05-22 11:00,-93.54,,Australia,0.09,Credit Card,,Electronics,Online,Returned,FedEx,,High
845769,SKU_1861,USB Cable,11,2023-05-22 18:00,30.78,,Sweden,0.09,Bank Transfer,26.53,Stationery,Online,Not Returned,Royal Mail,Paris,Medium
442313,SKU_1603,White Mug,44,2023-05-24 16:00,25.16,,Spain,0.21,paypall,27.23,Apparel,In-store,Not Returned,DHL,,High
483576,SKU_1728,T-shirt,-42,2023-05-25 11:00,82.33,,Italy,0.19,Credit Card,,Accessories,Online,Not Returned,Royal Mail,,High
831520,SKU_1960,Headphones,-46,2023-05-26 03:00,43.98,,Sweden,0.46,Credit Card,,Electronics,In-store,Returned,FedEx,,Medium
449152,SKU_1891,Wireless Mouse,27,2023-05-26 05:00,65.75,,United Kingdom,0.14,Bank Transfer,18.6,Accessories,In-store,Returned,DHL,Amsterdam,Medium
263122,SKU_1926,Wall Clock,29,2023-05-26 23:00,21.29,,Belgium,0.25,Bank Transfer,17.46,Furniture,In-store,Not Returned,UPS,Rome,Low
895460,SKU_1167,Headphones,-26,2023-05-27 09:00,-14.08,,France,0.33,Credit Card,,Accessories,Online,Not Returned,Royal Mail,,High
770792,SKU_1965,White Mug,-48,2023-05-27 11:00,85.49,,Netherlands,0.12,Bank Transfer,,Apparel,Online,Not Returned,FedEx,,Medium
406534,SKU_1107,Backpack,15,2023-05-27 20:00,70.46,,Australia,0.02,paypall,29.99,Accessories,Online,Not Returned,UPS,,High
376207,SKU_1405,Wireless Mouse,-6,2023-05-28 00:00,-4.32,,Germany,1.6594657693011965,Credit Card,,Electronics,In-store,Not Returned,DHL,,High
202756,SKU_1744,Notebook,-19,2023-05-28 07:00,79.16,,United States,0.04,paypall,,Electronics,In-store,Not Returned,UPS,,Low
865962,SKU_1560,T-shirt,48,2023-05-28 11:00,16.54,,Italy,0.44,Bank Transfer,24.62,Electronics,Online,Not Returned,UPS,Amsterdam,High
314521,SKU_1828,Desk Lamp,34,2023-05-29 13:00,27.18,,Portugal,0.37,Credit Card,28.69,Furniture,In-store,Not Returned,Royal Mail,Rome,High
981563,SKU_1709,White Mug,42,2023-05-30 00:00,71.54,,Australia,0.19,paypall,8.2,Stationery,In-store,Not Returned,UPS,,Low
387179,SKU_1173,Blue Pen,6,2023-05-30 18:00,48.77,,Norway,0.45,Bank Transfer,5.32,Furniture,In-store,Not Returned,UPS,,Low
126866,SKU_1032,Desk Lamp,-49,2023-05-31 01:00,3.07,,Spain,0.16,Bank Transfer,,Electronics,Online,Not Returned,FedEx,,Medium
107344,SKU_1877,Desk Lamp,-8,2023-05-31 04:00,-11.7,,Belgium,1.9219482466644,paypall,,Accessories,In-store,Not Returned,DHL,,Low
541850,SKU_1594,Blue Pen,22,2023-05-31 14:00,26.94,,Norway,0.34,paypall,19.05,Accessories,Online,Not Returned,FedEx,Berlin,Low
323378,SKU_1747,Desk Lamp,8,2023-06-01 13:00,90.13,,Portugal,0.44,Bank Transfer,23.26,Stationery,In-store,Not Returned,Royal Mail,,Medium
502885,SKU_1167,Wall Clock,-48,2023-06-03 00:00,87.75,,France,0.39,Credit Card,,Apparel,Online,Not Returned,FedEx,,High
645917,SKU_1343,Headphones,-25,2023-06-03 04:00,-97.9,,Germany,1.1979835207384315,Credit Card,,Furniture,Online,Not Returned,FedEx,,Medium
443063,SKU_1006,USB Cable,11,2023-06-03 22:00,83.88,,Norway,0.05,paypall,26.59,Accessories,Online,Not Returned,Royal Mail,,Medium
694105,SKU_1108,USB Cable,-17,2023-06-04 04:00,31.38,,Sweden,0.03,Credit Card,,Stationery,In-store,Not Returned,Royal Mail,,Medium
721618,SKU_1254,USB Cable,-12,2023-06-04 16:00,90.37,,Sweden,0.31,Credit Card,,Furniture,In-store,Not Returned,DHL,,Medium
965020,SKU_1408,USB Cable,28,2023-06-04 18:00,71.06,,Portugal,0.14,paypall,20.01,Apparel,In-store,Not Returned,DHL,Amsterdam,High
840494,SKU_1116,Desk Lamp,-20,2023-06-05 08:00,42.59,,Australia,0.08,paypall,,Accessories,In-store,Not Returned,FedEx,,Low
142680,SKU_1730,Blue Pen,15,2023-06-05 18:00,21.96,,Sweden,0.34,Credit Card,24.78,Stationery,In-store,Not Returned,UPS,Amsterdam,Low
777122,SKU_1046,Blue Pen,21,2023-06-05 22:00,71.45,,Norway,0.19,Bank Transfer,6.05,Furniture,Online,Not Returned,DHL,,High
705632,SKU_1971,Desk Lamp,22,2023-06-06 06:00,21.91,,Spain,0.33,Bank Transfer,9.42,Apparel,Online,Not Returned,DHL,Paris,Low
230306,SKU_1066,Headphones,-17,2023-06-06 13:00,77.91,,United States,0.45,paypall,,Stationery,In-store,Not Returned,FedEx,,Medium
184661,SKU_1533,Blue Pen,-50,2023-06-06 16:00,-88.44,,Netherlands,1.5277566123578852,paypall,,Electronics,In-store,Not Returned,FedEx,,Low
171889,SKU_1792,Wireless Mouse,-50,2023-06-06 22:00,-25.99,,Sweden,0.38,paypall,,Furniture,Online,Not Returned,DHL,,Medium
708527,SKU_1406,Desk Lamp,-45,2023-06-06 23:00,53.46,,Spain,0.4,Bank Transfer,,Apparel,In-store,Not Returned,FedEx,,Low
913310,SKU_1336,Wireless Mouse,-26,2023-06-07 09:00,1.72,,Australia,0.36,Credit Card,,Accessories,In-store,Not Returned,UPS,,High
951178,SKU_1257,Headphones,12,2023-06-07 12:00,80.91,,United Kingdom,0.12,paypall,26.4,Furniture,In-store,Not Returned,FedEx,,Low
132784,SKU_1233,Backpack,9,2023-06-07 16:00,9.88,,France,0.22,Bank Transfer,17.89,Electronics,Online,Not Returned,Royal Mail,Amsterdam,Medium
580910,SKU_1109,Wireless Mouse,44,2023-06-08 04:00,5.18,,Sweden,0.41,Credit Card,24.28,Apparel,Online,Not Returned,UPS,London,Low
293540,SKU_1544,Backpack,32,2023-06-08 17:00,91.99,,Italy,0.43,paypall,18.28,Electronics,Online,Not Returned,DHL,Paris,Low
796042,SKU_1227,White Mug,-12,2023-06-09 00:00,-55.18,,Norway,1.223688471717205,Bank Transfer,,Stationery,In-store,Returned,DHL,,Medium
250990,SKU_1822,Wall Clock,-19,2023-06-09 16:00,-75.91,,Portugal,0.38,paypall,,Furniture,Online,Not Returned,UPS,,Low
508195,SKU_1602,Notebook,-18,2023-06-10 01:00,-8.94,,United States,1.4150345309871408,Bank Transfer,,Apparel,In-store,Not Returned,DHL,,Low
745912,SKU_1004,Office Chair,15,2023-06-10 11:00,51.78,,Sweden,0.39,Credit Card,28.65,Stationery,In-store,Not Returned,DHL,Paris,High
385279,SKU_1965,Blue Pen,20,2023-06-11 00:00,41.81,,Germany,0.24,Bank Transfer,8.49,Electronics,In-store,Not Returned,Royal Mail,London,High
221921,SKU_1108,Notebook,-33,2023-06-11 19:00,-81.13,,Belgium,0.03,paypall,,Apparel,In-store,Not Returned,DHL,,Medium
717769,SKU_1199,Wireless Mouse,-39,2023-06-11 21:00,39.0,,Portugal,0.15,Credit Card,,Furniture,In-store,Not Returned,Royal Mail,,Low
671960,SKU_1832,Blue Pen,44,2023-06-12 04:00,56.76,,Australia,0.01,paypall,22.52,Accessories,Online,Returned,UPS,Amsterdam,Low
527209,SKU_1898,Desk Lamp,10,2023-06-13 03:00,21.61,,Norway,0.3,Bank Transfer,19.71,Accessories,Online,Not Returned,FedEx,Rome,Low
896425,SKU_1075,USB Cable,-43,2023-06-13 07:00,-99.98,,Netherlands,1.745944375998878,Credit Card,,Accessories,Online,Not Returned,UPS,,High
426543,SKU_1240,Blue Pen,7,2023-06-13 19:00,78.97,,Germany,0.08,Bank Transfer,5.57,Apparel,In-store,Not Returned,UPS,Rome,Low
555066,SKU_1970,USB Cable,-45,2023-06-14 04:00,-8.1,,Sweden,1.2351125037681725,Credit Card,,Stationery,In-store,Not Returned,Royal Mail,,Medium
846256,SKU_1131,Blue Pen,25,2023-06-14 08:00,74.72,,Spain,0.34,paypall,29.94,Apparel,In-store,Not Returned,DHL,Amsterdam,High
755080,SKU_1401,Desk Lamp,-36,2023-06-14 09:00,46.61,,Norway,0.31,Bank Transfer,,Stationery,Online,Not Returned,DHL,,Low
728296,SKU_1566,Wall Clock,-48,2023-06-14 13:00,-12.23,,Norway,1.2090010240709668,Bank Transfer,,Electronics,In-store,Not Returned,FedEx,,High
567894,SKU_1074,Notebook,-45,2023-06-15 00:00,24.42,,Netherlands,0.45,Bank Transfer,,Electronics,Online,Not Returned,Royal Mail,,High
819968,SKU_1505,White Mug,-24,2023-06-15 11:00,69.62,,Norway,0.36,paypall,,Apparel,Online,Returned,UPS,,Medium
100969,SKU_1622,T-shirt,7,2023-06-16 00:00,58.87,,Germany,0.44,Credit Card,11.27,Electronics,Online,Not Returned,DHL,,High
503522,SKU_1476,USB Cable,15,2023-06-16 03:00,25.59,,Norway,0.49,Bank Transfer,23.84,Accessories,Online,Not Returned,FedEx,,Low
836205,SKU_1923,USB Cable,47,2023-06-16 06:00,16.46,,United Kingdom,0.27,paypall,21.67,Stationery,In-store,Not Returned,UPS,,Medium
626025,SKU_1055,Wireless Mouse,11,2023-06-16 13:00,14.98,,Australia,0.43,Bank Transfer,20.05,Furniture,Online,Returned,FedEx,Rome,Medium
784440,SKU_1602,T-shirt,-17,2023-06-16 19:00,-92.51,,France,1.7775241262455497,paypall,,Apparel,In-store,Not Returned,FedEx,,Medium
335603,SKU_1383,Office Chair,18,2023-06-16 23:00,4.96,,Norway,0.19,Bank Transfer,29.17,Furniture,In-store,Not Returned,UPS,Paris,Medium
707176,SKU_1722,Notebook,-49,2023-06-17 06:00,36.59,,France,0.14,Bank Transfer,,Electronics,Online,Not Returned,Royal Mail,,High
167345,SKU_1090,Wireless Mouse,-9,2023-06-17 11:00,-92.31,,Belgium,1.3471317040356874,paypall,,Furniture,In-store,Not Returned,Royal Mail,,Low
927307,SKU_1075,Wireless Mouse,-25,2023-06-17 13:00,95.54,,United Kingdom,0.47,Credit Card,,Apparel,Online,Not Returned,UPS,,Low
170793,SKU_1444,Desk Lamp,-15,2023-06-17 15:00,-13.73,,Norway,1.1015720305369,Bank Transfer,,Apparel,In-store,Not Returned,FedEx,,High
114866,SKU_1076,Blue Pen,44,2023-06-17 18:00,49.22,,United Kingdom,0.18,paypall,8.1,Apparel,Online,Not Returned,Royal Mail,Amsterdam,Medium
798149,SKU_1447,Office Chair,-47,2023-06-17 19:00,62.69,,United Kingdom,0.44,Bank Transfer,,Stationery,In-store,Returned,Royal Mail,,Medium
622881,SKU_1965,T-shirt,39,2023-06-18 03:00,78.21,,Italy,0.08,Bank Transfer,26.65,Apparel,In-store,Not Returned,UPS,,Medium
183583,SKU_1888,Desk Lamp,-1,2023-06-18 16:00,82.96,,Norway,0.39,Credit Card,,Accessories,In-store,Not Returned,UPS,,Low
499719,SKU_1675,Headphones,-2,2023-06-19 07:00,-38.03,,Germany,1.638355578224586,paypall,,Electronics,In-store,Not Returned,FedEx,,Medium
743392,SKU_1518,Wall Clock,47,2023-06-19 11:00,44.3,,Spain,0.34,Bank Transfer,19.04,Electronics,Online,Not Returned,FedEx,London,Medium
455060,SKU_1300,Office Chair,-38,2023-06-20 04:00,98.98,,Australia,0.46,Bank Transfer,,Furniture,Online,Not Returned,FedEx,,Low
158396,SKU_1937,T-shirt,23,2023-06-21 12:00,94.71,,Portugal,0.43,paypall,14.73,Furniture,In-store,Not Returned,UPS,,High
118405,SKU_1872,T-shirt,16,2023-06-21 14:00,35.17,,Netherlands,0.44,paypall,26.99,Furniture,Online,Not Returned,DHL,London,Medium
365446,SKU_1743,USB Cable,-33,2023-06-21 19:00,-91.82,,Netherlands,0.17,paypall,,Electronics,Online,Not Returned,Royal Mail,,Low
405383,SKU_1535,Blue Pen,37,2023-06-22 00:00,27.99,,France,0.1,Credit Card,16.48,Stationery,In-store,Not Returned,DHL,Amsterdam,High
190868,SKU_1545,Desk Lamp,22,2023-06-22 06:00,46.96,,Germany,0.11,Bank Transfer,15.93,Apparel,In-store,Not Returned,UPS,,Medium
568089,SKU_1631,Blue Pen,-38,2023-06-22 23:00,-43.67,,Sweden,1.624828972376371,Bank Transfer,,Furniture,In-store,Not Returned,FedEx,,Low
472072,SKU_1925,T-shirt,28,2023-06-24 08:00,11.78,21443.0,United Kingdom,0.42,paypall,23.22,Electronics,Online,Returned,DHL,Berlin,High
187942,SKU_1173,T-shirt,38,2023-06-25 20:00,98.87,,Spain,0.16,Bank Transfer,22.45,Stationery,In-store,Not Returned,DHL,Paris,High
180684,SKU_1185,Blue Pen,14,2023-06-26 04:00,41.73,,Italy,0.43,Bank Transfer,17.8,Apparel,Online,Not Returned,FedEx,,Low
369548,SKU_1141,T-shirt,1,2023-06-26 09:00,80.49,,Spain,0.02,Bank Transfer,6.19,Electronics,In-store,Returned,UPS,,High
710211,SKU_1469,Blue Pen,-36,2023-06-26 13:00,59.71,,Norway,0.08,Bank Transfer,,Electronics,In-store,Returned,Royal Mail,,Low
619892,SKU_1620,Blue Pen,29,2023-06-27 01:00,79.02,,Sweden,0.16,paypall,8.61,Stationery,In-store,Not Returned,UPS,,High
241043,SKU_1879,Office Chair,-27,2023-06-27 08:00,-88.29,,Portugal,1.0903953871952767,paypall,,Electronics,In-store,Not Returned,DHL,,Medium
964384,SKU_1066,T-shirt,-25,2023-06-27 19:00,-70.84,,United States,1.23362791255333,Bank Transfer,,Stationery,Online,Not Returned,FedEx,,High
446928,SKU_1724,Office Chair,8,2023-06-27 20:00,20.09,,Belgium,0.24,Credit Card,23.18,Furniture,In-store,Not Returned,Royal Mail,,High
521410,SKU_1322,T-shirt,-48,2023-06-27 22:00,26.36,,Norway,0.36,Bank Transfer,,Furniture,In-store,Not Returned,FedEx,,High
452518,SKU_1397,T-shirt,-10,2023-06-28 12:00,2.18,,Netherlands,0.09,Bank Transfer,,Stationery,In-store,Returned,FedEx,,Low
392009,SKU_1314,Notebook,-12,2023-06-29 03:00,-75.9,,Sweden,0.3,paypall,,Electronics,In-store,Not Returned,DHL,,Medium
577038,SKU_1747,Wireless Mouse,-39,2023-06-30 02:00,-75.51,,Portugal,0.21,paypall,,Accessories,In-store,Not Returned,Royal Mail,,Medium
276031,SKU_1399,Wireless Mouse,8,2023-06-30 03:00,49.26,,Belgium,0.11,Credit Card,6.31,Electronics,Online,Not Returned,FedEx,Berlin,High
507766,SKU_1922,Notebook,-28,2023-06-30 19:00,-76.69,,Norway,0.04,paypall,,Accessories,Online,Not Returned,Royal Mail,,Low
870018,SKU_1309,Notebook,49,2023-06-30 20:00,91.28,,Belgium,0.23,paypall,15.05,Electronics,In-store,Not Returned,DHL,,Medium
976902,SKU_1323,Backpack,48,2023-07-01 02:00,48.83,,Germany,0.16,paypall,29.97,Stationery,In-store,Not Returned,FedEx,London,High
590486,SKU_1737,Headphones,-35,2023-07-01 07:00,-70.06,,France,1.8544570263018407,Credit Card,,Apparel,Online,Returned,DHL,,Low
296236,SKU_1296,Blue Pen,-25,2023-07-01 10:00,36.13,,France,0.06,paypall,,Furniture,Online,Not Returned,FedEx,,Low
954669,SKU_1192,White Mug,12,2023-07-01 12:00,85.85,,Italy,0.42,paypall,12.51,Electronics,In-store,Not Returned,FedEx,Paris,Medium
251944,SKU_1416,Backpack,35,2023-07-02 11:00,67.68,,Italy,0.13,Credit Card,6.87,Stationery,Online,Not Returned,FedEx,Rome,Low
993683,SKU_1367,Wireless Mouse,19,2023-07-02 17:00,98.27,,Norway,0.03,Bank Transfer,22.66,Furniture,Online,Not Returned,DHL,Berlin,Low
733542,SKU_1559,Wall Clock,27,2023-07-02 19:00,40.87,,Spain,0.05,Bank Transfer,7.01,Accessories,Online,Not Returned,UPS,,Low
433617,SKU_1817,USB Cable,-13,2023-07-03 05:00,-93.51,,Portugal,1.6455910571565484,Credit Card,,Accessories,Online,Not Returned,DHL,,High
309611,SKU_1696,Wireless Mouse,-22,2023-07-03 12:00,24.58,,Norway,0.45,Bank Transfer,,Stationery,Online,Not Returned,FedEx,,High
696285,SKU_1079,Blue Pen,43,2023-07-04 07:00,15.1,,Spain,0.33,Credit Card,21.22,Accessories,Online,Not Returned,Royal Mail,,Low
870997,SKU_1769,White Mug,7,2023-07-04 17:00,31.48,,United Kingdom,0.36,Credit Card,22.49,Apparel,In-store,Not Returned,FedEx,Rome,High
762398,SKU_1739,Wall Clock,40,2023-07-04 19:00,5.41,,United States,0.41,paypall,29.2,Accessories,Online,Returned,DHL,,Low
591293,SKU_1409,White Mug,27,2023-07-05 08:00,35.03,,Netherlands,0.08,Credit Card,17.26,Electronics,Online,Returned,FedEx,,High
826231,SKU_1674,Wall Clock,-34,2023-07-05 09:00,33.93,,United States,0.06,Credit Card,,Apparel,Online,Not Returned,DHL,,Medium
353107,SKU_1912,Wireless Mouse,40,2023-07-05 21:00,38.42,,United States,0.29,Bank Transfer,9.37,Apparel,Online,Not Returned,FedEx,London,High
515282,SKU_1923,USB Cable,-17,2023-07-06 00:00,45.49,,France,0.16,paypall,,Stationery,Online,Not Returned,UPS,,Medium
623253,SKU_1840,Wall Clock,-5,2023-07-06 01:00,-70.41,,Norway,1.437178377164752,paypall,,Furniture,Online,Not Returned,UPS,,Low
266561,SKU_1533,Desk Lamp,23,2023-07-06 07:00,1.59,,Norway,0.32,paypall,8.16,Accessories,In-store,Not Returned,FedEx,,Low
947737,SKU_1412,T-shirt,-45,2023-07-06 13:00,-82.89,,United Kingdom,1.3481451746129731,Credit Card,,Accessories,Online,Not Returned,Royal Mail,,Medium
940910,SKU_1741,Backpack,-2,2023-07-07 11:00,36.18,,Portugal,0.25,Credit Card,,Apparel,In-store,Not Returned,DHL,,Medium
780583,SKU_1684,Office Chair,33,2023-07-08 06:00,17.14,,Portugal,0.23,Bank Transfer,7.61,Electronics,In-store,Not Returned,Royal Mail,,Low
505632,SKU_1129,Desk Lamp,28,2023-07-08 14:00,92.74,,United Kingdom,0.06,Credit Card,20.8,Accessories,In-store,Not Returned,UPS,Rome,Low
643662,SKU_1021,Desk Lamp,45,2023-07-08 17:00,97.58,,Portugal,0.35,Bank Transfer,8.22,Accessories,In-store,Not Returned,DHL,Amsterdam,Low
648290,SKU_1008,Wireless Mouse,14,2023-07-08 22:00,78.63,,Italy,0.19,paypall,22.24,Electronics,Online,Not Returned,UPS,,Medium
715839,SKU_1956,White Mug,33,2023-07-08 23:00,73.88,,Portugal,0.25,Credit Card,19.88,Furniture,In-store,Not Returned,UPS,Berlin,High
594090,SKU_1718,USB Cable,8,2023-07-09 03:00,62.72,,Netherlands,0.31,paypall,20.39,Stationery,In-store,Not Returned,UPS,Berlin,Medium
221840,SKU_1242,Notebook,-27,2023-07-09 10:00,-52.44,,Norway,1.6498654841074163,paypall,,Furniture,In-store,Not Returned,FedEx,,Low
197475,SKU_1600,Backpack,37,2023-07-09 20:00,5.14,,Netherlands,0.05,Bank Transfer,26.57,Apparel,Online,Not Returned,Royal Mail,Berlin,Medium
754735,SKU_1268,White Mug,-31,2023-07-09 21:00,-53.73,,Portugal,0.07,Bank Transfer,,Electronics,Online,Not Returned,FedEx,,High
955795,SKU_1280,Backpack,23,2023-07-10 03:00,98.11,,France,0.25,Bank Transfer,22.78,Furniture,Online,Not Returned,DHL,,Medium
455694,SKU_1747,USB Cable,30,2023-07-10 11:00,43.76,,United States,0.44,paypall,15.13,Stationery,In-store,Not Returned,UPS,Berlin,High
779678,SKU_1584,Desk Lamp,5,2023-07-11 01:00,65.56,,Belgium,0.44,paypall,12.5,Furniture,In-store,Not Returned,DHL,London,Low
891706,SKU_1361,Backpack,-15,2023-07-11 04:00,86.12,,Belgium,0.03,Credit Card,,Electronics,Online,Not Returned,DHL,,High
148392,SKU_1953,USB Cable,-6,2023-07-11 13:00,-8.74,,Portugal,0.42,Bank Transfer,,Accessories,In-store,Not Returned,Royal Mail,,Medium
200804,SKU_1660,Headphones,23,2023-07-12 08:00,21.61,,Germany,0.29,paypall,14.3,Stationery,In-store,Not Returned,FedEx,,Low
941618,SKU_1288,Notebook,-15,2023-07-12 11:00,-83.26,,Netherlands,1.94870171598476,Credit Card,,Furniture,In-store,Not Returned,UPS,,Low
228470,SKU_1570,USB Cable,23,2023-07-12 22:00,96.6,,Spain,0.47,Credit Card,24.08,Accessories,Online,Not Returned,Royal Mail,,Low
554887,SKU_1672,White Mug,47,2023-07-13 01:00,3.24,,Germany,0.34,paypall,6.44,Apparel,Online,Not Returned,Royal Mail,Paris,High
466486,SKU_1139,Notebook,-18,2023-07-13 14:00,-51.03,,United Kingdom,1.6355550418927265,Credit Card,,Accessories,Online,Not Returned,DHL,,High
657776,SKU_1598,Backpack,24,2023-07-14 12:00,33.16,,Italy,0.16,Credit Card,11.67,Stationery,Online,Not Returned,Royal Mail,Rome,Low
776819,SKU_1591,Notebook,10,2023-07-14 13:00,3.03,,United States,0.48,Bank Transfer,23.68,Furniture,In-store,Not Returned,FedEx,Paris,High
714822,SKU_1620,Backpack,-3,2023-07-15 02:00,-68.29,,Norway,0.47,paypall,,Stationery,In-store,Not Returned,DHL,,High
942827,SKU_1121,T-shirt,-24,2023-07-16 07:00,-50.78,,France,0.33,Bank Transfer,,Furniture,Online,Not Returned,Royal Mail,,High
757767,SKU_1688,USB Cable,41,2023-07-16 12:00,50.19,,Norway,0.26,Credit Card,13.74,Electronics,Online,Not Returned,Royal Mail,Berlin,Low
318102,SKU_1417,Wall Clock,-9,2023-07-16 20:00,-98.18,,Norway,0.42,Bank Transfer,,Apparel,Online,Not Returned,Royal Mail,,Low
199772,SKU_1766,Office Chair,42,2023-07-16 21:00,71.15,,France,0.38,paypall,13.9,Accessories,Online,Not Returned,UPS,London,High
266268,SKU_1449,Headphones,-3,2023-07-17 07:00,5.29,,Belgium,0.15,Bank Transfer,,Electronics,In-store,Not Returned,DHL,,High
899170,SKU_1227,USB Cable,31,2023-07-17 09:00,36.2,,United States,0.28,paypall,13.56,Stationery,Online,Not Returned,FedEx,,Low
902204,SKU_1997,Blue Pen,-34,2023-07-17 11:00,-78.71,,France,1.5899154656927608,Bank Transfer,,Stationery,Online,Not Returned,Royal Mail,,Low
352669,SKU_1266,T-shirt,-1,2023-07-17 18:00,96.34,,United Kingdom,0.1,Bank Transfer,,Electronics,Online,Not Returned,DHL,,Medium
420602,SKU_1058,Backpack,-45,2023-07-18 00:00,49.06,,Australia,0.15,Bank Transfer,,Accessories,Online,Not Returned,UPS,,Low
753077,SKU_1185,Backpack,36,2023-07-18 04:00,63.7,,Sweden,0.15,Bank Transfer,6.27,Stationery,Online,Not Returned,Royal Mail,,Low
607418,SKU_1842,Office Chair,49,2023-07-18 18:00,2.15,,Norway,0.05,Bank Transfer,20.43,Stationery,In-store,Not Returned,FedEx,,Low
759077,SKU_1212,Blue Pen,17,2023-07-19 03:00,8.74,,Australia,0.26,paypall,26.97,Apparel,Online,Not Returned,Royal Mail,Amsterdam,High
833551,SKU_1122,Blue Pen,23,2023-07-19 23:00,20.5,,Germany,0.1,paypall,20.62,Stationery,Online,Not Returned,Royal Mail,Amsterdam,Medium
868407,SKU_1766,Notebook,7,2023-07-20 04:00,48.5,,Portugal,0.07,Bank Transfer,13.14,Apparel,Online,Not Returned,DHL,,High
267452,SKU_1916,Office Chair,5,2023-07-20 07:00,58.04,,Australia,0.41,Bank Transfer,23.18,Apparel,Online,Not Returned,UPS,,High
252721,SKU_1876,Wall Clock,17,2023-07-20 15:00,59.73,,United States,0.14,Credit Card,25.34,Stationery,Online,Not Returned,UPS,,Medium
200497,SKU_1593,Blue Pen,-45,2023-07-20 18:00,61.65,,Norway,0.26,Bank Transfer,,Accessories,Online,Not Returned,FedEx,,Medium
214432,SKU_1971,Wall Clock,-32,2023-07-20 21:00,-7.52,,Portugal,0.37,Credit Card,,Furniture,Online,Not Returned,UPS,,High
504753,SKU_1179,USB Cable,-47,2023-07-21 09:00,98.66,,United States,0.44,Credit Card,,Stationery,Online,Not Returned,FedEx,,Medium
130401,SKU_1676,Blue Pen,9,2023-07-21 10:00,32.82,,Norway,0.21,Credit Card,26.44,Electronics,Online,Not Returned,UPS,Amsterdam,High
705978,SKU_1517,Blue Pen,34,2023-07-21 12:00,10.48,,Italy,0.39,paypall,11.49,Electronics,Online,Not Returned,UPS,London,Medium
462757,SKU_1584,Backpack,-29,2023-07-21 13:00,-41.71,,United States,1.9540217221061973,Bank Transfer,,Accessories,Online,Not Returned,UPS,,Medium
761990,SKU_1412,Blue Pen,-4,2023-07-21 14:00,-60.52,,Portugal,0.42,Bank Transfer,,Apparel,In-store,Not Returned,DHL,,Low
536677,SKU_1356,Office Chair,-43,2023-07-21 15:00,97.98,,United Kingdom,0.34,Credit Card,,Electronics,In-store,Not Returned,UPS,,Low
556660,SKU_1685,Wireless Mouse,6,2023-07-21 22:00,1.79,,Portugal,0.17,paypall,28.76,Accessories,In-store,Not Returned,Royal Mail,Rome,Medium
370504,SKU_1609,White Mug,27,2023-07-21 23:00,35.69,,Sweden,0.42,paypall,29.97,Apparel,Online,Not Returned,Royal Mail,,High
636299,SKU_1536,Desk Lamp,-10,2023-07-22 00:00,-36.81,,Portugal,0.5,Bank Transfer,,Apparel,Online,Not Returned,DHL,,Medium
922501,SKU_1731,Desk Lamp,41,2023-07-22 03:00,54.59,,Italy,0.2,paypall,25.13,Furniture,Online,Not Returned,FedEx,Paris,Medium
308974,SKU_1411,Wall Clock,-12,2023-07-22 15:00,-80.37,,Australia,1.6839198135810305,Credit Card,,Electronics,In-store,Not Returned,DHL,,Medium
748226,SKU_1254,Desk Lamp,-44,2023-07-22 16:00,-54.28,,Netherlands,0.25,Bank Transfer,,Stationery,Online,Not Returned,DHL,,Medium
943732,SKU_1289,USB Cable,-27,2023-07-22 20:00,-69.7,,Italy,1.2701145055233936,Credit Card,,Stationery,In-store,Not Returned,UPS,,Low
775109,SKU_1677,Blue Pen,-25,2023-07-23 05:00,-43.81,,France,1.1212512998753477,paypall,,Furniture,In-store,Not Returned,FedEx,,Medium
101316,SKU_1988,Blue Pen,-6,2023-07-23 09:00,-24.19,,Portugal,1.5209133957173453,paypall,,Electronics,Online,Not Returned,UPS,,Low
821580,SKU_1331,Notebook,45,2023-07-23 12:00,53.41,,Netherlands,0.44,Bank Transfer,7.2,Stationery,Online,Returned,Royal Mail,Amsterdam,Medium
454844,SKU_1636,Headphones,-39,2023-07-23 13:00,22.69,,Netherlands,0.2,Bank Transfer,,Furniture,In-store,Not Returned,UPS,,Low
332463,SKU_1360,Wireless Mouse,-3,2023-07-23 17:00,-37.63,,Spain,1.320966969037448,Bank Transfer,,Apparel,In-store,Not Returned,FedEx,,Low
579129,SKU_1855,White Mug,22,2023-07-24 14:00,1.62,,Spain,0.16,Bank Transfer,10.85,Accessories,In-store,Not Returned,DHL,,Low
346635,SKU_1623,Blue Pen,11,2023-07-24 15:00,84.96,,France,0.36,Credit Card,16.39,Electronics,In-store,Not Returned,FedEx,,Low
192326,SKU_1710,Desk Lamp,12,2023-07-24 21:00,22.86,,Spain,0.42,Credit Card,21.94,Furniture,Online,Not Returned,UPS,London,Medium
972231,SKU_1313,T-shirt,20,2023-07-25 08:00,10.36,,United Kingdom,0.19,Credit Card,16.08,Apparel,Online,Not Returned,UPS,,High
315928,SKU_1200,T-shirt,34,2023-07-25 09:00,17.68,,Netherlands,0.06,Credit Card,5.84,Furniture,In-store,Not Returned,FedEx,Rome,Medium
893477,SKU_1429,Headphones,-20,2023-07-25 13:00,-31.94,,Germany,1.788680511231814,paypall,,Stationery,In-store,Not Returned,DHL,,Medium
742836,SKU_1002,T-shirt,-28,2023-07-26 09:00,-83.99,,Belgium,1.1416101547964024,paypall,,Apparel,In-store,Not Returned,Royal Mail,,Low
171296,SKU_1933,Headphones,-34,2023-07-26 10:00,-91.85,,Germany,1.6268396394416813,paypall,,Apparel,In-store,Not Returned,Royal Mail,,Low
409982,SKU_1421,Office Chair,18,2023-07-28 14:00,85.73,,Australia,0.27,Bank Transfer,16.83,Apparel,In-store,Not Returned,DHL,,Low
155082,SKU_1694,Wireless Mouse,-7,2023-07-30 21:00,92.89,,France,0.04,paypall,,Apparel,In-store,Not Returned,FedEx,,High
205850,SKU_1400,Blue Pen,10,2023-07-31 07:00,31.58,,Belgium,0.49,Bank Transfer,22.88,Stationery,Online,Not Returned,FedEx,,High
519052,SKU_1886,White Mug,-37,2023-08-01 01:00,-90.87,,Australia,1.720845838940546,paypall,,Electronics,Online,Not Returned,FedEx,,Low
761311,SKU_1002,T-shirt,-8,2023-08-01 02:00,15.16,,Norway,0.27,Bank Transfer,,Accessories,In-store,Not Returned,DHL,,Low
377319,SKU_1829,Headphones,45,2023-08-01 03:00,73.62,,Italy,0.06,Credit Card,12.07,Furniture,In-store,Not Returned,UPS,London,High
428700,SKU_1388,Wireless Mouse,38,2023-08-01 12:00,1.19,,United States,0.33,Credit Card,28.64,Electronics,In-store,Not Returned,DHL,Paris,Medium
120180,SKU_1679,T-shirt,42,2023-08-02 20:00,11.38,,France,0.14,paypall,9.32,Electronics,In-store,Not Returned,DHL,,Medium
746640,SKU_1948,Headphones,-48,2023-08-03 06:00,-28.1,,Italy,1.160256831278115,paypall,,Stationery,In-store,Not Returned,Royal Mail,,Medium
252472,SKU_1992,Wireless Mouse,40,2023-08-03 22:00,19.26,,Norway,0.12,Bank Transfer,20.12,Furniture,Online,Not Returned,UPS,,Medium
920240,SKU_1917,USB Cable,-6,2023-08-04 09:00,-31.55,,Netherlands,1.721755370218808,paypall,,Accessories,Online,Not Returned,Royal Mail,,Medium
173524,SKU_1535,Desk Lamp,-25,2023-08-04 11:00,-12.89,,United Kingdom,0.33,paypall,,Furniture,Online,Not Returned,Royal Mail,,Low
802936,SKU_1043,Wall Clock,-33,2023-08-04 19:00,-48.13,,Spain,1.9117277664179488,Credit Card,,Furniture,In-store,Not Returned,DHL,,High
540139,SKU_1455,T-shirt,4,2023-08-04 21:00,89.36,,Norway,0.48,Bank Transfer,5.87,Stationery,Online,Not Returned,UPS,Berlin,Low
749756,SKU_1874,Backpack,-4,2023-08-04 23:00,-70.26,,Germany,0.31,Credit Card,,Stationery,Online,Not Returned,DHL,,Low
351362,SKU_1699,Backpack,14,2023-08-05 01:00,15.68,,Germany,0.48,Bank Transfer,18.33,Accessories,In-store,Not Returned,Royal Mail,Amsterdam,Low
195660,SKU_1894,Wireless Mouse,-21,2023-08-05 05:00,13.59,,France,0.36,paypall,,Furniture,In-store,Not Returned,FedEx,,Low
946620,SKU_1136,USB Cable,18,2023-08-05 06:00,39.72,,Norway,0.38,paypall,21.5,Electronics,In-store,Not Returned,DHL,Rome,High
757784,SKU_1477,Headphones,48,2023-08-05 15:00,44.72,,United Kingdom,0.42,paypall,26.88,Electronics,In-store,Not Returned,Royal Mail,,High
294164,SKU_1814,Desk Lamp,-31,2023-08-05 17:00,-58.35,,France,1.7633331759326651,Credit Card,,Furniture,Online,Not Returned,DHL,,Low
886448,SKU_1299,Blue Pen,-49,2023-08-06 01:00,-86.43,,Australia,0.23,paypall,,Electronics,Online,Returned,DHL,,Low
519594,SKU_1861,Desk Lamp,37,2023-08-06 03:00,41.98,,France,0.29,paypall,5.86,Accessories,Online,Returned,Royal Mail,Berlin,Low
494689,SKU_1038,Blue Pen,-16,2023-08-06 08:00,6.36,,Germany,0.03,Bank Transfer,,Apparel,Online,Not Returned,UPS,,Low
814327,SKU_1020,Blue Pen,31,2023-08-06 13:00,41.19,,Sweden,0.33,paypall,11.42,Electronics,Online,Not Returned,UPS,Berlin,Medium
392254,SKU_1073,USB Cable,-25,2023-08-06 15:00,18.72,,Norway,0.39,Bank Transfer,,Furniture,Online,Not Returned,DHL,,Medium
233018,SKU_1283,White Mug,27,2023-08-06 19:00,50.49,,United States,0.33,paypall,28.07,Apparel,In-store,Not Returned,DHL,,High
488126,SKU_1525,Desk Lamp,44,2023-08-08 03:00,20.07,,Portugal,0.05,paypall,18.67,Stationery,Online,Not Returned,Royal Mail,Paris,High
227852,SKU_1372,USB Cable,20,2023-08-08 07:00,27.19,,Australia,0.21,Bank Transfer,19.06,Stationery,In-store,Not Returned,FedEx,Rome,Low
433258,SKU_1834,Notebook,-1,2023-08-08 12:00,-53.87,,Portugal,1.951837463960452,Credit Card,,Electronics,In-store,Not Returned,Royal Mail,,Medium
758411,SKU_1010,Desk Lamp,-47,2023-08-09 00:00,7.35,,France,0.42,Bank Transfer,,Accessories,In-store,Returned,FedEx,,Low
983310,SKU_1339,Backpack,-28,2023-08-09 02:00,44.98,,France,0.28,Credit Card,,Stationery,In-store,Not Returned,FedEx,,High
756627,SKU_1944,Wireless Mouse,19,2023-08-09 10:00,57.73,,United Kingdom,0.44,Bank Transfer,12.11,Electronics,Online,Not Returned,DHL,London,Low
293717,SKU_1556,Blue Pen,26,2023-08-09 12:00,44.24,,Norway,0.01,Bank Transfer,11.38,Apparel,Online,Not Returned,DHL,,Medium
538115,SKU_1543,Wall Clock,-30,2023-08-09 21:00,-38.69,,Italy,1.5952848636833363,Bank Transfer,,Electronics,Online,Not Returned,DHL,,High
603028,SKU_1182,USB Cable,22,2023-08-10 04:00,62.47,,United Kingdom,0.19,Credit Card,16.52,Furniture,In-store,Not Returned,FedEx,Berlin,Low
988960,SKU_1117,Notebook,7,2023-08-10 11:00,14.8,,Germany,0.0,paypall,13.0,Accessories,In-store,Not Returned,Royal Mail,,High
324478,SKU_1728,Desk Lamp,7,2023-08-10 12:00,47.58,,France,0.3,paypall,8.02,Stationery,Online,Not Returned,FedEx,Rome,Medium
583439,SKU_1406,USB Cable,37,2023-08-11 11:00,86.98,,Spain,0.35,Bank Transfer,7.99,Apparel,In-store,Not Returned,DHL,London,Medium
201243,SKU_1359,Notebook,43,2023-08-11 20:00,35.92,,Germany,0.31,paypall,11.56,Apparel,Online,Not Returned,UPS,,Low
810229,SKU_1193,Backpack,14,2023-08-13 16:00,67.6,,Portugal,0.34,paypall,17.5,Stationery,Online,Not Returned,UPS,Paris,High
190254,SKU_1288,Backpack,32,2023-08-14 02:00,96.77,,France,0.38,paypall,16.41,Stationery,Online,Not Returned,DHL,,High
224453,SKU_1638,Wireless Mouse,-29,2023-08-16 04:00,-65.83,,Belgium,1.952883140399411,Credit Card,,Furniture,Online,Not Returned,FedEx,,High
628082,SKU_1869,Desk Lamp,-27,2023-08-16 11:00,31.99,,United Kingdom,0.03,Credit Card,,Apparel,In-store,Not Returned,Royal Mail,,Medium
456241,SKU_1915,Wireless Mouse,14,2023-08-16 21:00,29.19,,United Kingdom,0.17,Bank Transfer,21.59,Stationery,Online,Not Returned,Royal Mail,,High
415308,SKU_1269,Notebook,30,2023-08-16 23:00,84.39,,Sweden,0.26,paypall,20.36,Apparel,In-store,Not Returned,Royal Mail,,Low
985023,SKU_1246,Wireless Mouse,21,2023-08-17 06:00,25.4,,Australia,0.07,Credit Card,22.85,Electronics,Online,Not Returned,Royal Mail,Rome,Low
298924,SKU_1742,Wall Clock,-20,2023-08-17 08:00,-45.15,,France,1.5958845703304796,Credit Card,,Accessories,Online,Not Returned,UPS,,High
599663,SKU_1249,Office Chair,48,2023-08-17 21:00,73.23,,Spain,0.3,paypall,19.69,Stationery,In-store,Not Returned,FedEx,,Medium
604642,SKU_1457,Wireless Mouse,37,2023-08-18 00:00,77.59,,United Kingdom,0.1,paypall,5.68,Furniture,In-store,Not Returned,Royal Mail,Paris,Medium
711445,SKU_1577,USB Cable,4,2023-08-19 13:00,73.85,,United States,0.42,Credit Card,8.5,Furniture,Online,Not Returned,Royal Mail,London,Medium
877671,SKU_1459,Desk Lamp,-25,2023-08-20 15:00,-52.28,,France,1.047363354460901,paypall,,Stationery,Online,Not Returned,UPS,,High
700465,SKU_1602,Wall Clock,14,2023-08-20 18:00,4.52,,Netherlands,0.02,Credit Card,9.77,Furniture,Online,Not Returned,Royal Mail,Amsterdam,Low
875348,SKU_1361,Notebook,-42,2023-08-21 05:00,-62.13,,Germany,1.818510703673248,Bank Transfer,,Furniture,Online,Not Returned,Royal Mail,,Medium
464385,SKU_1096,USB Cable,-22,2023-08-22 21:00,-47.35,,Spain,0.22,Bank Transfer,,Stationery,In-store,Not Returned,FedEx,,Low
946299,SKU_1925,T-shirt,-26,2023-08-23 04:00,63.19,,Belgium,0.14,Credit Card,,Accessories,Online,Not Returned,DHL,,Low
365853,SKU_1969,White Mug,15,2023-08-23 05:00,34.28,,Belgium,0.43,paypall,25.17,Apparel,Online,Not Returned,Royal Mail,,Low
372460,SKU_1183,Desk Lamp,21,2023-08-23 14:00,1.26,,France,0.39,Credit Card,27.35,Stationery,Online,Not Returned,UPS,,High
206276,SKU_1567,Office Chair,3,2023-08-23 17:00,5.17,,United Kingdom,0.39,Credit Card,6.89,Electronics,Online,Not Returned,FedEx,Paris,Low
915265,SKU_1385,Headphones,-14,2023-08-23 19:00,-69.52,,United Kingdom,0.41,Bank Transfer,,Stationery,Online,Not Returned,UPS,,High
417531,SKU_1525,Wireless Mouse,-40,2023-08-24 04:00,20.77,,France,0.43,paypall,,Electronics,In-store,Not Returned,Royal Mail,,High
877006,SKU_1892,Wireless Mouse,-22,2023-08-24 15:00,-9.78,,Spain,0.49,Credit Card,,Furniture,Online,Returned,FedEx,,Medium
253816,SKU_1040,Notebook,-44,2023-08-24 20:00,62.01,,United States,0.47,paypall,,Accessories,Online,Not Returned,UPS,,Low
997774,SKU_1657,USB Cable,29,2023-08-25 15:00,75.15,,Sweden,0.29,paypall,15.09,Apparel,Online,Returned,FedEx,Rome,Medium
432003,SKU_1576,Wall Clock,-10,2023-08-26 06:00,26.86,,Norway,0.26,Credit Card,,Apparel,In-store,Not Returned,FedEx,,High
891893,SKU_1107,Desk Lamp,7,2023-08-26 10:00,42.1,,United Kingdom,0.26,paypall,9.26,Furniture,Online,Not Returned,DHL,,Low
126038,SKU_1036,Headphones,26,2023-08-27 06:00,8.01,47475.0,United States,0.06,paypall,5.91,Accessories,Online,Not Returned,DHL,Berlin,High
707679,SKU_1292,Backpack,-7,2023-08-27 12:00,-64.13,,Italy,0.45,Bank Transfer,,Accessories,Online,Not Returned,UPS,,Low
299143,SKU_1065,T-shirt,20,2023-08-28 01:00,48.77,,Sweden,0.44,Bank Transfer,26.61,Stationery,Online,Not Returned,FedEx,,Low
940298,SKU_1394,Blue Pen,19,2023-08-28 02:00,70.54,,Portugal,0.27,Bank Transfer,26.13,Electronics,Online,Not Returned,Royal Mail,Amsterdam,Medium
432643,SKU_1973,Wall Clock,-42,2023-08-28 04:00,24.91,,Belgium,0.46,Bank Transfer,,Accessories,In-store,Not Returned,FedEx,,Medium
843346,SKU_1170,USB Cable,-37,2023-08-29 04:00,49.2,,Portugal,0.19,Credit Card,,Electronics,Online,Not Returned,FedEx,,Medium
187389,SKU_1887,Blue Pen,-30,2023-08-29 09:00,71.11,,Netherlands,0.29,Bank Transfer,,Apparel,Online,Not Returned,FedEx,,Low
713968,SKU_1321,Wall Clock,-37,2023-08-29 21:00,-63.1,,Portugal,1.858343135349482,paypall,,Furniture,In-store,Not Returned,DHL,,Low
370109,SKU_1862,Headphones,-44,2023-08-29 22:00,-94.52,,Spain,0.24,Bank Transfer,,Furniture,Online,Not Returned,DHL,,Low
381080,SKU_1323,Desk Lamp,-21,2023-08-30 03:00,-33.09,,United States,1.2319625810578885,Bank Transfer,,Furniture,Online,Not Returned,DHL,,High
587650,SKU_1828,Wireless Mouse,-29,2023-08-31 02:00,91.28,,France,0.1,Bank Transfer,,Apparel,Online,Not Returned,FedEx,,Medium
943252,SKU_1976,White Mug,-18,2023-08-31 04:00,96.75,,Belgium,0.21,Bank Transfer,,Furniture,In-store,Not Returned,DHL,,Medium
573574,SKU_1620,Desk Lamp,10,2023-08-31 07:00,98.57,,Norway,0.17,paypall,7.2,Apparel,Online,Not Returned,DHL,Paris,High
574656,SKU_1721,White Mug,-35,2023-08-31 19:00,-14.0,,Belgium,1.8891281954914825,paypall,,Accessories,In-store,Not Returned,DHL,,High
914206,SKU_1275,Office Chair,-35,2023-08-31 20:00,-77.39,,Portugal,1.8875765127315045,Credit Card,,Apparel,Online,Not Returned,UPS,,High
277195,SKU_1786,Headphones,44,2023-08-31 23:00,32.43,,Netherlands,0.49,Credit Card,6.0,Apparel,In-store,Not Returned,DHL,Berlin,Medium
793180,SKU_1034,Desk Lamp,35,2023-09-01 19:00,41.19,,Sweden,0.14,paypall,24.33,Electronics,Online,Not Returned,Royal Mail,London,High
467167,SKU_1839,White Mug,11,2023-09-02 05:00,1.88,,Spain,0.21,Credit Card,19.9,Stationery,Online,Not Returned,Royal Mail,,Medium
526596,SKU_1281,Headphones,24,2023-09-02 09:00,67.75,,Australia,0.02,Bank Transfer,5.85,Accessories,Online,Not Returned,Royal Mail,Paris,Medium
750087,SKU_1067,Wireless Mouse,38,2023-09-02 18:00,70.2,,Australia,0.41,Credit Card,9.07,Apparel,Online,Not Returned,UPS,Berlin,Medium
795684,SKU_1618,Notebook,-45,2023-09-03 07:00,77.72,,United States,0.32,Credit Card,,Apparel,In-store,Not Returned,DHL,,Medium
326685,SKU_1252,White Mug,9,2023-09-03 22:00,63.25,,Sweden,0.22,Credit Card,29.95,Apparel,In-store,Not Returned,Royal Mail,,Medium
757782,SKU_1944,White Mug,25,2023-09-04 03:00,96.83,,France,0.35,paypall,16.98,Stationery,In-store,Not Returned,FedEx,Berlin,High
915492,SKU_1378,Wireless Mouse,-46,2023-09-04 04:00,4.48,,United Kingdom,0.35,Credit Card,,Accessories,In-store,Not Returned,DHL,,High
638291,SKU_1492,Blue Pen,-8,2023-09-05 03:00,-37.59,,Norway,1.825464685599737,Bank Transfer,,Accessories,In-store,Not Returned,DHL,,High
974454,SKU_1344,Desk Lamp,33,2023-09-05 09:00,86.56,,Netherlands,0.01,Bank Transfer,7.45,Electronics,In-store,Not Returned,UPS,,Low
849230,SKU_1766,Desk Lamp,-9,2023-09-05 10:00,-11.03,,Italy,1.2028149997957849,Credit Card,,Electronics,In-store,Not Returned,UPS,,Low
831951,SKU_1648,USB Cable,-36,2023-09-05 16:00,-93.05,,France,0.15,Credit Card,,Stationery,Online,Not Returned,UPS,,Medium
946942,SKU_1444,White Mug,-48,2023-09-07 08:00,-10.28,,Australia,1.0319241772625292,Credit Card,,Electronics,In-store,Not Returned,FedEx,,Low
928634,SKU_1291,Office Chair,23,2023-09-07 09:00,98.56,,Belgium,0.42,paypall,11.15,Accessories,Online,Not Returned,DHL,Berlin,High
826893,SKU_1347,Backpack,32,2023-09-07 11:00,67.95,,Spain,0.12,paypall,24.52,Electronics,Online,Not Returned,FedEx,Rome,High
524001,SKU_1037,T-shirt,29,2023-09-07 20:00,71.44,,Italy,0.19,Credit Card,19.26,Electronics,Online,Not Returned,DHL,,High
654315,SKU_1048,Notebook,17,2023-09-08 11:00,73.88,,Australia,0.19,Bank Transfer,23.59,Furniture,Online,Returned,UPS,,High
997561,SKU_1314,Notebook,11,2023-09-10 07:00,5.11,,France,0.28,paypall,20.63,Electronics,Online,Not Returned,DHL,,Medium
805211,SKU_1244,Wall Clock,46,2023-09-10 13:00,40.56,,Netherlands,0.05,Credit Card,19.34,Furniture,In-store,Not Returned,DHL,,Medium
778972,SKU_1910,White Mug,-10,2023-09-11 11:00,97.89,,Sweden,0.19,paypall,,Furniture,In-store,Not Returned,Royal Mail,,High
657331,SKU_1054,Wall Clock,12,2023-09-11 17:00,45.4,,Belgium,0.06,Bank Transfer,28.57,Electronics,Online,Not Returned,FedEx,,Medium
316855,SKU_1727,Backpack,-33,2023-09-11 20:00,93.6,,Netherlands,0.13,Bank Transfer,,Electronics,In-store,Not Returned,FedEx,,Low
250111,SKU_1563,Notebook,47,2023-09-12 16:00,95.83,,France,0.48,Credit Card,11.38,Apparel,In-store,Not Returned,Royal Mail,Amsterdam,High
114017,SKU_1544,Wall Clock,36,2023-09-12 17:00,73.4,,United Kingdom,0.04,Bank Transfer,23.8,Stationery,In-store,Not Returned,DHL,,Low
925647,SKU_1740,Blue Pen,4,2023-09-12 20:00,81.01,,Netherlands,0.27,Credit Card,19.69,Electronics,In-store,Not Returned,DHL,Berlin,Medium
157943,SKU_1111,Notebook,-42,2023-09-13 00:00,30.67,,France,0.49,Bank Transfer,,Accessories,In-store,Not Returned,DHL,,Low
129152,SKU_1796,Desk Lamp,23,2023-09-13 09:00,6.28,,Netherlands,0.43,Bank Transfer,19.35,Electronics,In-store,Not Returned,FedEx,Berlin,Medium
781548,SKU_1979,Blue Pen,22,2023-09-13 13:00,30.7,,Norway,0.44,Credit Card,22.07,Electronics,Online,Not Returned,UPS,Amsterdam,Low
603793,SKU_1007,T-shirt,8,2023-09-13 22:00,49.17,,Netherlands,0.5,paypall,19.08,Stationery,Online,Not Returned,FedEx,Amsterdam,Low
735665,SKU_1439,Headphones,36,2023-09-14 06:00,6.39,,Sweden,0.14,paypall,26.42,Furniture,Online,Not Returned,Royal Mail,,Low
303753,SKU_1591,Backpack,20,2023-09-14 08:00,60.97,,France,0.11,Bank Transfer,26.94,Apparel,Online,Not Returned,DHL,London,Low
374353,SKU_1019,Notebook,-39,2023-09-14 12:00,-3.49,,Spain,0.4,Bank Transfer,,Accessories,In-store,Returned,UPS,,Low
200131,SKU_1100,Notebook,3,2023-09-15 05:00,73.13,,Italy,0.17,Credit Card,5.09,Stationery,In-store,Returned,FedEx,Amsterdam,High
706049,SKU_1915,Backpack,-30,2023-09-15 08:00,14.16,,Sweden,0.22,paypall,,Electronics,In-store,Not Returned,UPS,,Medium
407836,SKU_1720,USB Cable,-29,2023-09-15 15:00,-67.98,,Australia,1.5547290146427573,Bank Transfer,,Electronics,In-store,Not Returned,DHL,,High
721436,SKU_1999,T-shirt,40,2023-09-15 17:00,69.46,,Belgium,0.23,Credit Card,18.6,Furniture,In-store,Not Returned,FedEx,Rome,High
629893,SKU_1908,USB Cable,-38,2023-09-16 05:00,92.18,,Australia,0.11,paypall,,Stationery,In-store,Not Returned,DHL,,High
156492,SKU_1129,Wall Clock,26,2023-09-16 06:00,30.04,,Germany,0.09,Credit Card,11.67,Accessories,In-store,Not Returned,Royal Mail,,Low
598342,SKU_1301,Wall Clock,-46,2023-09-16 07:00,-94.05,,United States,1.3422265334260042,Bank Transfer,,Accessories,Online,Returned,DHL,,High
596405,SKU_1750,Notebook,45,2023-09-16 11:00,16.62,,Sweden,0.18,paypall,20.2,Stationery,Online,Not Returned,UPS,,High
352985,SKU_1020,Notebook,12,2023-09-16 16:00,72.43,,Portugal,0.42,Bank Transfer,10.89,Accessories,In-store,Not Returned,FedEx,Amsterdam,Low
145485,SKU_1768,Headphones,-16,2023-09-17 05:00,-70.8,,Australia,1.1781638525523077,paypall,,Stationery,In-store,Not Returned,FedEx,,High
684949,SKU_1546,Wireless Mouse,-6,2023-09-18 09:00,-35.02,,Sweden,0.3,paypall,,Stationery,Online,Not Returned,DHL,,Low
472195,SKU_1842,Wireless Mouse,-34,2023-09-18 11:00,54.99,,United Kingdom,0.44,Credit Card,,Furniture,Online,Not Returned,FedEx,,High
693510,SKU_1780,Office Chair,18,2023-09-18 21:00,8.19,,Sweden,0.38,Credit Card,27.47,Apparel,Online,Not Returned,DHL,,Low
108769,SKU_1940,USB Cable,37,2023-09-19 03:00,65.32,,Netherlands,0.25,paypall,27.86,Furniture,In-store,Not Returned,UPS,Paris,High
816123,SKU_1035,Desk Lamp,-27,2023-09-19 10:00,-18.41,,Sweden,0.35,paypall,,Furniture,Online,Not Returned,FedEx,,Low
763610,SKU_1408,Wall Clock,38,2023-09-19 22:00,71.71,,Italy,0.16,paypall,21.96,Electronics,In-store,Not Returned,Royal Mail,,Medium
121310,SKU_1864,Backpack,2,2023-09-20 01:00,75.25,,France,0.35,Bank Transfer,17.48,Furniture,In-store,Not Returned,FedEx,,Medium
884487,SKU_1869,T-shirt,42,2023-09-20 03:00,47.9,,United States,0.12,Credit Card,25.97,Apparel,In-store,Returned,DHL,,Low
346501,SKU_1575,Notebook,-15,2023-09-20 05:00,46.3,,Netherlands,0.47,paypall,,Stationery,In-store,Not Returned,FedEx,,Low
334099,SKU_1847,Headphones,35,2023-09-20 11:00,34.76,,Australia,0.09,Bank Transfer,22.29,Furniture,In-store,Not Returned,FedEx,Berlin,Medium
540686,SKU_1459,T-shirt,36,2023-09-20 18:00,86.41,,Netherlands,0.27,Credit Card,20.72,Apparel,In-store,Not Returned,UPS,London,High
237558,SKU_1361,USB Cable,-2,2023-09-20 19:00,18.12,,Belgium,0.46,Credit Card,,Stationery,Online,Returned,Royal Mail,,Medium
794618,SKU_1475,Blue Pen,27,2023-09-20 20:00,72.83,,United States,0.14,paypall,18.01,Apparel,Online,Returned,UPS,Paris,Low
347704,SKU_1184,Backpack,2,2023-09-20 22:00,12.08,,Netherlands,0.09,Credit Card,16.7,Apparel,In-store,Not Returned,DHL,London,Low
355223,SKU_1401,Wireless Mouse,2,2023-09-21 01:00,86.82,,Norway,0.01,Bank Transfer,29.54,Electronics,Online,Not Returned,DHL,Rome,High
580854,SKU_1385,Backpack,32,2023-09-21 20:00,16.33,,France,0.41,Bank Transfer,10.55,Electronics,Online,Not Returned,FedEx,Berlin,Low
373060,SKU_1900,USB Cable,21,2023-09-22 08:00,57.32,,Portugal,0.07,Credit Card,14.23,Furniture,Online,Not Returned,FedEx,Amsterdam,Low
961477,SKU_1401,Headphones,45,2023-09-22 10:00,85.72,,Belgium,0.39,Bank Transfer,16.56,Accessories,In-store,Returned,Royal Mail,,Medium
540875,SKU_1409,White Mug,29,2023-09-22 13:00,96.96,,Belgium,0.45,paypall,28.44,Accessories,Online,Not Returned,UPS,London,Low
848839,SKU_1453,Office Chair,19,2023-09-22 15:00,96.08,,United States,0.13,Bank Transfer,6.24,Apparel,In-store,Not Returned,UPS,Berlin,Medium
495881,SKU_1513,Blue Pen,-47,2023-09-23 03:00,6.89,,France,0.46,Credit Card,,Furniture,In-store,Not Returned,Royal Mail,,Low
779532,SKU_1928,White Mug,46,2023-09-23 07:00,11.81,,United States,0.37,paypall,12.4,Furniture,Online,Not Returned,FedEx,Rome,Medium
382031,SKU_1892,Notebook,30,2023-09-23 10:00,40.76,,Australia,0.09,Credit Card,5.14,Apparel,In-store,Not Returned,Royal Mail,Rome,Low
380257,SKU_1497,Wireless Mouse,26,2023-09-23 20:00,77.59,,Norway,0.26,Bank Transfer,21.99,Accessories,In-store,Not Returned,FedEx,Paris,High
322236,SKU_1703,Desk Lamp,19,2023-09-24 02:00,5.95,,Portugal,0.36,Credit Card,11.08,Furniture,Online,Not Returned,Royal Mail,,Low
628425,SKU_1224,Desk Lamp,32,2023-09-24 14:00,94.54,,United Kingdom,0.01,Bank Transfer,19.24,Stationery,In-store,Not Returned,UPS,London,Medium
714139,SKU_1762,USB Cable,33,2023-09-24 16:00,70.77,,Australia,0.21,Credit Card,21.84,Furniture,In-store,Not Returned,FedEx,Rome,High
921186,SKU_1438,Notebook,-4,2023-09-24 21:00,-97.16,,Germany,1.643452549490622,paypall,,Stationery,Online,Not Returned,UPS,,Low
681177,SKU_1064,Headphones,-10,2023-09-25 00:00,82.3,,Sweden,0.14,Bank Transfer,,Stationery,Online,Not Returned,UPS,,High
492069,SKU_1644,Office Chair,15,2023-09-25 06:00,75.02,,France,0.3,paypall,8.97,Apparel,Online,Not Returned,Royal Mail,London,Medium
186934,SKU_1598,Desk Lamp,24,2023-09-25 10:00,80.77,,Norway,0.4,Bank Transfer,7.74,Accessories,Online,Not Returned,FedEx,London,High
317252,SKU_1880,Wall Clock,-48,2023-09-25 12:00,-53.15,,Netherlands,0.17,Credit Card,,Accessories,In-store,Returned,UPS,,Medium
213655,SKU_1922,Wireless Mouse,11,2023-09-25 17:00,14.77,,United States,0.13,Bank Transfer,14.03,Accessories,Online,Not Returned,FedEx,,High
348562,SKU_1289,Backpack,47,2023-09-25 22:00,17.69,,Italy,0.22,Bank Transfer,16.63,Apparel,In-store,Not Returned,FedEx,,Medium
708671,SKU_1799,Office Chair,-8,2023-09-26 00:00,52.88,,Netherlands,0.21,paypall,,Accessories,In-store,Not Returned,FedEx,,Low
219755,SKU_1429,Wall Clock,-48,2023-09-26 06:00,-14.2,,France,0.04,Credit Card,,Stationery,In-store,Not Returned,FedEx,,Low
867539,SKU_1976,White Mug,21,2023-09-26 22:00,36.54,,Spain,0.39,paypall,23.47,Stationery,In-store,Not Returned,UPS,Berlin,Low
500704,SKU_1796,White Mug,-35,2023-09-26 23:00,-99.57,,Portugal,0.14,Credit Card,,Apparel,Online,Not Returned,FedEx,,High
310674,SKU_1520,USB Cable,-34,2023-09-28 20:00,-41.8,,Germany,0.26,paypall,,Electronics,In-store,Returned,DHL,,Low
122129,SKU_1938,Headphones,-3,2023-09-29 01:00,-27.53,,United States,1.107945890052965,Bank Transfer,,Furniture,In-store,Not Returned,Royal Mail,,Medium
130845,SKU_1521,Notebook,-41,2023-09-29 02:00,44.11,,Italy,0.28,paypall,,Apparel,Online,Not Returned,UPS,,Medium
496743,SKU_1724,Office Chair,-3,2023-09-29 23:00,46.49,,United States,0.16,Bank Transfer,,Apparel,Online,Not Returned,FedEx,,Medium
644531,SKU_1457,Backpack,36,2023-09-30 05:00,15.56,,Portugal,0.37,Bank Transfer,21.17,Stationery,In-store,Returned,UPS,Paris,Medium
174648,SKU_1140,Headphones,-29,2023-09-30 09:00,71.65,,Belgium,0.14,Credit Card,,Furniture,In-store,Not Returned,Royal Mail,,High
826844,SKU_1186,White Mug,-3,2023-10-01 09:00,-99.85,,Belgium,1.8783928388719568,Bank Transfer,,Electronics,In-store,Not Returned,FedEx,,Low
999429,SKU_1723,Notebook,-10,2023-10-01 10:00,-82.09,,Germany,0.07,Bank Transfer,,Accessories,Online,Not Returned,Royal Mail,,Medium
607619,SKU_1702,Blue Pen,5,2023-10-01 11:00,74.16,,Belgium,0.16,Bank Transfer,6.98,Furniture,Online,Not Returned,DHL,Berlin,Low
132835,SKU_1443,Desk Lamp,30,2023-10-01 21:00,90.76,,Italy,0.31,Bank Transfer,7.05,Stationery,In-store,Not Returned,DHL,,High
374346,SKU_1055,White Mug,33,2023-10-02 09:00,41.62,,United Kingdom,0.36,Credit Card,7.35,Furniture,In-store,Returned,FedEx,London,Low
738053,SKU_1795,Desk Lamp,37,2023-10-02 18:00,92.76,,United States,0.17,Bank Transfer,28.4,Apparel,Online,Not Returned,FedEx,Berlin,Low
184366,SKU_1516,Wireless Mouse,9,2023-10-03 06:00,95.99,,France,0.2,Credit Card,20.89,Electronics,Online,Not Returned,FedEx,Berlin,Medium
731806,SKU_1772,Wireless Mouse,9,2023-10-03 19:00,74.71,,Germany,0.41,Bank Transfer,10.09,Stationery,In-store,Not Returned,UPS,Amsterdam,Medium
657258,SKU_1527,Blue Pen,22,2023-10-04 10:00,24.27,,Sweden,0.3,Bank Transfer,15.53,Furniture,In-store,Not Returned,FedEx,Paris,Low
668376,SKU_1005,USB Cable,-31,2023-10-04 13:00,63.84,,France,0.28,Credit Card,,Electronics,Online,Not Returned,FedEx,,High
790912,SKU_1826,Wireless Mouse,-30,2023-10-04 20:00,29.41,,Germany,0.38,Credit Card,,Apparel,Online,Returned,DHL,,Medium
794524,SKU_1997,Backpack,-21,2023-10-05 04:00,-82.88,,Belgium,0.2,paypall,,Apparel,Online,Not Returned,FedEx,,Low
445607,SKU_1717,USB Cable,-44,2023-10-05 13:00,-48.99,,Italy,1.6222543611100957,Credit Card,,Accessories,Online,Not Returned,DHL,,Low
107386,SKU_1572,T-shirt,37,2023-10-06 02:00,8.06,,Italy,0.44,Credit Card,19.55,Stationery,In-store,Not Returned,FedEx,,High
805170,SKU_1258,Wall Clock,40,2023-10-06 09:00,1.57,,Portugal,0.45,Credit Card,25.34,Accessories,Online,Not Returned,Royal Mail,,Low
648774,SKU_1396,Backpack,27,2023-10-06 20:00,72.74,,Portugal,0.2,Bank Transfer,13.26,Stationery,Online,Returned,FedEx,Rome,High
885578,SKU_1718,T-shirt,13,2023-10-06 21:00,2.61,,Germany,0.42,paypall,28.84,Accessories,In-store,Not Returned,FedEx,Rome,Low
401410,SKU_1358,Blue Pen,5,2023-10-06 22:00,34.85,,Norway,0.31,Credit Card,20.84,Furniture,Online,Not Returned,DHL,London,High
148814,SKU_1090,Backpack,-6,2023-10-07 10:00,79.89,,Belgium,0.27,Credit Card,,Furniture,In-store,Not Returned,UPS,,Low
143525,SKU_1243,Desk Lamp,-26,2023-10-08 04:00,-27.13,,Norway,1.6779079004721824,Bank Transfer,,Stationery,In-store,Not Returned,FedEx,,High
226681,SKU_1584,Desk Lamp,-9,2023-10-08 05:00,29.27,,Norway,0.46,paypall,,Stationery,Online,Not Returned,UPS,,Low
783803,SKU_1644,Wireless Mouse,-42,2023-10-08 07:00,-80.48,,Spain,1.2275533851915472,paypall,,Electronics,Online,Not Returned,Royal Mail,,Low
164936,SKU_1626,Headphones,26,2023-10-08 09:00,21.45,,Norway,0.39,paypall,27.47,Electronics,In-store,Not Returned,Royal Mail,,High
151940,SKU_1882,Wireless Mouse,-31,2023-10-08 23:00,11.18,,Italy,0.5,Credit Card,,Furniture,In-store,Not Returned,UPS,,Low
897168,SKU_1450,Office Chair,24,2023-10-09 08:00,83.97,,Spain,0.33,Bank Transfer,29.39,Furniture,Online,Not Returned,DHL,Amsterdam,High
882277,SKU_1999,Office Chair,-33,2023-10-09 13:00,-38.67,,Italy,0.31,Bank Transfer,,Furniture,In-store,Not Returned,UPS,,Medium
974134,SKU_1027,White Mug,-16,2023-10-09 15:00,-2.72,,Australia,1.7213830937482113,Credit Card,,Apparel,In-store,Not Returned,Royal Mail,,Low
835756,SKU_1065,White Mug,7,2023-10-11 05:00,91.91,,Australia,0.08,paypall,16.74,Electronics,Online,Not Returned,UPS,Paris,High
825717,SKU_1142,Wall Clock,-37,2023-10-12 01:00,-20.33,,Spain,1.0633263679745664,paypall,,Accessories,Online,Not Returned,FedEx,,Medium
364621,SKU_1413,Desk Lamp,-30,2023-10-12 05:00,91.11,,Germany,0.01,Bank Transfer,,Stationery,In-store,Not Returned,DHL,,Medium
404567,SKU_1728,Wall Clock,-25,2023-10-12 07:00,71.71,,Netherlands,0.19,Credit Card,,Accessories,Online,Not Returned,FedEx,,High
438117,SKU_1344,Desk Lamp,20,2023-10-12 08:00,85.74,,Spain,0.1,paypall,16.67,Electronics,Online,Not Returned,DHL,London,Medium
987483,SKU_1124,Wall Clock,-16,2023-10-12 14:00,-59.72,,Netherlands,1.6234897654438871,Credit Card,,Electronics,Online,Not Returned,FedEx,,High
898407,SKU_1616,Notebook,18,2023-10-12 21:00,63.76,,Norway,0.49,Credit Card,21.52,Accessories,Online,Not Returned,Royal Mail,Rome,Low
674670,SKU_1983,White Mug,-8,2023-10-13 04:00,-80.97,,Netherlands,1.983865957035233,paypall,,Electronics,Online,Not Returned,UPS,,Low
698685,SKU_1429,T-shirt,7,2023-10-13 11:00,81.13,,United States,0.06,Bank Transfer,5.42,Electronics,In-store,Not Returned,UPS,,Medium
102634,SKU_1596,T-shirt,-29,2023-10-13 20:00,-30.96,,United Kingdom,1.757673512471703,paypall,,Electronics,In-store,Not Returned,FedEx,,Low
553928,SKU_1613,Backpack,6,2023-10-14 09:00,80.15,,Norway,0.36,paypall,9.26,Apparel,Online,Not Returned,FedEx,,Medium
679555,SKU_1283,USB Cable,-25,2023-10-14 11:00,-48.27,,Australia,1.3977179486357705,paypall,,Furniture,In-store,Returned,DHL,,Medium
210295,SKU_1728,Backpack,30,2023-10-15 10:00,44.03,,France,0.31,Bank Transfer,23.14,Apparel,Online,Returned,UPS,,High
967528,SKU_1744,Blue Pen,24,2023-10-16 05:00,55.45,,United Kingdom,0.41,Credit Card,5.33,Accessories,Online,Not Returned,Royal Mail,London,High
618726,SKU_1166,Desk Lamp,32,2023-10-16 12:00,40.49,,United States,0.14,Credit Card,9.26,Apparel,Online,Not Returned,UPS,Berlin,Low
581156,SKU_1548,Notebook,48,2023-10-16 16:00,57.27,,Spain,0.13,paypall,13.71,Stationery,In-store,Returned,UPS,Amsterdam,High
269271,SKU_1460,Notebook,35,2023-10-17 09:00,63.88,,United Kingdom,0.14,Credit Card,23.43,Stationery,In-store,Not Returned,DHL,Berlin,Low
185398,SKU_1721,T-shirt,6,2023-10-18 10:00,47.39,,France,0.14,Bank Transfer,17.24,Furniture,In-store,Not Returned,UPS,Amsterdam,Low
894755,SKU_1168,USB Cable,31,2023-10-18 16:00,19.3,,Sweden,0.4,Bank Transfer,5.99,Accessories,In-store,Not Returned,FedEx,,Medium
256319,SKU_1412,Desk Lamp,40,2023-10-18 22:00,72.8,,Australia,0.02,Bank Transfer,28.56,Stationery,Online,Not Returned,Royal Mail,Rome,Medium
460952,SKU_1838,Headphones,32,2023-10-18 23:00,72.72,,Netherlands,0.29,paypall,19.8,Accessories,Online,Not Returned,FedEx,Rome,Low
226193,SKU_1030,T-shirt,12,2023-10-19 15:00,13.79,,Sweden,0.33,paypall,12.78,Apparel,In-store,Not Returned,FedEx,Berlin,High
817653,SKU_1659,Wireless Mouse,-26,2023-10-19 20:00,87.31,,Portugal,0.34,Credit Card,,Electronics,In-store,Not Returned,DHL,,High
805443,SKU_1955,Headphones,-16,2023-10-20 10:00,-11.06,,Australia,1.571348322249896,Credit Card,,Accessories,Online,Not Returned,Royal Mail,,Medium
729382,SKU_1186,Headphones,-32,2023-10-20 15:00,-18.32,,Australia,1.8402611934956812,Bank Transfer,,Furniture,Online,Not Returned,UPS,,High
697816,SKU_1906,USB Cable,-25,2023-10-21 00:00,-71.25,,Norway,1.2201683904014045,Bank Transfer,,Furniture,In-store,Not Returned,FedEx,,Low
199354,SKU_1263,Wireless Mouse,16,2023-10-21 02:00,72.96,,Sweden,0.22,Credit Card,23.03,Furniture,Online,Not Returned,UPS,Rome,High
238333,SKU_1968,Backpack,33,2023-10-21 12:00,22.42,,United Kingdom,0.39,Bank Transfer,25.1,Apparel,Online,Not Returned,UPS,Paris,Medium
900122,SKU_1759,USB Cable,36,2023-10-21 16:00,5.45,,Netherlands,0.09,Bank Transfer,6.74,Apparel,In-store,Not Returned,DHL,,Medium
363509,SKU_1234,Backpack,29,2023-10-22 04:00,10.77,,Belgium,0.16,Bank Transfer,28.03,Furniture,Online,Not Returned,FedEx,Paris,Low
906532,SKU_1989,Wireless Mouse,22,2023-10-22 12:00,7.92,,Sweden,0.04,paypall,13.73,Electronics,Online,Returned,Royal Mail,Amsterdam,Medium
482907,SKU_1015,Backpack,-24,2023-10-22 13:00,-1.54,,France,0.33,Bank Transfer,,Stationery,Online,Not Returned,UPS,,Low
685933,SKU_1743,Office Chair,-40,2023-10-22 16:00,39.27,,Portugal,0.22,paypall,,Accessories,In-store,Not Returned,Royal Mail,,Medium
750761,SKU_1407,Backpack,47,2023-10-23 11:00,93.53,,Norway,0.18,Credit Card,14.15,Furniture,In-store,Not Returned,DHL,London,Medium
877331,SKU_1429,Desk Lamp,-1,2023-10-24 07:00,-12.51,,Belgium,1.4452250184362678,paypall,,Electronics,In-store,Returned,Royal Mail,,Medium
494048,SKU_1285,Headphones,26,2023-10-24 13:00,7.47,,Germany,0.03,Credit Card,18.56,Accessories,Online,Returned,UPS,,Medium
465944,SKU_1587,T-shirt,31,2023-10-25 13:00,70.13,,Belgium,0.32,Bank Transfer,26.63,Stationery,Online,Not Returned,Royal Mail,,High
738657,SKU_1240,White Mug,-23,2023-10-26 00:00,91.4,,United States,0.49,Bank Transfer,,Electronics,Online,Not Returned,DHL,,High
985464,SKU_1449,White Mug,-44,2023-10-26 07:00,27.72,,Belgium,0.45,paypall,,Electronics,In-store,Not Returned,UPS,,High
198328,SKU_1611,Headphones,-1,2023-10-26 16:00,-75.15,,Australia,1.439925969348126,Bank Transfer,,Furniture,Online,Not Returned,DHL,,High
471719,SKU_1430,White Mug,-13,2023-10-27 13:00,-4.34,,Sweden,0.31,Credit Card,,Apparel,Online,Not Returned,Royal Mail,,Low
132205,SKU_1652,White Mug,27,2023-10-27 20:00,25.55,,Portugal,0.15,Credit Card,7.19,Electronics,Online,Returned,Royal Mail,Berlin,Low
583321,SKU_1432,Office Chair,-46,2023-10-27 21:00,68.91,,Germany,0.4,Bank Transfer,,Electronics,In-store,Not Returned,UPS,,High
750489,SKU_1097,Wireless Mouse,-40,2023-10-28 04:00,77.25,,Norway,0.42,Bank Transfer,,Stationery,Online,Not Returned,UPS,,Low
863001,SKU_1854,Notebook,-19,2023-10-28 08:00,7.28,,Norway,0.18,paypall,,Stationery,Online,Not Returned,Royal Mail,,Medium
758206,SKU_1428,USB Cable,2,2023-10-28 23:00,27.54,,Netherlands,0.13,Credit Card,17.68,Electronics,Online,Not Returned,DHL,Rome,Medium
258691,SKU_1352,Headphones,-41,2023-10-29 04:00,7.74,,Italy,0.46,Bank Transfer,,Furniture,Online,Not Returned,UPS,,Medium
300349,SKU_1907,Blue Pen,-36,2023-10-30 10:00,-48.43,,Belgium,0.34,Credit Card,,Electronics,Online,Not Returned,UPS,,Medium
168858,SKU_1347,USB Cable,-5,2023-10-30 18:00,-21.4,,Italy,1.9647636957343744,Credit Card,,Furniture,In-store,Not Returned,DHL,,Low
561491,SKU_1973,Desk Lamp,48,2023-10-31 01:00,46.09,,Spain,0.23,paypall,6.59,Stationery,Online,Not Returned,DHL,Amsterdam,Medium
291883,SKU_1599,White Mug,23,2023-10-31 02:00,11.62,,Sweden,0.11,paypall,25.41,Stationery,Online,Not Returned,Royal Mail,Amsterdam,High
857831,SKU_1115,Wall Clock,-27,2023-10-31 03:00,64.67,,Portugal,0.35,paypall,,Furniture,Online,Not Returned,FedEx,,Medium
579207,SKU_1882,Wall Clock,-2,2023-11-01 00:00,-3.52,,Australia,0.1,Credit Card,,Furniture,Online,Not Returned,FedEx,,High
962645,SKU_1061,Wall Clock,-15,2023-11-01 06:00,72.93,,Sweden,0.43,paypall,,Electronics,In-store,Not Returned,FedEx,,Medium
916678,SKU_1570,Desk Lamp,29,2023-11-01 14:00,36.68,,United States,0.49,Bank Transfer,23.43,Apparel,Online,Not Returned,Royal Mail,,High
266449,SKU_1735,USB Cable,19,2023-11-02 07:00,23.31,,Spain,0.38,Credit Card,26.16,Stationery,In-store,Not Returned,FedEx,,Low
628197,SKU_1253,USB Cable,42,2023-11-02 08:00,14.59,,Spain,0.31,paypall,28.13,Furniture,In-store,Not Returned,UPS,Paris,Low
158527,SKU_1572,T-shirt,26,2023-11-02 12:00,3.31,,France,0.45,paypall,26.76,Apparel,Online,Not Returned,UPS,Rome,Medium
672959,SKU_1632,Office Chair,6,2023-11-03 19:00,53.54,,Italy,0.32,Credit Card,26.38,Apparel,Online,Not Returned,DHL,,Medium
465677,SKU_1967,Wall Clock,-7,2023-11-03 21:00,-63.91,,Belgium,0.17,Credit Card,,Stationery,Online,Not Returned,UPS,,Medium
565196,SKU_1269,Wireless Mouse,38,2023-11-04 04:00,38.79,,Spain,0.4,paypall,21.29,Furniture,In-store,Not Returned,FedEx,Berlin,Low
605193,SKU_1127,Notebook,16,2023-11-05 06:00,71.21,,Norway,0.05,Credit Card,29.78,Stationery,In-store,Not Returned,FedEx,,Low
341832,SKU_1776,White Mug,39,2023-11-05 08:00,49.91,,France,0.05,Bank Transfer,27.77,Apparel,In-store,Not Returned,UPS,,Medium
820203,SKU_1863,Wall Clock,-1,2023-11-06 11:00,-46.26,,United Kingdom,1.826801223751513,Bank Transfer,,Stationery,Online,Not Returned,UPS,,High
132800,SKU_1153,Wall Clock,-34,2023-11-06 18:00,-36.29,,United Kingdom,0.2,Bank Transfer,,Electronics,In-store,Returned,DHL,,Medium
213682,SKU_1155,White Mug,14,2023-11-07 05:00,98.23,,United Kingdom,0.44,Bank Transfer,6.42,Accessories,In-store,Not Returned,UPS,Berlin,Medium
692783,SKU_1511,T-shirt,26,2023-11-07 08:00,79.85,,United States,0.15,Credit Card,5.92,Furniture,In-store,Not Returned,Royal Mail,Rome,Medium
877422,SKU_1118,Headphones,-35,2023-11-07 18:00,-23.34,,France,0.07,Credit Card,,Electronics,Online,Not Returned,FedEx,,Low
419292,SKU_1165,Office Chair,39,2023-11-08 03:00,99.4,,Germany,0.34,paypall,9.2,Furniture,In-store,Not Returned,UPS,,High
517485,SKU_1502,Blue Pen,-10,2023-11-09 00:00,97.28,,Italy,0.44,Bank Transfer,,Furniture,In-store,Not Returned,Royal Mail,,Low
402417,SKU_1243,Wireless Mouse,16,2023-11-09 03:00,52.78,,United Kingdom,0.49,Bank Transfer,27.86,Electronics,Online,Not Returned,Royal Mail,Berlin,Medium
371300,SKU_1098,Blue Pen,-45,2023-11-10 19:00,-95.8,,Belgium,1.291666067416295,Bank Transfer,,Accessories,In-store,Returned,DHL,,High
422878,SKU_1391,Desk Lamp,18,2023-11-11 02:00,4.79,,Australia,0.19,Bank Transfer,9.93,Accessories,In-store,Not Returned,UPS,,Low
899397,SKU_1103,T-shirt,-3,2023-11-11 12:00,-17.68,,United States,1.4454819177709406,paypall,,Apparel,Online,Not Returned,Royal Mail,,High
673517,SKU_1775,Office Chair,-6,2023-11-11 17:00,-71.57,,Spain,0.08,paypall,,Furniture,In-store,Not Returned,DHL,,Medium
855823,SKU_1979,Notebook,-19,2023-11-11 18:00,71.2,,United Kingdom,0.16,paypall,,Accessories,Online,Not Returned,DHL,,Medium
834404,SKU_1346,Headphones,-19,2023-11-12 00:00,86.43,,Italy,0.18,paypall,,Accessories,In-store,Not Returned,UPS,,High
190236,SKU_1341,USB Cable,-9,2023-11-12 13:00,-6.93,,Netherlands,1.2292850994550446,Credit Card,,Apparel,Online,Not Returned,UPS,,Medium
766228,SKU_1919,Wireless Mouse,-24,2023-11-12 17:00,-24.44,,United States,0.34,Bank Transfer,,Accessories,Online,Returned,Royal Mail,,Low
718335,SKU_1525,Notebook,20,2023-11-12 19:00,4.47,,Italy,0.47,Bank Transfer,27.17,Accessories,In-store,Not Returned,Royal Mail,,Low
641716,SKU_1501,White Mug,-41,2023-11-12 20:00,-11.01,,Italy,0.45,Credit Card,,Accessories,Online,Not Returned,DHL,,Medium
295174,SKU_1198,T-shirt,-8,2023-11-13 11:00,51.86,,Sweden,0.49,Credit Card,,Furniture,Online,Not Returned,FedEx,,Low
659070,SKU_1544,Blue Pen,-36,2023-11-13 12:00,6.44,,Australia,0.04,paypall,,Electronics,In-store,Not Returned,UPS,,Low
170160,SKU_1818,USB Cable,23,2023-11-13 13:00,24.6,,Sweden,0.5,Bank Transfer,11.53,Apparel,In-store,Not Returned,Royal Mail,,High
980623,SKU_1908,Notebook,-15,2023-11-14 17:00,-92.04,,United States,1.84268743346039,paypall,,Electronics,In-store,Not Returned,Royal Mail,,Low
860198,SKU_1970,Notebook,-6,2023-11-14 22:00,-72.7,,Spain,0.12,Credit Card,,Apparel,Online,Not Returned,FedEx,,Medium
739425,SKU_1813,Desk Lamp,-39,2023-11-14 23:00,-68.09,,Australia,1.9383092435349427,Credit Card,,Stationery,In-store,Not Returned,FedEx,,High
924580,SKU_1500,Headphones,31,2023-11-15 02:00,92.46,,Netherlands,0.24,Bank Transfer,20.79,Apparel,In-store,Not Returned,UPS,,High
865245,SKU_1286,Backpack,-38,2023-11-17 00:00,20.44,,Spain,0.09,paypall,,Electronics,In-store,Not Returned,UPS,,High
188499,SKU_1285,USB Cable,-26,2023-11-17 08:00,-69.18,,Australia,1.8099846062173464,paypall,,Stationery,Online,Not Returned,UPS,,High
890296,SKU_1409,USB Cable,8,2023-11-17 16:00,63.56,,Portugal,0.06,Bank Transfer,17.84,Furniture,Online,Not Returned,DHL,,High
700485,SKU_1255,Wall Clock,-37,2023-11-17 17:00,12.05,,Sweden,0.03,Credit Card,,Stationery,In-store,Returned,Royal Mail,,High
394524,SKU_1530,Blue Pen,39,2023-11-17 22:00,32.02,,Italy,0.31,Credit Card,7.0,Furniture,Online,Not Returned,UPS,Amsterdam,Medium
141284,SKU_1611,Wall Clock,9,2023-11-17 23:00,82.58,,Spain,0.28,Credit Card,26.51,Electronics,In-store,Returned,Royal Mail,Amsterdam,Low
635613,SKU_1797,Blue Pen,-37,2023-11-18 07:00,41.54,,Italy,0.46,paypall,,Accessories,In-store,Not Returned,Royal Mail,,Medium
468692,SKU_1398,Desk Lamp,23,2023-11-20 03:00,72.28,,United Kingdom,0.0,Credit Card,5.45,Stationery,Online,Not Returned,UPS,,High
399459,SKU_1303,Backpack,-21,2023-11-20 06:00,-70.62,,United States,0.37,paypall,,Accessories,Online,Not Returned,UPS,,High
482323,SKU_1363,T-shirt,-50,2023-11-20 11:00,-85.05,,Germany,1.5341604444362575,Credit Card,,Accessories,In-store,Not Returned,Royal Mail,,Low
704554,SKU_1830,T-shirt,-24,2023-11-20 14:00,-28.11,,Netherlands,0.12,paypall,,Furniture,In-store,Not Returned,Royal Mail,,Low
786342,SKU_1873,Blue Pen,28,2023-11-20 23:00,30.81,,Netherlands,0.31,Credit Card,12.92,Stationery,In-store,Not Returned,UPS,,Low
909197,SKU_1907,Desk Lamp,45,2023-11-21 13:00,60.87,,Italy,0.19,Credit Card,16.0,Accessories,Online,Not Returned,Royal Mail,Berlin,Medium
641010,SKU_1962,White Mug,-39,2023-11-22 03:00,-79.34,,Sweden,1.5981077758647602,Bank Transfer,,Furniture,Online,Not Returned,Royal Mail,,High
629092,SKU_1521,Office Chair,46,2023-11-23 00:00,96.81,,Belgium,0.4,paypall,24.92,Electronics,Online,Not Returned,Royal Mail,Berlin,High
796325,SKU_1323,Desk Lamp,-12,2023-11-23 10:00,9.8,,United Kingdom,0.37,Credit Card,,Furniture,Online,Returned,Royal Mail,,Low
209777,SKU_1426,Backpack,15,2023-11-24 15:00,25.54,,Netherlands,0.13,Credit Card,25.09,Accessories,In-store,Not Returned,FedEx,Paris,High
351917,SKU_1536,Office Chair,44,2023-11-24 23:00,62.2,,United Kingdom,0.42,Credit Card,21.69,Furniture,Online,Returned,DHL,Amsterdam,High
955832,SKU_1665,White Mug,-6,2023-11-25 00:00,89.6,,Belgium,0.16,Credit Card,,Apparel,Online,Returned,FedEx,,High
964063,SKU_1658,T-shirt,-1,2023-11-26 11:00,39.73,,Belgium,0.26,paypall,,Stationery,Online,Not Returned,Royal Mail,,Medium
932767,SKU_1426,Wireless Mouse,-16,2023-11-26 12:00,-14.88,,Italy,1.5742193819294448,Credit Card,,Furniture,In-store,Returned,UPS,,Medium
134723,SKU_1214,White Mug,-16,2023-11-26 16:00,56.32,,United States,0.3,Credit Card,,Apparel,In-store,Not Returned,Royal Mail,,Low
818684,SKU_1287,T-shirt,6,2023-11-27 06:00,59.61,,France,0.2,paypall,27.38,Apparel,In-store,Not Returned,DHL,London,Medium
887443,SKU_1132,Blue Pen,-44,2023-11-27 08:00,-67.64,,Italy,0.43,paypall,,Apparel,In-store,Not Returned,Royal Mail,,Low
965212,SKU_1591,T-shirt,-26,2023-11-27 14:00,55.37,,Sweden,0.17,Bank Transfer,,Accessories,In-store,Not Returned,UPS,,High
575354,SKU_1866,Blue Pen,-2,2023-11-27 15:00,-67.65,,United States,0.08,paypall,,Accessories,In-store,Returned,Royal Mail,,Medium
874957,SKU_1137,Wireless Mouse,42,2023-11-28 05:00,98.24,,Sweden,0.32,paypall,9.76,Apparel,In-store,Not Returned,FedEx,,Medium
284933,SKU_1130,White Mug,-47,2023-11-28 06:00,96.73,,United States,0.23,paypall,,Accessories,Online,Not Returned,UPS,,Medium
621626,SKU_1634,Blue Pen,40,2023-11-28 09:00,11.41,,Sweden,0.49,paypall,5.51,Accessories,Online,Not Returned,UPS,Paris,Medium
867650,SKU_1784,Notebook,-10,2023-11-28 13:00,-72.21,,United States,0.25,paypall,,Stationery,In-store,Not Returned,UPS,,Low
700715,SKU_1285,Office Chair,-10,2023-11-29 10:00,-60.1,,France,1.409494273433075,Credit Card,,Stationery,In-store,Not Returned,DHL,,Medium
891269,SKU_1442,Wireless Mouse,19,2023-11-29 17:00,57.93,,Australia,0.45,paypall,7.7,Electronics,Online,Not Returned,FedEx,Rome,Low
721445,SKU_1359,T-shirt,-15,2023-11-29 22:00,-15.96,,Italy,1.576874789130092,Bank Transfer,,Apparel,In-store,Returned,Royal Mail,,Medium
345907,SKU_1120,USB Cable,-22,2023-11-29 23:00,15.77,,France,0.08,Credit Card,,Apparel,Online,Not Returned,FedEx,,Low
972689,SKU_1847,Headphones,9,2023-11-30 13:00,50.3,,Norway,0.01,Credit Card,6.58,Furniture,In-store,Not Returned,UPS,,High
445881,SKU_1804,Blue Pen,-39,2023-12-01 00:00,8.99,,Italy,0.08,Credit Card,,Stationery,Online,Not Returned,FedEx,,Low
331560,SKU_1712,Backpack,-49,2023-12-01 14:00,-66.53,,Italy,1.1443197541565528,Bank Transfer,,Accessories,Online,Not Returned,DHL,,Low
298547,SKU_1087,Headphones,-46,2023-12-02 01:00,-56.49,,Portugal,1.9185193985497715,paypall,,Furniture,Online,Not Returned,DHL,,Medium
926200,SKU_1169,USB Cable,42,2023-12-02 23:00,37.14,,France,0.09,Credit Card,10.33,Electronics,In-store,Not Returned,DHL,Rome,Low
830505,SKU_1987,Office Chair,31,2023-12-03 09:00,69.7,,Sweden,0.13,Bank Transfer,21.66,Apparel,In-store,Not Returned,DHL,,High
350942,SKU_1515,Desk Lamp,26,2023-12-03 17:00,26.16,,Portugal,0.08,paypall,24.31,Apparel,In-store,Returned,Royal Mail,Berlin,High
164430,SKU_1737,USB Cable,-10,2023-12-03 22:00,91.81,,Portugal,0.45,Credit Card,,Accessories,In-store,Not Returned,FedEx,,Medium
583649,SKU_1683,Office Chair,33,2023-12-04 09:00,39.39,,Portugal,0.25,Credit Card,8.04,Accessories,In-store,Not Returned,DHL,Berlin,Medium
246874,SKU_1292,Wall Clock,6,2023-12-04 20:00,26.0,,France,0.46,Bank Transfer,17.81,Accessories,Online,Not Returned,DHL,,Low
844997,SKU_1989,USB Cable,-6,2023-12-05 02:00,6.21,,Australia,0.1,paypall,,Electronics,Online,Not Returned,UPS,,Low
274943,SKU_1255,Blue Pen,20,2023-12-05 10:00,73.56,,Germany,0.01,Credit Card,9.24,Apparel,Online,Not Returned,UPS,Berlin,High
496429,SKU_1253,Notebook,36,2023-12-05 16:00,50.95,,Australia,0.45,Credit Card,17.13,Accessories,In-store,Not Returned,Royal Mail,London,Low
831989,SKU_1438,Blue Pen,-21,2023-12-05 22:00,-87.72,,Germany,1.3726584933132195,Bank Transfer,,Furniture,In-store,Not Returned,FedEx,,High
968894,SKU_1408,Headphones,-39,2023-12-06 21:00,-48.75,,Norway,1.272553554096217,Bank Transfer,,Electronics,Online,Not Returned,Royal Mail,,Low
679274,SKU_1309,Office Chair,-1,2023-12-07 22:00,-34.04,,Sweden,1.55809087763615,Credit Card,,Furniture,Online,Not Returned,Royal Mail,,Medium
828445,SKU_1576,Desk Lamp,48,2023-12-08 00:00,62.09,,United States,0.43,paypall,25.49,Apparel,In-store,Not Returned,Royal Mail,,Medium
152340,SKU_1451,Headphones,8,2023-12-08 16:00,78.73,,Italy,0.34,Credit Card,11.41,Apparel,In-store,Not Returned,UPS,,Medium
807036,SKU_1148,Notebook,-31,2023-12-08 23:00,76.88,,Norway,0.21,Bank Transfer,,Furniture,In-store,Not Returned,DHL,,High
316622,SKU_1478,Wall Clock,-39,2023-12-09 02:00,-73.11,,France,0.23,paypall,,Furniture,In-store,Not Returned,DHL,,Medium
228595,SKU_1150,Office Chair,4,2023-12-09 08:00,39.83,,Spain,0.11,Bank Transfer,19.42,Accessories,Online,Not Returned,DHL,,Low
581159,SKU_1877,Wall Clock,6,2023-12-09 21:00,34.48,,United Kingdom,0.19,Credit Card,16.37,Apparel,In-store,Not Returned,DHL,,Medium
765430,SKU_1717,Blue Pen,40,2023-12-10 00:00,21.45,,Australia,0.37,Bank Transfer,10.17,Apparel,In-store,Not Returned,UPS,,Low
621537,SKU_1643,Desk Lamp,10,2023-12-10 07:00,22.54,,Germany,0.18,paypall,6.37,Apparel,In-store,Not Returned,UPS,,High
883843,SKU_1593,Backpack,41,2023-12-10 12:00,91.39,,Netherlands,0.01,Bank Transfer,7.96,Furniture,Online,Not Returned,DHL,Rome,Medium
321692,SKU_1968,Headphones,32,2023-12-11 01:00,63.48,,Italy,0.06,Bank Transfer,20.65,Apparel,In-store,Not Returned,Royal Mail,,High
117945,SKU_1509,Office Chair,-39,2023-12-11 11:00,31.86,,Belgium,0.32,Bank Transfer,,Stationery,Online,Returned,Royal Mail,,Low
186884,SKU_1806,Backpack,-40,2023-12-12 05:00,39.96,,United Kingdom,0.23,Bank Transfer,,Stationery,Online,Returned,FedEx,,Medium
973589,SKU_1204,Desk Lamp,14,2023-12-13 00:00,83.91,,Belgium,0.17,Credit Card,12.31,Electronics,Online,Not Returned,Royal Mail,Amsterdam,Low
681491,SKU_1731,Blue Pen,-50,2023-12-13 04:00,-98.19,,Norway,0.13,Bank Transfer,,Electronics,Online,Not Returned,DHL,,High
172649,SKU_1829,White Mug,-36,2023-12-13 08:00,-47.5,,Netherlands,1.6804633739235002,Credit Card,,Furniture,Online,Not Returned,FedEx,,Medium
747404,SKU_1831,Notebook,-16,2023-12-14 14:00,-55.64,,Sweden,0.02,Credit Card,,Apparel,In-store,Not Returned,Royal Mail,,Medium
757620,SKU_1764,Blue Pen,-29,2023-12-14 16:00,94.66,,Australia,0.1,Credit Card,,Stationery,In-store,Not Returned,FedEx,,High
885254,SKU_1395,White Mug,-42,2023-12-15 10:00,-55.04,,United Kingdom,1.6951715368996556,Credit Card,,Stationery,In-store,Not Returned,DHL,,Medium
946261,SKU_1524,T-shirt,-38,2023-12-15 14:00,-2.73,,Italy,1.145406032231572,paypall,,Accessories,Online,Not Returned,UPS,,Medium
207399,SKU_1551,Desk Lamp,-25,2023-12-15 17:00,-76.05,,Netherlands,1.072973665152351,Bank Transfer,,Stationery,Online,Not Returned,Royal Mail,,Medium
861597,SKU_1193,Headphones,-15,2023-12-16 22:00,84.94,,France,0.02,Credit Card,,Accessories,In-store,Not Returned,DHL,,High
974427,SKU_1760,Notebook,-36,2023-12-17 13:00,92.6,,Belgium,0.17,paypall,,Apparel,Online,Not Returned,DHL,,Low
117942,SKU_1856,Wireless Mouse,26,2023-12-17 16:00,30.76,,Germany,0.05,Credit Card,17.65,Furniture,Online,Not Returned,UPS,,Medium
105492,SKU_1297,T-shirt,35,2023-12-18 05:00,11.39,,Germany,0.22,paypall,20.28,Electronics,Online,Not Returned,Royal Mail,,High
824162,SKU_1400,Blue Pen,-39,2023-12-18 09:00,-3.13,,Sweden,0.41,paypall,,Accessories,Online,Not Returned,UPS,,Medium
302517,SKU_1523,Backpack,22,2023-12-18 10:00,2.05,,Italy,0.0,Credit Card,28.95,Accessories,In-store,Not Returned,DHL,Paris,Medium
732793,SKU_1980,T-shirt,6,2023-12-19 07:00,14.65,,France,0.19,Credit Card,8.06,Stationery,Online,Not Returned,FedEx,Paris,Medium
762342,SKU_1605,Headphones,24,2023-12-19 18:00,65.29,,Spain,0.45,Bank Transfer,20.07,Furniture,In-store,Not Returned,Royal Mail,Berlin,High
587154,SKU_1331,Headphones,10,2023-12-20 01:00,96.73,,Belgium,0.18,Bank Transfer,6.46,Accessories,In-store,Not Returned,FedEx,Berlin,Medium
474884,SKU_1584,Notebook,23,2023-12-20 21:00,91.14,,France,0.32,Credit Card,25.8,Accessories,Online,Not Returned,DHL,Berlin,Medium
169726,SKU_1188,Headphones,-43,2023-12-21 05:00,-64.83,,Norway,0.49,Credit Card,,Apparel,Online,Not Returned,Royal Mail,,Low
163564,SKU_1981,Wall Clock,-15,2023-12-21 23:00,-48.93,,Sweden,0.36,Credit Card,,Furniture,Online,Not Returned,UPS,,Low
159977,SKU_1536,Office Chair,-22,2023-12-22 02:00,66.87,,Norway,0.43,paypall,,Accessories,Online,Not Returned,DHL,,Low
907630,SKU_1904,Notebook,10,2023-12-22 10:00,92.11,,Norway,0.36,Bank Transfer,29.28,Apparel,Online,Not Returned,DHL,,Low
617103,SKU_1394,Notebook,-38,2023-12-22 11:00,89.4,,Spain,0.28,Bank Transfer,,Electronics,In-store,Returned,DHL,,High
628628,SKU_1846,Headphones,-34,2023-12-23 04:00,-71.62,,Netherlands,0.41,Credit Card,,Apparel,In-store,Not Returned,FedEx,,Medium
812788,SKU_1339,White Mug,-31,2023-12-23 07:00,-60.23,,Norway,0.22,paypall,,Stationery,In-store,Not Returned,DHL,,Medium
104718,SKU_1300,Desk Lamp,23,2023-12-24 08:00,9.96,,Australia,0.11,paypall,6.37,Stationery,In-store,Not Returned,FedEx,Berlin,Medium
644246,SKU_1582,Office Chair,26,2023-12-24 20:00,43.32,,Germany,0.41,Credit Card,5.71,Accessories,Online,Not Returned,DHL,Rome,High
322811,SKU_1886,USB Cable,-24,2023-12-24 21:00,34.95,,France,0.31,Bank Transfer,,Apparel,In-store,Not Returned,UPS,,High
727314,SKU_1919,Wall Clock,-17,2023-12-24 23:00,53.48,,United States,0.36,paypall,,Stationery,In-store,Returned,FedEx,,High
996414,SKU_1795,Notebook,11,2023-12-26 01:00,64.66,,Italy,0.46,Bank Transfer,18.28,Accessories,Online,Not Returned,DHL,,High
433246,SKU_1452,Wall Clock,38,2023-12-26 05:00,30.28,,United Kingdom,0.04,paypall,18.49,Apparel,In-store,Not Returned,FedEx,,Medium
395519,SKU_1272,White Mug,-39,2023-12-26 07:00,-76.39,,Germany,1.2482664415579756,Credit Card,,Apparel,In-store,Not Returned,DHL,,High
289576,SKU_1040,Blue Pen,-21,2023-12-26 16:00,42.04,,Italy,0.48,Bank Transfer,,Accessories,In-store,Not Returned,UPS,,Low
669029,SKU_1436,Backpack,3,2023-12-27 23:00,13.78,,Netherlands,0.29,paypall,28.68,Furniture,Online,Not Returned,UPS,,Medium
597800,SKU_1803,Headphones,4,2023-12-28 06:00,83.49,,Sweden,0.19,Bank Transfer,27.84,Furniture,Online,Not Returned,FedEx,Rome,Medium
919978,SKU_1015,T-shirt,11,2023-12-28 07:00,53.24,,Italy,0.04,Bank Transfer,22.01,Stationery,In-store,Returned,FedEx,Berlin,Medium
234547,SKU_1982,Headphones,-41,2023-12-28 08:00,-18.5,,Netherlands,0.33,Credit Card,,Electronics,Online,Not Returned,UPS,,Low
310582,SKU_1482,Wireless Mouse,24,2023-12-29 01:00,92.03,,Australia,0.15,Credit Card,13.83,Electronics,Online,Not Returned,FedEx,Berlin,Medium
739327,SKU_1954,Wireless Mouse,13,2023-12-29 02:00,92.87,,Norway,0.3,paypall,27.39,Furniture,Online,Returned,DHL,,High
121637,SKU_1274,Notebook,-32,2023-12-29 10:00,58.75,,Portugal,0.23,Bank Transfer,,Apparel,Online,Not Returned,UPS,,Medium
820678,SKU_1191,Desk Lamp,-39,2023-12-29 19:00,-85.51,,France,1.111511855406187,Bank Transfer,,Furniture,Online,Not Returned,Royal Mail,,High
982827,SKU_1338,Notebook,13,2023-12-29 22:00,90.43,,Netherlands,0.14,paypall,23.84,Apparel,Online,Not Returned,UPS,,Medium
175764,SKU_1005,Blue Pen,-21,2023-12-30 02:00,-79.04,,Sweden,0.11,Credit Card,,Electronics,In-store,Not Returned,FedEx,,High
540597,SKU_1026,Wall Clock,-41,2023-12-30 06:00,94.23,,Spain,0.1,paypall,,Stationery,In-store,Not Returned,FedEx,,High
315555,SKU_1104,Headphones,-45,2023-12-30 07:00,50.64,,United Kingdom,0.24,Bank Transfer,,Furniture,Online,Not Returned,Royal Mail,,Medium
765593,SKU_1448,USB Cable,14,2023-12-31 00:00,61.21,,Spain,0.11,Credit Card,6.89,Electronics,In-store,Returned,DHL,,Low
787975,SKU_1715,Backpack,21,2023-12-31 04:00,20.05,,Spain,0.13,Credit Card,12.53,Accessories,In-store,Not Returned,UPS,,Medium
357789,SKU_1549,Headphones,-9,2023-12-31 09:00,-88.87,,France,1.2080323313878143,paypall,,Apparel,In-store,Not Returned,UPS,,Medium
246001,SKU_1166,White Mug,-42,2024-01-01 06:00,-95.37,,Norway,1.1960296587430357,Credit Card,,Furniture,Online,Not Returned,UPS,,Medium
685349,SKU_1117,Wall Clock,-42,2024-01-01 13:00,92.21,,Italy,0.04,Bank Transfer,,Stationery,Online,Not Returned,UPS,,Medium
332791,SKU_1673,T-shirt,37,2024-01-01 14:00,85.25,,Portugal,0.22,Bank Transfer,17.14,Electronics,Online,Not Returned,DHL,,Medium
338457,SKU_1542,T-shirt,2,2024-01-02 02:00,31.01,,Australia,0.29,paypall,22.68,Stationery,Online,Not Returned,Royal Mail,,Medium
905891,SKU_1868,Office Chair,19,2024-01-02 09:00,7.69,,Belgium,0.47,Credit Card,25.6,Electronics,Online,Returned,UPS,Paris,Medium
995766,SKU_1198,White Mug,47,2024-01-02 14:00,27.99,,Australia,0.15,paypall,28.15,Electronics,In-store,Not Returned,FedEx,,Medium
645607,SKU_1129,Wireless Mouse,22,2024-01-02 18:00,77.55,,Norway,0.22,Bank Transfer,9.58,Accessories,In-store,Returned,DHL,,Low
625759,SKU_1240,Office Chair,28,2024-01-04 12:00,42.96,,Norway,0.41,Bank Transfer,5.88,Accessories,Online,Not Returned,UPS,,Medium
587363,SKU_1648,T-shirt,-7,2024-01-04 20:00,74.84,,Sweden,0.41,Bank Transfer,,Apparel,In-store,Not Returned,UPS,,Low
724197,SKU_1526,USB Cable,44,2024-01-04 23:00,72.04,,Sweden,0.12,Credit Card,24.92,Accessories,In-store,Not Returned,Royal Mail,,Medium
188859,SKU_1228,Headphones,-11,2024-01-05 01:00,68.94,,Spain,0.19,Bank Transfer,,Furniture,Online,Not Returned,UPS,,High
585896,SKU_1610,Backpack,24,2024-01-06 20:00,91.69,,Germany,0.34,Credit Card,8.37,Furniture,Online,Not Returned,DHL,Berlin,Medium
908459,SKU_1184,USB Cable,-33,2024-01-07 02:00,-29.26,,United Kingdom,0.47,paypall,,Furniture,Online,Not Returned,UPS,,Low
443457,SKU_1350,Wireless Mouse,11,2024-01-07 05:00,90.91,,France,0.07,Bank Transfer,12.17,Apparel,Online,Not Returned,DHL,,High
123549,SKU_1241,Blue Pen,-2,2024-01-07 19:00,54.82,,Norway,0.39,Credit Card,,Stationery,Online,Not Returned,Royal Mail,,High
167967,SKU_1524,White Mug,24,2024-01-08 03:00,30.86,,Australia,0.05,Credit Card,17.7,Apparel,Online,Not Returned,UPS,,Low
894939,SKU_1375,Blue Pen,-21,2024-01-08 07:00,61.08,,Spain,0.43,Credit Card,,Accessories,Online,Not Returned,DHL,,High
540970,SKU_1046,Blue Pen,7,2024-01-08 14:00,84.0,,Germany,0.02,Credit Card,24.96,Furniture,In-store,Not Returned,UPS,,Low
532590,SKU_1035,Headphones,27,2024-01-08 19:00,2.57,,Australia,0.23,Bank Transfer,6.58,Stationery,In-store,Not Returned,FedEx,Berlin,High
942013,SKU_1798,Wall Clock,-16,2024-01-09 03:00,-11.99,,Netherlands,1.7754338630524975,Bank Transfer,,Electronics,In-store,Not Returned,FedEx,,Medium
496961,SKU_1523,Headphones,18,2024-01-09 11:00,57.61,,Sweden,0.23,Credit Card,16.7,Electronics,In-store,Returned,Royal Mail,Rome,High
150557,SKU_1345,Headphones,20,2024-01-09 17:00,60.18,,Germany,0.06,Bank Transfer,6.93,Furniture,Online,Not Returned,UPS,Berlin,Medium
384618,SKU_1184,USB Cable,37,2024-01-09 19:00,20.79,,Australia,0.3,paypall,20.51,Accessories,In-store,Not Returned,Royal Mail,Paris,Low
839316,SKU_1271,Wall Clock,-26,2024-01-09 21:00,-69.92,,Germany,1.2274040812367426,Credit Card,,Electronics,Online,Not Returned,DHL,,High
193789,SKU_1386,Notebook,23,2024-01-10 13:00,22.49,,Australia,0.47,Credit Card,22.38,Apparel,Online,Not Returned,Royal Mail,,Low
430644,SKU_1365,Office Chair,-18,2024-01-10 22:00,-76.15,,Norway,1.2233931811113772,Credit Card,,Electronics,In-store,Returned,FedEx,,Low
820457,SKU_1489,Blue Pen,12,2024-01-11 05:00,42.13,,Germany,0.42,Bank Transfer,22.66,Accessories,Online,Not Returned,Royal Mail,Amsterdam,Low
913422,SKU_1095,White Mug,24,2024-01-11 09:00,36.61,,France,0.38,Bank Transfer,24.02,Apparel,Online,Returned,FedEx,London,High
976218,SKU_1346,USB Cable,38,2024-01-11 16:00,25.94,,Italy,0.21,Bank Transfer,26.64,Accessories,Online,Returned,DHL,,Low
149887,SKU_1343,Wall Clock,-19,2024-01-11 21:00,-60.18,,France,1.8331557176384663,Credit Card,,Furniture,In-store,Not Returned,Royal Mail,,High
121643,SKU_1404,Wall Clock,-6,2024-01-12 06:00,-8.87,,United Kingdom,1.2511513607756826,paypall,,Apparel,Online,Returned,UPS,,High
661267,SKU_1156,Wireless Mouse,5,2024-01-12 17:00,26.5,,Portugal,0.01,Credit Card,12.18,Accessories,In-store,Not Returned,Royal Mail,,High
100290,SKU_1850,USB Cable,-21,2024-01-12 22:00,13.23,,Spain,0.32,Bank Transfer,,Accessories,In-store,Returned,DHL,,Medium
928849,SKU_1201,White Mug,47,2024-01-12 23:00,60.81,,United States,0.35,Credit Card,21.24,Apparel,Online,Not Returned,Royal Mail,Rome,Low
824294,SKU_1235,Wireless Mouse,3,2024-01-13 14:00,41.76,,United Kingdom,0.34,paypall,26.0,Furniture,Online,Not Returned,UPS,Amsterdam,Medium
392150,SKU_1539,Wall Clock,-2,2024-01-14 00:00,-5.91,,Italy,0.04,paypall,,Electronics,Online,Not Returned,UPS,,Low
606218,SKU_1500,Wall Clock,12,2024-01-14 13:00,18.95,,Portugal,0.05,Credit Card,13.59,Electronics,In-store,Returned,UPS,Rome,High
891767,SKU_1125,Wireless Mouse,45,2024-01-14 16:00,46.21,,Italy,0.09,Bank Transfer,23.86,Accessories,In-store,Not Returned,UPS,Paris,High
536997,SKU_1098,T-shirt,48,2024-01-15 01:00,72.43,,United States,0.42,paypall,13.44,Accessories,Online,Not Returned,Royal Mail,Amsterdam,High
959280,SKU_1072,Office Chair,21,2024-01-15 07:00,15.78,,Australia,0.09,Bank Transfer,18.6,Apparel,Online,Not Returned,DHL,Amsterdam,Medium
295980,SKU_1029,White Mug,37,2024-01-15 11:00,69.02,,Norway,0.14,paypall,23.34,Accessories,In-store,Not Returned,FedEx,Paris,High
600262,SKU_1943,Headphones,7,2024-01-17 22:00,96.94,,Norway,0.26,Credit Card,25.43,Electronics,Online,Not Returned,Royal Mail,,Medium
809685,SKU_1447,Desk Lamp,-25,2024-01-18 01:00,-80.54,,Netherlands,1.978362024416719,Bank Transfer,,Electronics,In-store,Not Returned,Royal Mail,,High
405394,SKU_1703,Blue Pen,28,2024-01-18 03:00,76.64,,Netherlands,0.05,Credit Card,5.03,Electronics,In-store,Not Returned,DHL,Berlin,Medium
455269,SKU_1171,Backpack,21,2024-01-18 15:00,98.43,,Sweden,0.26,Bank Transfer,28.95,Apparel,In-store,Not Returned,Royal Mail,Amsterdam,Medium
896967,SKU_1678,Backpack,-15,2024-01-19 06:00,-60.21,,Germany,0.41,paypall,,Apparel,Online,Not Returned,UPS,,High
352355,SKU_1638,White Mug,9,2024-01-19 16:00,86.91,,United States,0.34,paypall,19.63,Accessories,Online,Returned,UPS,London,High
735856,SKU_1688,Wall Clock,-45,2024-01-20 06:00,-5.37,,United Kingdom,1.449033192681167,Bank Transfer,,Accessories,Online,Not Returned,UPS,,Low
168460,SKU_1289,Headphones,-11,2024-01-20 23:00,-4.75,,United States,1.0336560776867083,paypall,,Furniture,Online,Not Returned,DHL,,High
708613,SKU_1423,Backpack,-14,2024-01-21 06:00,-89.94,,Australia,0.19,Bank Transfer,,Electronics,In-store,Not Returned,FedEx,,High
926083,SKU_1252,Notebook,18,2024-01-21 07:00,76.79,,Belgium,0.48,Bank Transfer,8.54,Electronics,Online,Not Returned,Royal Mail,Berlin,High
812675,SKU_1415,Wall Clock,-38,2024-01-21 08:00,-8.22,,Belgium,1.4358967712530148,paypall,,Apparel,In-store,Not Returned,DHL,,Low
193435,SKU_1944,Wireless Mouse,-38,2024-01-21 09:00,-55.88,,United States,1.33773749410306,paypall,,Accessories,In-store,Not Returned,DHL,,Medium
688205,SKU_1696,Backpack,-47,2024-01-21 13:00,-66.82,,Portugal,1.2217138702830126,Bank Transfer,,Furniture,In-store,Not Returned,Royal Mail,,High
524963,SKU_1576,White Mug,12,2024-01-21 14:00,2.04,,Spain,0.11,Credit Card,16.68,Electronics,In-store,Not Returned,DHL,Berlin,High
126178,SKU_1213,Headphones,2,2024-01-21 19:00,47.53,,Portugal,0.44,Credit Card,15.65,Stationery,In-store,Not Returned,DHL,,Low
998300,SKU_1799,Desk Lamp,-28,2024-01-22 03:00,-42.77,,United States,1.723706481956536,paypall,,Apparel,In-store,Not Returned,DHL,,Medium
426046,SKU_1890,Backpack,-12,2024-01-22 07:00,-80.9,,Australia,1.2646704377553937,paypall,,Electronics,Online,Not Returned,UPS,,Low
366978,SKU_1593,Headphones,-39,2024-01-22 08:00,-27.12,,Italy,0.07,Credit Card,,Apparel,In-store,Not Returned,FedEx,,Medium
276361,SKU_1165,Desk Lamp,32,2024-01-23 05:00,39.6,,Netherlands,0.11,Credit Card,9.02,Accessories,In-store,Not Returned,UPS,,Medium
462691,SKU_1438,T-shirt,29,2024-01-23 08:00,9.58,,Australia,0.48,Bank Transfer,26.09,Electronics,In-store,Not Returned,DHL,,High
184693,SKU_1197,Notebook,-11,2024-01-23 17:00,-64.89,,Belgium,0.21,paypall,,Apparel,In-store,Not Returned,DHL,,Medium
117021,SKU_1226,Blue Pen,-37,2024-01-24 19:00,-95.24,,Netherlands,1.2524648707414712,paypall,,Accessories,In-store,Returned,FedEx,,Medium
970336,SKU_1670,Wireless Mouse,-7,2024-01-25 15:00,-27.44,,United States,1.1797002474188107,paypall,,Stationery,In-store,Not Returned,UPS,,Low
500819,SKU_1139,Headphones,23,2024-01-25 21:00,52.42,,France,0.03,paypall,22.72,Electronics,Online,Returned,UPS,Rome,Medium
998019,SKU_1063,Backpack,-26,2024-01-25 22:00,7.06,,United States,0.05,paypall,,Furniture,In-store,Not Returned,DHL,,Low
658549,SKU_1214,Wireless Mouse,46,2024-01-26 01:00,93.11,,United Kingdom,0.29,Credit Card,21.99,Accessories,In-store,Not Returned,DHL,,Low
814242,SKU_1248,Office Chair,27,2024-01-26 09:00,68.55,,United Kingdom,0.09,Bank Transfer,11.74,Stationery,Online,Returned,DHL,,High
708158,SKU_1467,Blue Pen,-27,2024-01-26 13:00,-22.27,,Spain,1.8524021839967109,paypall,,Accessories,Online,Not Returned,UPS,,High
196608,SKU_1760,Office Chair,3,2024-01-26 14:00,98.6,,Netherlands,0.24,Bank Transfer,27.5,Apparel,In-store,Not Returned,DHL,,Low
673174,SKU_1157,Wall Clock,-29,2024-01-26 20:00,-70.41,,France,1.807576658024333,Bank Transfer,,Stationery,Online,Not Returned,UPS,,Medium
342950,SKU_1931,T-shirt,-17,2024-01-27 07:00,-51.4,,Sweden,0.21,Bank Transfer,,Furniture,Online,Not Returned,FedEx,,Low
981934,SKU_1845,White Mug,-38,2024-01-27 08:00,-36.87,,Netherlands,1.8918076904373144,Credit Card,,Apparel,In-store,Returned,Royal Mail,,Low
243867,SKU_1394,Wireless Mouse,1,2024-01-27 09:00,46.51,,United Kingdom,0.15,Bank Transfer,16.85,Accessories,In-store,Not Returned,DHL,,High
880004,SKU_1554,Desk Lamp,-1,2024-01-27 18:00,56.85,,Spain,0.19,Bank Transfer,,Apparel,Online,Not Returned,Royal Mail,,Medium
571198,SKU_1678,White Mug,15,2024-01-28 17:00,23.27,,France,0.05,Bank Transfer,29.38,Furniture,Online,Not Returned,UPS,Paris,Low
431642,SKU_1281,Notebook,15,2024-01-28 18:00,97.3,,United Kingdom,0.11,Credit Card,29.05,Furniture,In-store,Not Returned,FedEx,Paris,Medium
885344,SKU_1918,Headphones,30,2024-01-29 05:00,20.94,,United States,0.08,Bank Transfer,14.39,Furniture,In-store,Not Returned,DHL,,High
352980,SKU_1346,Wall Clock,12,2024-01-30 00:00,21.43,,Norway,0.06,Bank Transfer,8.48,Apparel,In-store,Returned,FedEx,Amsterdam,High
651130,SKU_1928,Backpack,20,2024-01-30 09:00,69.47,,France,0.18,Credit Card,9.71,Stationery,Online,Not Returned,Royal Mail,Paris,Medium
977550,SKU_1320,Wireless Mouse,3,2024-01-31 02:00,33.68,,Norway,0.11,Bank Transfer,12.53,Furniture,Online,Not Returned,DHL,,High
613875,SKU_1355,Wireless Mouse,-17,2024-01-31 19:00,-85.36,,Belgium,1.8689249022733527,Bank Transfer,,Accessories,In-store,Not Returned,UPS,,High
762942,SKU_1856,Desk Lamp,-45,2024-02-01 04:00,-53.51,,United Kingdom,0.39,Credit Card,,Stationery,Online,Not Returned,UPS,,Low
340385,SKU_1603,Desk Lamp,10,2024-02-01 05:00,24.43,59915.0,Netherlands,0.32,Credit Card,21.95,Electronics,Online,Returned,FedEx,Berlin,Low
580704,SKU_1341,Office Chair,31,2024-02-01 11:00,75.52,,Italy,0.19,paypall,19.39,Stationery,Online,Not Returned,UPS,London,Medium
278615,SKU_1956,Wireless Mouse,28,2024-02-01 19:00,6.51,,United States,0.04,paypall,13.93,Electronics,Online,Not Returned,FedEx,London,High
558056,SKU_1433,Wireless Mouse,9,2024-02-02 07:00,35.47,,Germany,0.21,Bank Transfer,10.71,Furniture,In-store,Not Returned,FedEx,Amsterdam,Medium
177069,SKU_1122,Blue Pen,-46,2024-02-02 09:00,50.65,,Australia,0.49,Credit Card,,Furniture,In-store,Not Returned,UPS,,High
654999,SKU_1104,USB Cable,-46,2024-02-03 02:00,-47.36,,France,1.3376156712260974,paypall,,Stationery,In-store,Not Returned,UPS,,Low
972894,SKU_1152,White Mug,-1,2024-02-03 17:00,-84.29,,Belgium,1.469603930195382,Bank Transfer,,Furniture,In-store,Not Returned,UPS,,High
964825,SKU_1711,Blue Pen,-19,2024-02-03 22:00,30.11,,Sweden,0.33,Credit Card,,Stationery,Online,Not Returned,UPS,,Medium
165783,SKU_1674,White Mug,-15,2024-02-04 03:00,-58.36,,Germany,1.825591515408611,Bank Transfer,,Accessories,In-store,Not Returned,DHL,,Low
788863,SKU_1941,Desk Lamp,8,2024-02-04 09:00,20.35,,Norway,0.41,paypall,25.47,Furniture,In-store,Not Returned,UPS,Paris,Medium
432395,SKU_1857,Wall Clock,1,2024-02-04 14:00,87.16,,Portugal,0.22,paypall,27.4,Accessories,In-store,Not Returned,UPS,Rome,Medium
187597,SKU_1920,T-shirt,15,2024-02-05 10:00,51.86,,Italy,0.24,Bank Transfer,19.29,Electronics,Online,Returned,FedEx,,Low
264895,SKU_1598,Office Chair,8,2024-02-05 20:00,67.17,,Belgium,0.14,Credit Card,11.89,Apparel,In-store,Not Returned,FedEx,Paris,Medium
341411,SKU_1862,USB Cable,-42,2024-02-06 06:00,61.38,,Italy,0.22,Bank Transfer,,Apparel,Online,Not Returned,FedEx,,Medium
306690,SKU_1419,Desk Lamp,19,2024-02-06 21:00,53.95,,Australia,0.43,paypall,23.56,Stationery,Online,Not Returned,Royal Mail,Paris,Medium
895630,SKU_1944,Wall Clock,-2,2024-02-07 10:00,74.67,,United Kingdom,0.1,Credit Card,,Apparel,In-store,Not Returned,DHL,,Low
723812,SKU_1897,White Mug,18,2024-02-07 12:00,76.42,,Italy,0.1,Bank Transfer,18.08,Accessories,In-store,Returned,DHL,Amsterdam,Low
694436,SKU_1781,Headphones,-31,2024-02-07 23:00,17.19,,Sweden,0.46,paypall,,Apparel,In-store,Not Returned,DHL,,High
544400,SKU_1881,Office Chair,-16,2024-02-08 00:00,-84.12,,Sweden,1.5919461521762113,paypall,,Apparel,Online,Not Returned,UPS,,Medium
750016,SKU_1604,Desk Lamp,9,2024-02-08 05:00,32.17,,Belgium,0.11,paypall,8.16,Electronics,In-store,Not Returned,DHL,,Low
696269,SKU_1344,T-shirt,-12,2024-02-09 04:00,-51.79,,Netherlands,1.5372131408045435,Bank Transfer,,Electronics,In-store,Not Returned,DHL,,Medium
420407,SKU_1313,Headphones,-12,2024-02-09 12:00,63.57,,Belgium,0.42,paypall,,Apparel,Online,Not Returned,FedEx,,Medium
784524,SKU_1256,Office Chair,42,2024-02-09 16:00,19.38,,Belgium,0.09,Bank Transfer,28.88,Electronics,Online,Not Returned,FedEx,Berlin,Medium
472007,SKU_1982,Wall Clock,-6,2024-02-10 00:00,-23.65,,Germany,1.0906991637445442,paypall,,Accessories,In-store,Not Returned,DHL,,High
232278,SKU_1017,Backpack,41,2024-02-10 09:00,26.03,,Australia,0.44,Bank Transfer,25.35,Accessories,In-store,Not Returned,Royal Mail,,Low
187165,SKU_1605,Desk Lamp,-20,2024-02-10 20:00,-8.67,,Netherlands,0.33,paypall,,Apparel,Online,Not Returned,Royal Mail,,Low
703747,SKU_1867,White Mug,-24,2024-02-11 06:00,-97.58,,Germany,1.2275652188395965,paypall,,Electronics,In-store,Returned,Royal Mail,,Medium
477744,SKU_1784,USB Cable,-17,2024-02-11 10:00,-2.8,,Netherlands,1.3687241469791729,Credit Card,,Accessories,In-store,Not Returned,UPS,,High
854719,SKU_1812,USB Cable,-10,2024-02-11 13:00,-62.42,,Portugal,1.3194449617857629,Bank Transfer,,Electronics,In-store,Not Returned,UPS,,Low
276221,SKU_1305,Wireless Mouse,39,2024-02-11 17:00,47.32,,United States,0.42,Credit Card,20.36,Stationery,In-store,Not Returned,FedEx,,Low
275231,SKU_1215,Wall Clock,-13,2024-02-12 19:00,24.12,,Australia,0.31,paypall,,Furniture,Online,Not Returned,FedEx,,Medium
823500,SKU_1568,Blue Pen,-21,2024-02-12 23:00,76.36,,Netherlands,0.4,Credit Card,,Apparel,Online,Not Returned,Royal Mail,,Low
333403,SKU_1822,Backpack,13,2024-02-13 06:00,30.81,,Spain,0.46,Credit Card,16.0,Apparel,Online,Not Returned,Royal Mail,London,Medium
672814,SKU_1192,Wall Clock,15,2024-02-14 07:00,31.44,,Portugal,0.1,Bank Transfer,23.97,Furniture,Online,Not Returned,DHL,Amsterdam,Medium
877671,SKU_1035,Backpack,33,2024-02-14 16:00,44.37,,Belgium,0.47,paypall,27.15,Furniture,In-store,Not Returned,FedEx,,Medium
362677,SKU_1041,Desk Lamp,2,2024-02-15 05:00,48.32,,Spain,0.35,Bank Transfer,7.63,Apparel,Online,Not Returned,FedEx,Berlin,Medium
413114,SKU_1087,T-shirt,11,2024-02-15 06:00,74.23,,Sweden,0.14,Credit Card,28.23,Furniture,Online,Not Returned,Royal Mail,Paris,High
192534,SKU_1279,Backpack,47,2024-02-15 12:00,20.24,,United Kingdom,0.14,paypall,9.48,Apparel,In-store,Not Returned,Royal Mail,,High
535644,SKU_1415,Wireless Mouse,-40,2024-02-15 14:00,-17.68,,Norway,1.2825155102165482,paypall,,Accessories,In-store,Not Returned,DHL,,High
274746,SKU_1247,Backpack,-19,2024-02-15 21:00,35.19,,Germany,0.25,Bank Transfer,,Apparel,In-store,Not Returned,Royal Mail,,High
339276,SKU_1377,Wall Clock,16,2024-02-15 22:00,45.33,,Italy,0.3,paypall,16.88,Stationery,Online,Returned,DHL,,Medium
187599,SKU_1016,USB Cable,-39,2024-02-16 11:00,-29.91,,Spain,0.34,paypall,,Stationery,In-store,Not Returned,FedEx,,High
148444,SKU_1238,Notebook,20,2024-02-16 12:00,27.18,,Italy,0.3,Bank Transfer,15.1,Electronics,In-store,Not Returned,Royal Mail,,Low
777861,SKU_1267,Headphones,20,2024-02-17 01:00,7.0,,Spain,0.01,Credit Card,29.58,Electronics,Online,Not Returned,Royal Mail,London,Low
921036,SKU_1486,White Mug,-39,2024-02-17 05:00,-43.71,,Australia,0.01,paypall,,Accessories,In-store,Not Returned,FedEx,,High
449968,SKU_1913,Office Chair,26,2024-02-17 06:00,11.97,,Norway,0.26,Bank Transfer,17.28,Furniture,Online,Not Returned,Royal Mail,Rome,High
106476,SKU_1356,Wireless Mouse,31,2024-02-17 08:00,83.24,,Norway,0.32,Bank Transfer,28.88,Electronics,In-store,Not Returned,UPS,,High
175498,SKU_1697,Headphones,-34,2024-02-17 14:00,42.23,,Germany,0.39,Bank Transfer,,Stationery,Online,Not Returned,UPS,,Medium
250042,SKU_1623,Backpack,36,2024-02-18 15:00,19.69,,Spain,0.47,Credit Card,25.83,Furniture,In-store,Not Returned,UPS,,High
948385,SKU_1667,Wall Clock,-11,2024-02-18 20:00,-52.81,,Norway,1.634145133618115,paypall,,Furniture,Online,Not Returned,DHL,,Medium
724722,SKU_1800,Office Chair,-35,2024-02-19 05:00,-14.05,,Germany,1.737567353799749,Bank Transfer,,Stationery,Online,Returned,FedEx,,High
450363,SKU_1737,T-shirt,-27,2024-02-19 07:00,-70.73,,United States,1.926498233924466,paypall,,Accessories,Online,Not Returned,UPS,,Medium
607731,SKU_1968,T-shirt,-37,2024-02-20 05:00,-68.18,,France,1.0627031871957908,Credit Card,,Furniture,Online,Not Returned,Royal Mail,,Medium
599348,SKU_1157,Desk Lamp,46,2024-02-20 07:00,69.79,,Belgium,0.44,paypall,12.44,Furniture,In-store,Not Returned,FedEx,,High
894303,SKU_1889,Backpack,43,2024-02-20 10:00,70.34,,Netherlands,0.43,paypall,12.98,Accessories,In-store,Not Returned,FedEx,Amsterdam,High
701269,SKU_1631,Wall Clock,-25,2024-02-20 13:00,-87.78,,Belgium,0.44,paypall,,Accessories,Online,Not Returned,UPS,,High
234577,SKU_1030,Wall Clock,48,2024-02-20 17:00,57.34,,Spain,0.32,paypall,23.16,Apparel,Online,Not Returned,Royal Mail,Rome,High
316382,SKU_1661,Wireless Mouse,-40,2024-02-21 06:00,-1.36,,Italy,0.02,paypall,,Accessories,In-store,Not Returned,Royal Mail,,Low
193962,SKU_1528,USB Cable,-22,2024-02-21 20:00,-4.87,,Sweden,0.34,paypall,,Apparel,In-store,Not Returned,FedEx,,Low
941112,SKU_1748,Headphones,-14,2024-02-22 14:00,-55.28,,United States,1.823886136006728,Bank Transfer,,Stationery,Online,Not Returned,Royal Mail,,Low
358474,SKU_1631,Notebook,6,2024-02-22 23:00,59.55,,Belgium,0.03,Credit Card,25.21,Accessories,Online,Not Returned,UPS,,Low
122736,SKU_1227,USB Cable,34,2024-02-23 04:00,47.56,,Portugal,0.11,Credit Card,22.54,Electronics,Online,Not Returned,Royal Mail,Paris,Low
296571,SKU_1789,Headphones,-27,2024-02-23 09:00,1.12,,United Kingdom,0.48,Bank Transfer,,Apparel,Online,Not Returned,UPS,,High
984963,SKU_1791,Backpack,-13,2024-02-23 21:00,77.26,,United Kingdom,0.45,paypall,,Stationery,Online,Not Returned,FedEx,,Medium
134600,SKU_1415,Office Chair,-46,2024-02-24 19:00,-95.19,,France,1.032558047399367,Bank Transfer,,Accessories,Online,Not Returned,UPS,,High
230047,SKU_1563,Wireless Mouse,24,2024-02-25 00:00,49.04,,Netherlands,0.28,Credit Card,25.08,Accessories,Online,Not Returned,UPS,,Medium
307687,SKU_1511,White Mug,12,2024-02-25 09:00,97.75,,United States,0.43,paypall,14.72,Stationery,In-store,Returned,UPS,Amsterdam,Low
829877,SKU_1225,Wireless Mouse,-44,2024-02-25 14:00,58.45,,Sweden,0.46,paypall,,Electronics,Online,Not Returned,FedEx,,High
655404,SKU_1908,Notebook,-46,2024-02-26 06:00,-65.83,,Germany,1.870455397621249,paypall,,Electronics,Online,Not Returned,FedEx,,Low
823355,SKU_1330,Notebook,-5,2024-02-26 14:00,-71.19,,Portugal,1.5776840718162823,paypall,,Apparel,Online,Not Returned,FedEx,,Medium
590271,SKU_1820,Wall Clock,-1,2024-02-26 16:00,63.67,,Sweden,0.4,Credit Card,,Furniture,In-store,Not Returned,Royal Mail,,Medium
996040,SKU_1943,Headphones,43,2024-02-27 05:00,62.91,,Norway,0.01,paypall,18.9,Accessories,Online,Returned,Royal Mail,,Low
346877,SKU_1761,Headphones,38,2024-02-27 08:00,28.71,,Netherlands,0.21,Bank Transfer,5.27,Accessories,In-store,Not Returned,Royal Mail,Paris,Medium
225513,SKU_1537,Wall Clock,-14,2024-02-27 16:00,51.51,,Portugal,0.49,Credit Card,,Apparel,Online,Not Returned,FedEx,,High
571927,SKU_1362,Wireless Mouse,49,2024-02-27 17:00,96.2,,Belgium,0.41,paypall,20.98,Apparel,In-store,Not Returned,Royal Mail,Rome,Medium
415560,SKU_1496,Notebook,-5,2024-02-27 20:00,-83.12,,France,1.8695893458396196,paypall,,Furniture,Online,Not Returned,Royal Mail,,Medium
659190,SKU_1116,Office Chair,32,2024-02-28 09:00,27.24,,Norway,0.43,Bank Transfer,27.42,Electronics,Online,Not Returned,DHL,,Low
509320,SKU_1630,Notebook,-26,2024-02-29 19:00,-43.29,,Portugal,1.6288261501250747,Credit Card,,Stationery,In-store,Not Returned,FedEx,,Medium
955610,SKU_1158,Desk Lamp,-15,2024-03-01 20:00,-77.01,,Portugal,1.87673700933671,Credit Card,,Stationery,Online,Not Returned,DHL,,High
508545,SKU_1532,Blue Pen,-7,2024-03-02 14:00,-4.97,,Australia,0.47,Bank Transfer,,Apparel,In-store,Not Returned,DHL,,Medium
929975,SKU_1464,Headphones,13,2024-03-04 05:00,96.33,,Spain,0.34,Bank Transfer,7.49,Apparel,In-store,Not Returned,FedEx,Paris,High
371449,SKU_1549,Wall Clock,-6,2024-03-04 14:00,57.74,,Sweden,0.15,paypall,,Apparel,Online,Not Returned,UPS,,High
385389,SKU_1892,Wall Clock,-35,2024-03-04 20:00,-58.32,,Netherlands,1.5567592360670497,paypall,,Apparel,In-store,Not Returned,Royal Mail,,Medium
299105,SKU_1166,Desk Lamp,14,2024-03-05 00:00,87.73,,Norway,0.27,Bank Transfer,11.04,Accessories,In-store,Not Returned,UPS,,High
845773,SKU_1434,Notebook,-36,2024-03-05 06:00,36.24,,France,0.11,Bank Transfer,,Accessories,Online,Returned,FedEx,,High
897311,SKU_1968,T-shirt,9,2024-03-05 19:00,55.88,,Netherlands,0.06,Credit Card,11.4,Electronics,Online,Not Returned,DHL,Berlin,Low
373054,SKU_1263,White Mug,-36,2024-03-06 02:00,-69.87,,Norway,1.857089393017152,paypall,,Furniture,Online,Not Returned,UPS,,Medium
516110,SKU_1645,T-shirt,30,2024-03-06 22:00,3.02,,Germany,0.14,Bank Transfer,24.53,Apparel,Online,Not Returned,Royal Mail,Paris,High
940416,SKU_1479,Office Chair,-2,2024-03-07 09:00,-96.45,,Portugal,1.7843721427221868,Bank Transfer,,Stationery,In-store,Not Returned,DHL,,High
401577,SKU_1837,Headphones,-27,2024-03-07 18:00,8.44,,United Kingdom,0.21,Bank Transfer,,Furniture,In-store,Not Returned,UPS,,Low
940281,SKU_1260,Wireless Mouse,-4,2024-03-08 09:00,-11.74,,Belgium,0.15,paypall,,Apparel,In-store,Not Returned,UPS,,Medium
139513,SKU_1663,T-shirt,8,2024-03-08 12:00,3.5,,Sweden,0.19,paypall,5.4,Furniture,In-store,Returned,UPS,London,Medium
442533,SKU_1467,Headphones,-37,2024-03-09 00:00,-10.39,,Belgium,1.1828698162933011,Credit Card,,Accessories,Online,Not Returned,FedEx,,Medium
134173,SKU_1396,Desk Lamp,-48,2024-03-09 20:00,-80.82,,United Kingdom,0.43,paypall,,Electronics,In-store,Not Returned,FedEx,,Low
931331,SKU_1864,Office Chair,-10,2024-03-09 21:00,46.12,,Australia,0.43,Bank Transfer,,Apparel,In-store,Not Returned,UPS,,Medium
331042,SKU_1618,Blue Pen,9,2024-03-10 06:00,59.08,,Australia,0.22,Bank Transfer,15.39,Apparel,In-store,Returned,UPS,Berlin,High
667140,SKU_1847,Desk Lamp,28,2024-03-11 01:00,25.02,,Belgium,0.26,paypall,12.34,Apparel,In-store,Not Returned,UPS,,High
989932,SKU_1991,USB Cable,25,2024-03-11 05:00,39.97,,Germany,0.37,paypall,7.82,Accessories,Online,Not Returned,UPS,,High
399496,SKU_1602,Wireless Mouse,-26,2024-03-11 06:00,-20.61,,Italy,1.7515909569054513,Bank Transfer,,Accessories,In-store,Not Returned,Royal Mail,,Low
735101,SKU_1940,Wireless Mouse,15,2024-03-11 11:00,79.58,,France,0.18,Bank Transfer,10.51,Apparel,Online,Not Returned,FedEx,,Medium
468544,SKU_1613,T-shirt,-15,2024-03-11 15:00,-79.79,,Netherlands,1.553680866650613,paypall,,Apparel,Online,Returned,DHL,,High
492467,SKU_1409,T-shirt,-28,2024-03-11 17:00,93.88,,Italy,0.37,Credit Card,,Furniture,In-store,Not Returned,UPS,,High
171836,SKU_1847,Wall Clock,32,2024-03-11 19:00,48.88,,Australia,0.4,Bank Transfer,28.65,Electronics,In-store,Not Returned,Royal Mail,Amsterdam,Medium
284343,SKU_1841,T-shirt,-42,2024-03-12 07:00,-57.97,,Norway,1.129613150312109,Bank Transfer,,Accessories,In-store,Not Returned,Royal Mail,,Low
481317,SKU_1879,Wireless Mouse,33,2024-03-12 11:00,35.71,,United States,0.41,paypall,12.55,Stationery,In-store,Not Returned,UPS,Paris,Low
295769,SKU_1954,T-shirt,49,2024-03-13 04:00,19.86,,Sweden,0.24,Credit Card,11.44,Accessories,Online,Not Returned,DHL,Rome,High
394403,SKU_1180,Wall Clock,13,2024-03-13 17:00,57.62,,France,0.27,paypall,18.78,Stationery,Online,Not Returned,Royal Mail,,High
792289,SKU_1048,T-shirt,-11,2024-03-13 21:00,-80.23,,United Kingdom,1.9028486213412728,Bank Transfer,,Accessories,In-store,Not Returned,Royal Mail,,Low
378531,SKU_1919,T-shirt,40,2024-03-14 04:00,16.36,,Spain,0.22,Credit Card,20.99,Stationery,In-store,Not Returned,DHL,,Low
113549,SKU_1038,Desk Lamp,27,2024-03-15 00:00,15.52,,Portugal,0.38,Bank Transfer,12.12,Stationery,In-store,Not Returned,Royal Mail,Berlin,Medium
512854,SKU_1001,Wall Clock,-38,2024-03-15 21:00,-39.98,,Italy,0.39,paypall,,Stationery,Online,Not Returned,Royal Mail,,Low
761809,SKU_1831,Blue Pen,-29,2024-03-16 10:00,65.6,,United Kingdom,0.4,Credit Card,,Stationery,In-store,Not Returned,FedEx,,Medium
854023,SKU_1555,Office Chair,37,2024-03-16 15:00,24.58,,Italy,0.3,Credit Card,5.48,Furniture,Online,Not Returned,UPS,,Low
524701,SKU_1267,Headphones,46,2024-03-17 01:00,67.28,,Spain,0.16,paypall,21.41,Furniture,Online,Not Returned,UPS,,High
402283,SKU_1092,Wireless Mouse,28,2024-03-18 01:00,1.5,,Belgium,0.35,Credit Card,21.14,Stationery,Online,Not Returned,FedEx,Amsterdam,High
178434,SKU_1317,Office Chair,-44,2024-03-18 04:00,60.37,,United Kingdom,0.1,paypall,,Electronics,In-store,Not Returned,DHL,,Medium
248750,SKU_1398,Notebook,8,2024-03-18 05:00,9.17,,Netherlands,0.17,paypall,15.5,Furniture,Online,Not Returned,FedEx,Amsterdam,Medium
118141,SKU_1701,Desk Lamp,-26,2024-03-18 06:00,-96.4,,Netherlands,0.5,Bank Transfer,,Electronics,Online,Not Returned,UPS,,Low
255636,SKU_1062,Wireless Mouse,-27,2024-03-18 12:00,92.11,,France,0.34,paypall,,Furniture,In-store,Not Returned,DHL,,Medium
993981,SKU_1598,Wireless Mouse,-45,2024-03-18 13:00,-92.46,,Germany,1.88091423656899,Bank Transfer,,Stationery,Online,Not Returned,DHL,,High
824648,SKU_1208,Office Chair,-13,2024-03-19 18:00,47.56,,Netherlands,0.09,Credit Card,,Stationery,Online,Not Returned,UPS,,Low
887665,SKU_1582,White Mug,-48,2024-03-20 09:00,-7.43,,Belgium,1.3124860980644275,Bank Transfer,,Apparel,In-store,Not Returned,DHL,,Medium
389290,SKU_1504,Headphones,-16,2024-03-20 10:00,-27.81,,France,1.3366411641319218,paypall,,Accessories,In-store,Not Returned,Royal Mail,,Medium
508779,SKU_1803,Office Chair,5,2024-03-21 00:00,60.66,,France,0.03,Bank Transfer,13.77,Accessories,In-store,Not Returned,Royal Mail,London,Low
526207,SKU_1912,Wireless Mouse,7,2024-03-21 18:00,77.63,,Portugal,0.4,Credit Card,28.57,Stationery,Online,Not Returned,FedEx,,High
965975,SKU_1434,Wall Clock,-31,2024-03-21 23:00,78.43,,Belgium,0.47,paypall,,Accessories,In-store,Not Returned,Royal Mail,,Low
206818,SKU_1899,Blue Pen,5,2024-03-22 02:00,80.5,,Portugal,0.05,Credit Card,11.14,Stationery,In-store,Returned,Royal Mail,,Medium
533647,SKU_1713,Backpack,36,2024-03-22 12:00,34.02,,Belgium,0.42,Bank Transfer,24.69,Furniture,Online,Not Returned,UPS,London,Low
502094,SKU_1942,Backpack,-6,2024-03-22 17:00,64.5,,United Kingdom,0.08,paypall,,Stationery,In-store,Not Returned,UPS,,Low
462982,SKU_1453,USB Cable,-42,2024-03-22 23:00,-6.2,,Portugal,1.281800416587852,Credit Card,,Electronics,Online,Not Returned,DHL,,Low
983478,SKU_1722,Office Chair,-8,2024-03-23 16:00,-35.27,,Sweden,1.847177259510482,Credit Card,,Furniture,Online,Not Returned,DHL,,Medium
615293,SKU_1940,White Mug,22,2024-03-23 21:00,80.42,,Netherlands,0.16,Bank Transfer,23.27,Electronics,In-store,Not Returned,Royal Mail,Berlin,Medium
655084,SKU_1676,Office Chair,-22,2024-03-23 22:00,-95.18,,United Kingdom,1.7164394058541208,paypall,,Stationery,In-store,Not Returned,UPS,,Low
648689,SKU_1576,Blue Pen,-22,2024-03-24 02:00,24.27,,Portugal,0.23,paypall,,Stationery,Online,Not Returned,DHL,,High
234882,SKU_1761,Backpack,-15,2024-03-24 03:00,-23.42,,Norway,1.1587938145342722,paypall,,Electronics,Online,Returned,FedEx,,Medium
655281,SKU_1339,Wall Clock,-15,2024-03-25 03:00,-28.54,,Italy,1.5927368852186805,Credit Card,,Electronics,Online,Not Returned,Royal Mail,,Low
780203,SKU_1391,Desk Lamp,11,2024-03-25 10:00,31.63,,Italy,0.33,Credit Card,11.71,Electronics,Online,Not Returned,FedEx,,Low
761019,SKU_1037,Headphones,-1,2024-03-26 11:00,11.76,,Norway,0.37,paypall,,Electronics,Online,Returned,Royal Mail,,Low
286982,SKU_1605,Headphones,-16,2024-03-26 20:00,-90.07,,Spain,1.398060024604221,Bank Transfer,,Furniture,In-store,Not Returned,UPS,,Low
258244,SKU_1258,USB Cable,-20,2024-03-26 23:00,-71.8,,United States,1.4335505412668856,paypall,,Furniture,Online,Not Returned,DHL,,Medium
446439,SKU_1179,Wireless Mouse,13,2024-03-27 13:00,93.05,,Norway,0.02,paypall,21.79,Apparel,Online,Not Returned,FedEx,,Medium
475865,SKU_1955,Office Chair,-5,2024-03-27 16:00,-63.51,,Netherlands,1.8322795848130131,paypall,,Accessories,In-store,Not Returned,UPS,,High
475876,SKU_1967,Blue Pen,-24,2024-03-27 19:00,-6.61,,United States,0.27,Credit Card,,Apparel,In-store,Returned,Royal Mail,,Low
950174,SKU_1028,White Mug,17,2024-03-29 03:00,93.82,,France,0.48,Credit Card,18.05,Furniture,Online,Not Returned,DHL,Rome,Low
274122,SKU_1029,Office Chair,13,2024-03-30 17:00,47.33,,Belgium,0.43,paypall,27.55,Electronics,In-store,Not Returned,Royal Mail,,Medium
669457,SKU_1261,Backpack,-48,2024-03-31 05:00,-87.23,,Portugal,1.120630097899188,paypall,,Apparel,Online,Not Returned,UPS,,Medium
375840,SKU_1798,Notebook,-15,2024-04-02 02:00,90.92,,Norway,0.15,Credit Card,,Accessories,Online,Not Returned,Royal Mail,,High
627925,SKU_1679,Backpack,35,2024-04-02 05:00,55.91,,United Kingdom,0.28,Credit Card,17.79,Apparel,Online,Not Returned,UPS,Berlin,High
855537,SKU_1889,Headphones,-31,2024-04-02 06:00,12.66,,Australia,0.4,Credit Card,,Electronics,Online,Not Returned,UPS,,High
770766,SKU_1648,T-shirt,39,2024-04-03 03:00,19.84,,Portugal,0.47,paypall,13.39,Electronics,In-store,Not Returned,UPS,Rome,High
318091,SKU_1941,White Mug,4,2024-04-03 12:00,80.68,,Germany,0.13,Bank Transfer,21.06,Electronics,Online,Not Returned,Royal Mail,London,Low
949928,SKU_1128,Wall Clock,2,2024-04-05 01:00,23.76,,United States,0.41,paypall,21.37,Furniture,In-store,Not Returned,FedEx,,High
420996,SKU_1282,Blue Pen,3,2024-04-05 09:00,15.27,,France,0.28,Bank Transfer,20.21,Electronics,In-store,Not Returned,Royal Mail,,Medium
208293,SKU_1154,USB Cable,16,2024-04-05 11:00,47.09,,United States,0.1,Bank Transfer,29.76,Stationery,Online,Not Returned,FedEx,Amsterdam,High
346597,SKU_1806,Wireless Mouse,-12,2024-04-05 16:00,-74.06,,Italy,0.46,paypall,,Stationery,In-store,Not Returned,Royal Mail,,High
651763,SKU_1869,USB Cable,-22,2024-04-05 19:00,-16.31,,Sweden,1.994046084381604,paypall,,Electronics,In-store,Not Returned,UPS,,Medium
995446,SKU_1708,Notebook,13,2024-04-06 14:00,25.73,,Portugal,0.4,Credit Card,8.42,Apparel,In-store,Not Returned,UPS,London,Low
796948,SKU_1096,T-shirt,-32,2024-04-07 12:00,68.97,,France,0.28,Bank Transfer,,Furniture,Online,Not Returned,UPS,,High
330395,SKU_1680,Headphones,-32,2024-04-07 22:00,-20.05,,Belgium,1.0740781959098142,paypall,,Apparel,In-store,Not Returned,FedEx,,Low
338242,SKU_1301,Wireless Mouse,3,2024-04-08 05:00,40.38,,United States,0.24,Bank Transfer,29.21,Furniture,Online,Not Returned,DHL,,Medium
177538,SKU_1842,White Mug,-22,2024-04-08 15:00,-38.68,,Germany,0.22,Bank Transfer,,Electronics,In-store,Not Returned,UPS,,Medium
934910,SKU_1074,Wireless Mouse,45,2024-04-08 17:00,52.47,,Australia,0.3,paypall,14.71,Furniture,Online,Not Returned,Royal Mail,Berlin,Medium
915539,SKU_1128,Notebook,32,2024-04-09 02:00,49.34,,Netherlands,0.44,paypall,20.55,Apparel,In-store,Not Returned,DHL,London,Low
588340,SKU_1918,Blue Pen,-35,2024-04-09 08:00,57.35,,Australia,0.05,Credit Card,,Furniture,Online,Not Returned,UPS,,Medium
184388,SKU_1628,Blue Pen,-7,2024-04-09 10:00,85.61,,Australia,0.49,paypall,,Accessories,Online,Not Returned,FedEx,,High
616224,SKU_1326,Wireless Mouse,28,2024-04-09 15:00,48.77,,Spain,0.34,Bank Transfer,6.98,Furniture,In-store,Not Returned,DHL,Amsterdam,Medium
252611,SKU_1340,Office Chair,34,2024-04-09 22:00,71.47,,Germany,0.31,Bank Transfer,18.62,Stationery,Online,Not Returned,DHL,Amsterdam,Low
721203,SKU_1736,Notebook,-27,2024-04-10 05:00,98.95,,Norway,0.27,Bank Transfer,,Furniture,Online,Not Returned,UPS,,Low
305801,SKU_1069,USB Cable,-18,2024-04-10 08:00,-55.32,,Portugal,1.1872524563555849,paypall,,Apparel,Online,Not Returned,UPS,,Medium
991699,SKU_1546,Office Chair,-18,2024-04-10 11:00,81.17,,Australia,0.07,Credit Card,,Electronics,Online,Not Returned,FedEx,,Low
671299,SKU_1459,Office Chair,23,2024-04-10 18:00,23.51,,Belgium,0.39,paypall,21.72,Apparel,Online,Not Returned,FedEx,Berlin,Medium
997153,SKU_1106,White Mug,-49,2024-04-10 19:00,-8.28,,United States,0.28,Bank Transfer,,Stationery,Online,Not Returned,UPS,,High
850793,SKU_1043,USB Cable,-12,2024-04-11 00:00,-72.16,,Sweden,0.26,Bank Transfer,,Apparel,In-store,Not Returned,FedEx,,Medium
519052,SKU_1501,Wall Clock,32,2024-04-11 01:00,91.83,,Germany,0.05,paypall,14.43,Accessories,In-store,Not Returned,DHL,London,Medium
596929,SKU_1793,Notebook,-10,2024-04-13 11:00,-32.29,,Spain,1.9206936137947737,paypall,,Apparel,In-store,Not Returned,DHL,,Low
831825,SKU_1158,Backpack,3,2024-04-14 01:00,27.09,,Germany,0.43,Bank Transfer,29.37,Electronics,In-store,Returned,DHL,Rome,High
786962,SKU_1586,USB Cable,-35,2024-04-14 08:00,-49.53,,Spain,0.45,Bank Transfer,,Apparel,In-store,Not Returned,DHL,,High
608311,SKU_1745,Backpack,-24,2024-04-14 09:00,60.27,,Italy,0.49,Bank Transfer,,Apparel,Online,Not Returned,UPS,,Low
763819,SKU_1221,Wireless Mouse,33,2024-04-15 00:00,48.24,,Germany,0.12,Bank Transfer,23.92,Electronics,In-store,Not Returned,UPS,Berlin,High
469538,SKU_1766,Headphones,29,2024-04-15 12:00,33.21,,Norway,0.3,paypall,14.69,Apparel,In-store,Not Returned,UPS,Berlin,Medium
882697,SKU_1124,Notebook,-21,2024-04-16 04:00,-20.23,,Belgium,1.3037323751353955,paypall,,Stationery,Online,Returned,DHL,,Low
177096,SKU_1104,Wireless Mouse,3,2024-04-16 11:00,39.46,,Portugal,0.46,Credit Card,14.75,Apparel,In-store,Not Returned,Royal Mail,Berlin,Medium
683946,SKU_1039,White Mug,-46,2024-04-17 14:00,-41.56,,Netherlands,1.0465070799380451,Bank Transfer,,Stationery,In-store,Not Returned,UPS,,Medium
483195,SKU_1360,Desk Lamp,30,2024-04-17 16:00,68.6,,Germany,0.0,Credit Card,20.3,Furniture,In-store,Returned,FedEx,Amsterdam,High
152287,SKU_1029,Headphones,31,2024-04-18 02:00,93.2,,United Kingdom,0.32,Credit Card,19.8,Apparel,In-store,Not Returned,UPS,,High
401586,SKU_1381,White Mug,41,2024-04-18 08:00,84.02,,Germany,0.3,paypall,17.44,Stationery,Online,Not Returned,DHL,,Medium
468499,SKU_1300,White Mug,-29,2024-04-19 13:00,-36.43,,Germany,0.13,Credit Card,,Stationery,Online,Not Returned,UPS,,Low
300390,SKU_1410,Blue Pen,-1,2024-04-21 00:00,-13.72,,France,0.16,paypall,,Furniture,Online,Not Returned,FedEx,,Low
382028,SKU_1344,White Mug,-40,2024-04-21 02:00,39.47,,Norway,0.46,Credit Card,,Accessories,Online,Not Returned,Royal Mail,,Low
737309,SKU_1736,Blue Pen,5,2024-04-21 22:00,83.37,,Netherlands,0.41,paypall,12.52,Furniture,In-store,Not Returned,FedEx,Amsterdam,High
346763,SKU_1329,USB Cable,31,2024-04-22 09:00,75.34,,Norway,0.36,Credit Card,9.88,Electronics,In-store,Not Returned,DHL,Paris,Medium
779839,SKU_1885,Backpack,6,2024-04-23 04:00,9.21,,Australia,0.06,paypall,18.22,Furniture,In-store,Not Returned,DHL,Rome,Low
126004,SKU_1604,USB Cable,45,2024-04-23 20:00,47.07,,Netherlands,0.3,paypall,6.07,Accessories,Online,Not Returned,DHL,Berlin,High
992131,SKU_1138,Wall Clock,2,2024-04-24 01:00,39.25,,Portugal,0.5,Bank Transfer,22.04,Accessories,In-store,Not Returned,Royal Mail,London,High
107736,SKU_1525,Headphones,32,2024-04-24 06:00,33.86,,Netherlands,0.18,Bank Transfer,12.82,Electronics,Online,Not Returned,Royal Mail,Amsterdam,High
861848,SKU_1626,Desk Lamp,-17,2024-04-25 00:00,70.71,,Sweden,0.22,Credit Card,,Apparel,In-store,Not Returned,FedEx,,Medium
150670,SKU_1619,Wireless Mouse,4,2024-04-25 03:00,9.78,,Spain,0.1,Credit Card,10.63,Accessories,Online,Not Returned,DHL,,High
593358,SKU_1405,Desk Lamp,-31,2024-04-25 04:00,-59.29,,Spain,1.312709820724303,paypall,,Apparel,Online,Not Returned,FedEx,,Medium
895795,SKU_1581,Headphones,2,2024-04-25 09:00,36.45,,Italy,0.43,paypall,7.27,Furniture,Online,Not Returned,FedEx,Amsterdam,Low
541249,SKU_1272,Office Chair,45,2024-04-26 10:00,87.31,,Australia,0.06,paypall,7.24,Electronics,Online,Not Returned,Royal Mail,,Low
523801,SKU_1944,Wireless Mouse,13,2024-04-26 20:00,68.34,,Belgium,0.13,Credit Card,28.82,Accessories,In-store,Not Returned,UPS,Paris,Low
556696,SKU_1825,Headphones,-22,2024-04-27 00:00,54.49,,France,0.19,Bank Transfer,,Furniture,In-store,Not Returned,UPS,,High
926710,SKU_1178,Headphones,13,2024-04-28 02:00,85.43,,Australia,0.43,paypall,13.96,Electronics,Online,Not Returned,Royal Mail,London,High
933587,SKU_1290,T-shirt,23,2024-04-28 05:00,95.11,,Belgium,0.0,paypall,6.91,Accessories,In-store,Not Returned,UPS,Rome,Low
781867,SKU_1060,USB Cable,23,2024-04-28 10:00,95.1,,Norway,0.24,paypall,13.81,Electronics,In-store,Not Returned,FedEx,,High
107661,SKU_1860,Desk Lamp,11,2024-04-28 11:00,39.38,,United States,0.09,paypall,11.65,Stationery,Online,Not Returned,Royal Mail,Paris,High
446473,SKU_1579,Wall Clock,25,2024-04-29 00:00,56.44,,United Kingdom,0.41,Bank Transfer,10.31,Stationery,Online,Not Returned,FedEx,Berlin,High
354936,SKU_1734,T-shirt,-2,2024-04-29 08:00,-84.72,,United Kingdom,1.1852705823434362,Bank Transfer,,Electronics,In-store,Not Returned,FedEx,,Medium
237213,SKU_1904,T-shirt,-45,2024-04-29 17:00,-79.1,,Portugal,1.5473475657853988,Credit Card,,Stationery,In-store,Not Returned,DHL,,Medium
248192,SKU_1834,Desk Lamp,21,2024-04-29 22:00,96.34,,Netherlands,0.11,Bank Transfer,25.35,Electronics,In-store,Not Returned,FedEx,,Low
485468,SKU_1090,Backpack,25,2024-04-30 07:00,72.83,,United States,0.02,Credit Card,5.91,Apparel,In-store,Not Returned,FedEx,Rome,Medium
929801,SKU_1240,Desk Lamp,-48,2024-05-01 00:00,68.53,,Norway,0.22,Bank Transfer,,Furniture,Online,Not Returned,DHL,,High
329071,SKU_1973,White Mug,37,2024-05-01 06:00,60.35,,Germany,0.15,paypall,10.29,Furniture,In-store,Not Returned,Royal Mail,Paris,Medium
341549,SKU_1724,Wireless Mouse,-12,2024-05-02 02:00,-51.67,,Norway,1.9326953376621017,Bank Transfer,,Accessories,In-store,Not Returned,DHL,,High
756887,SKU_1773,Blue Pen,45,2024-05-02 10:00,85.31,,Belgium,0.31,Credit Card,15.48,Electronics,Online,Not Returned,Royal Mail,,Medium
247334,SKU_1132,T-shirt,16,2024-05-03 14:00,62.87,,United States,0.02,paypall,17.75,Apparel,Online,Not Returned,DHL,Berlin,Low
766244,SKU_1609,Blue Pen,22,2024-05-03 19:00,59.76,,Netherlands,0.11,Credit Card,28.78,Stationery,Online,Not Returned,FedEx,,Low
327016,SKU_1100,Notebook,20,2024-05-04 18:00,39.21,,United States,0.02,paypall,7.92,Apparel,Online,Returned,FedEx,Amsterdam,Medium
904683,SKU_1339,Wireless Mouse,-33,2024-05-04 21:00,64.99,,United States,0.15,Bank Transfer,,Electronics,In-store,Not Returned,FedEx,,Low
187687,SKU_1744,Headphones,-7,2024-05-05 09:00,-76.49,,Spain,0.4,paypall,,Furniture,In-store,Returned,DHL,,Low
334840,SKU_1001,Wireless Mouse,17,2024-05-06 07:00,85.9,,Belgium,0.28,Credit Card,27.39,Apparel,Online,Not Returned,FedEx,Amsterdam,Low
660148,SKU_1884,Wall Clock,-37,2024-05-06 11:00,-70.65,,United Kingdom,0.07,Credit Card,,Furniture,Online,Not Returned,Royal Mail,,Medium
878161,SKU_1867,Office Chair,-3,2024-05-06 19:00,16.18,,Netherlands,0.23,Bank Transfer,,Furniture,Online,Not Returned,UPS,,High
354200,SKU_1182,Wireless Mouse,-30,2024-05-07 06:00,-24.75,,Italy,1.8955209604424252,Credit Card,,Accessories,In-store,Not Returned,Royal Mail,,Medium
188966,SKU_1112,Desk Lamp,-20,2024-05-08 03:00,64.09,,Portugal,0.11,paypall,,Stationery,Online,Not Returned,Royal Mail,,Medium
533245,SKU_1917,Office Chair,31,2024-05-08 07:00,20.82,,Italy,0.21,Credit Card,17.51,Apparel,Online,Not Returned,Royal Mail,Paris,Medium
798447,SKU_1887,Office Chair,24,2024-05-08 20:00,9.5,,Norway,0.31,paypall,14.12,Stationery,In-store,Not Returned,DHL,,High
857354,SKU_1061,Headphones,-24,2024-05-08 23:00,19.94,,Belgium,0.37,Credit Card,,Furniture,In-store,Not Returned,FedEx,,Low
894916,SKU_1747,Backpack,18,2024-05-09 01:00,63.43,,Australia,0.46,Bank Transfer,27.6,Electronics,In-store,Not Returned,UPS,,High
751288,SKU_1658,Office Chair,2,2024-05-09 07:00,79.53,,Norway,0.39,Credit Card,28.99,Accessories,Online,Returned,DHL,Amsterdam,Medium
716764,SKU_1634,Office Chair,-8,2024-05-09 11:00,76.64,,Norway,0.15,Credit Card,,Electronics,Online,Returned,UPS,,High
419926,SKU_1709,Backpack,40,2024-05-09 22:00,97.9,,United Kingdom,0.18,Credit Card,18.91,Electronics,In-store,Not Returned,UPS,,High
177261,SKU_1441,Wall Clock,15,2024-05-09 23:00,19.27,,Italy,0.01,Credit Card,12.13,Stationery,In-store,Not Returned,FedEx,,Low
964038,SKU_1246,White Mug,-44,2024-05-10 00:00,-69.19,,Norway,0.12,Bank Transfer,,Stationery,Online,Not Returned,Royal Mail,,High
181604,SKU_1568,Backpack,-35,2024-05-10 02:00,-11.04,,Netherlands,1.9849718972708723,Bank Transfer,,Accessories,Online,Not Returned,UPS,,Low
773527,SKU_1057,Backpack,-38,2024-05-10 05:00,-5.9,,Spain,1.9997639480756848,Bank Transfer,,Electronics,Online,Not Returned,FedEx,,Low
125443,SKU_1848,Backpack,37,2024-05-10 06:00,88.77,,United States,0.15,Bank Transfer,28.3,Accessories,Online,Not Returned,FedEx,Paris,Medium
449969,SKU_1962,Headphones,25,2024-05-10 15:00,62.84,,United Kingdom,0.49,paypall,23.42,Accessories,Online,Not Returned,Royal Mail,,High
821907,SKU_1098,Desk Lamp,2,2024-05-11 01:00,6.12,,France,0.07,Bank Transfer,21.51,Accessories,Online,Not Returned,Royal Mail,Paris,High
618412,SKU_1440,Headphones,-47,2024-05-11 04:00,75.32,,Germany,0.49,Bank Transfer,,Apparel,In-store,Not Returned,FedEx,,Low
985008,SKU_1812,Notebook,-1,2024-05-11 06:00,-45.74,,France,1.1135445230767873,Credit Card,,Accessories,Online,Not Returned,DHL,,High
161444,SKU_1925,Wall Clock,-25,2024-05-11 15:00,-41.63,,Belgium,1.303596711192681,Credit Card,,Stationery,In-store,Not Returned,Royal Mail,,High
775489,SKU_1863,Blue Pen,-4,2024-05-11 19:00,-94.69,,France,1.5634983430081766,paypall,,Electronics,In-store,Not Returned,DHL,,Medium
740572,SKU_1610,Notebook,29,2024-05-11 20:00,91.98,,Italy,0.42,paypall,5.68,Accessories,Online,Not Returned,Royal Mail,,High
963664,SKU_1950,Office Chair,-10,2024-05-12 14:00,-23.52,,United Kingdom,1.2019086121044391,Credit Card,,Accessories,Online,Not Returned,DHL,,Low
356599,SKU_1726,Blue Pen,41,2024-05-12 22:00,55.53,,United States,0.08,Credit Card,18.05,Electronics,In-store,Not Returned,Royal Mail,Berlin,Medium
121497,SKU_1989,Blue Pen,47,2024-05-12 23:00,43.67,,Italy,0.43,Bank Transfer,26.77,Furniture,Online,Returned,Royal Mail,London,Medium
712971,SKU_1183,USB Cable,6,2024-05-13 01:00,58.08,,United States,0.28,Bank Transfer,24.85,Electronics,In-store,Not Returned,UPS,Amsterdam,Low
920392,SKU_1578,Headphones,-20,2024-05-13 05:00,-70.4,,Portugal,1.3372992542771098,Bank Transfer,,Electronics,In-store,Not Returned,UPS,,High
286056,SKU_1334,Backpack,25,2024-05-13 08:00,75.13,,Norway,0.32,Bank Transfer,14.8,Accessories,Online,Not Returned,UPS,,Medium
280607,SKU_1514,Office Chair,-35,2024-05-13 21:00,-65.8,,Netherlands,1.058105781206483,paypall,,Accessories,In-store,Not Returned,FedEx,,Low
196765,SKU_1634,Office Chair,-30,2024-05-14 00:00,80.91,,Portugal,0.31,paypall,,Electronics,Online,Not Returned,FedEx,,Low
380361,SKU_1207,Desk Lamp,12,2024-05-14 06:00,57.16,,Sweden,0.37,Credit Card,26.47,Furniture,In-store,Not Returned,FedEx,Rome,High
896325,SKU_1316,T-shirt,26,2024-05-15 06:00,99.17,,Italy,0.36,Bank Transfer,8.99,Stationery,Online,Not Returned,DHL,,Medium
507443,SKU_1066,Wireless Mouse,-47,2024-05-16 06:00,-49.75,,Australia,1.6672032836826705,Bank Transfer,,Stationery,Online,Not Returned,Royal Mail,,Low
573017,SKU_1254,USB Cable,-2,2024-05-16 07:00,72.06,,United Kingdom,0.14,Credit Card,,Accessories,In-store,Not Returned,Royal Mail,,Medium
779872,SKU_1026,Headphones,35,2024-05-16 20:00,38.97,,United States,0.23,paypall,19.52,Stationery,In-store,Not Returned,UPS,,High
833456,SKU_1630,Blue Pen,-21,2024-05-17 19:00,-29.73,,Spain,0.23,paypall,,Accessories,Online,Not Returned,UPS,,Medium
215737,SKU_1692,Desk Lamp,-10,2024-05-17 23:00,-94.52,,Portugal,1.412295341691408,Bank Transfer,,Accessories,Online,Not Returned,FedEx,,Medium
528729,SKU_1150,Notebook,22,2024-05-18 13:00,82.57,,Australia,0.45,Credit Card,29.2,Apparel,Online,Not Returned,UPS,,Medium
513073,SKU_1365,Blue Pen,-30,2024-05-19 10:00,-51.93,,Sweden,1.1326171007533294,paypall,,Accessories,Online,Not Returned,FedEx,,Medium
251382,SKU_1207,T-shirt,30,2024-05-19 15:00,68.49,,Spain,0.42,Credit Card,17.49,Electronics,In-store,Returned,Royal Mail,Rome,High
512264,SKU_1202,USB Cable,37,2024-05-20 02:00,21.59,,Norway,0.23,Credit Card,22.66,Accessories,In-store,Not Returned,DHL,Paris,High
877150,SKU_1407,USB Cable,-45,2024-05-20 07:00,-4.65,,Spain,0.41,Bank Transfer,,Stationery,In-store,Not Returned,DHL,,Medium
259506,SKU_1641,Wall Clock,-47,2024-05-21 15:00,93.36,,Germany,0.28,paypall,,Electronics,In-store,Not Returned,UPS,,Low
350666,SKU_1459,Wireless Mouse,-28,2024-05-22 02:00,61.12,,Spain,0.02,paypall,,Accessories,Online,Not Returned,Royal Mail,,Medium
700884,SKU_1465,T-shirt,31,2024-05-22 23:00,54.75,,United States,0.3,paypall,29.97,Stationery,Online,Not Returned,Royal Mail,Rome,Medium
866065,SKU_1428,Office Chair,28,2024-05-23 00:00,11.26,,Spain,0.42,Credit Card,16.79,Accessories,In-store,Not Returned,DHL,,Low
677770,SKU_1235,Wall Clock,-13,2024-05-23 05:00,85.0,,Australia,0.01,paypall,,Apparel,In-store,Not Returned,UPS,,Medium
449511,SKU_1227,Blue Pen,-39,2024-05-23 19:00,21.91,,Netherlands,0.25,Bank Transfer,,Stationery,In-store,Not Returned,UPS,,Medium
189169,SKU_1708,Notebook,23,2024-05-24 01:00,4.26,,Australia,0.48,Bank Transfer,26.69,Stationery,Online,Not Returned,UPS,,Medium
187721,SKU_1277,Wireless Mouse,-33,2024-05-24 08:00,-38.44,,United Kingdom,1.1115614400252924,Credit Card,,Apparel,In-store,Not Returned,UPS,,High
119133,SKU_1999,White Mug,49,2024-05-24 09:00,34.11,,Italy,0.08,Bank Transfer,26.56,Apparel,Online,Not Returned,FedEx,Paris,Medium
976137,SKU_1007,Blue Pen,40,2024-05-24 10:00,49.12,,France,0.23,paypall,28.52,Accessories,In-store,Not Returned,DHL,Amsterdam,High
909791,SKU_1363,Wall Clock,-2,2024-05-24 11:00,-7.51,,Germany,1.2290245067754286,Bank Transfer,,Stationery,Online,Not Returned,FedEx,,Medium
816745,SKU_1451,Backpack,42,2024-05-24 12:00,86.16,,Netherlands,0.39,paypall,6.55,Accessories,In-store,Not Returned,FedEx,Paris,Low
135495,SKU_1389,Headphones,-8,2024-05-24 18:00,55.97,,Italy,0.45,Bank Transfer,,Furniture,Online,Returned,UPS,,High
368631,SKU_1241,Blue Pen,-18,2024-05-24 19:00,-83.06,,Australia,0.48,Bank Transfer,,Furniture,In-store,Not Returned,FedEx,,Low
963191,SKU_1205,White Mug,-46,2024-05-25 13:00,81.71,,Belgium,0.39,Credit Card,,Stationery,Online,Not Returned,UPS,,Low
267115,SKU_1201,White Mug,-8,2024-05-26 13:00,15.22,,Sweden,0.26,paypall,,Accessories,Online,Not Returned,FedEx,,Low
602926,SKU_1219,Blue Pen,-7,2024-05-26 17:00,13.32,,Spain,0.47,Bank Transfer,,Apparel,In-store,Not Returned,UPS,,High
361252,SKU_1323,Wireless Mouse,-30,2024-05-26 21:00,-30.99,,Sweden,1.5688612180048245,paypall,,Accessories,In-store,Not Returned,FedEx,,Low
276173,SKU_1185,Blue Pen,-14,2024-05-27 01:00,66.71,,Netherlands,0.01,paypall,,Furniture,Online,Not Returned,FedEx,,Low
690169,SKU_1133,Backpack,-18,2024-05-27 02:00,20.48,,Spain,0.3,Bank Transfer,,Electronics,In-store,Not Returned,UPS,,Low
857668,SKU_1253,T-shirt,-26,2024-05-27 19:00,-7.22,,Sweden,0.4,paypall,,Apparel,In-store,Not Returned,DHL,,Medium
809157,SKU_1161,White Mug,42,2024-05-27 22:00,84.86,,Norway,0.29,Bank Transfer,19.72,Stationery,In-store,Returned,UPS,,Low
156235,SKU_1232,Notebook,-37,2024-05-28 21:00,63.8,,Italy,0.16,paypall,,Electronics,Online,Returned,UPS,,Medium
369969,SKU_1595,Headphones,20,2024-05-29 05:00,9.96,,United Kingdom,0.22,Credit Card,8.39,Apparel,Online,Not Returned,FedEx,,Low
300344,SKU_1927,Notebook,47,2024-05-29 13:00,2.05,,Italy,0.08,Credit Card,5.9,Stationery,Online,Not Returned,FedEx,Rome,Medium
885291,SKU_1068,Blue Pen,20,2024-05-29 17:00,78.81,,Norway,0.18,paypall,29.73,Accessories,Online,Not Returned,UPS,Amsterdam,Medium
507881,SKU_1891,White Mug,-50,2024-05-29 22:00,-54.76,,France,1.988729144443392,Bank Transfer,,Stationery,Online,Not Returned,Royal Mail,,Medium
935671,SKU_1884,Wireless Mouse,-37,2024-05-30 02:00,19.95,,United States,0.24,paypall,,Accessories,Online,Not Returned,DHL,,Medium
578955,SKU_1914,Backpack,-33,2024-05-31 14:00,-20.09,,Germany,1.750293784908608,Credit Card,,Furniture,Online,Returned,Royal Mail,,Medium
758346,SKU_1126,Headphones,-19,2024-05-31 20:00,-73.9,,Italy,1.025609144530322,Credit Card,,Furniture,Online,Not Returned,UPS,,Low
484911,SKU_1500,Wireless Mouse,42,2024-05-31 22:00,85.49,,France,0.39,Credit Card,8.51,Electronics,Online,Not Returned,Royal Mail,Berlin,High
767891,SKU_1150,Backpack,37,2024-06-01 09:00,27.72,,Belgium,0.23,paypall,27.82,Accessories,Online,Not Returned,Royal Mail,,Low
519135,SKU_1212,T-shirt,24,2024-06-01 14:00,98.9,,Norway,0.25,Credit Card,22.99,Electronics,Online,Not Returned,Royal Mail,Rome,High
954382,SKU_1795,White Mug,-29,2024-06-01 18:00,-9.9,,Norway,1.894131548601184,Bank Transfer,,Accessories,In-store,Not Returned,FedEx,,High
771695,SKU_1970,Office Chair,15,2024-06-02 09:00,19.45,,Portugal,0.18,paypall,9.36,Furniture,Online,Not Returned,UPS,,High
364319,SKU_1368,Blue Pen,-50,2024-06-02 11:00,-86.34,,Belgium,0.43,paypall,,Stationery,Online,Not Returned,FedEx,,Medium
518235,SKU_1979,USB Cable,-21,2024-06-03 00:00,-58.73,,Sweden,1.6788157553521454,Credit Card,,Stationery,Online,Not Returned,DHL,,Low
149572,SKU_1418,T-shirt,39,2024-06-03 12:00,21.87,,United Kingdom,0.13,paypall,24.57,Stationery,In-store,Not Returned,Royal Mail,London,Low
154497,SKU_1518,Wireless Mouse,-27,2024-06-03 16:00,2.47,,Belgium,0.15,Credit Card,,Electronics,In-store,Not Returned,Royal Mail,,High
135394,SKU_1913,T-shirt,-49,2024-06-03 21:00,5.25,,Sweden,0.34,Credit Card,,Furniture,Online,Returned,UPS,,High
727844,SKU_1564,Blue Pen,-40,2024-06-05 13:00,-73.71,,United States,0.17,paypall,,Stationery,Online,Not Returned,UPS,,Low
318124,SKU_1824,Headphones,-17,2024-06-06 00:00,-84.86,,Norway,0.11,paypall,,Accessories,In-store,Not Returned,DHL,,Medium
207041,SKU_1551,USB Cable,-38,2024-06-06 05:00,-35.6,,Sweden,1.6676157826342766,paypall,,Apparel,Online,Not Returned,FedEx,,High
301867,SKU_1909,Wireless Mouse,-47,2024-06-06 06:00,57.76,,Australia,0.41,Bank Transfer,,Accessories,Online,Not Returned,DHL,,Low
659978,SKU_1733,USB Cable,-29,2024-06-06 11:00,-1.47,,Sweden,1.70470394510942,paypall,,Accessories,Online,Not Returned,DHL,,Medium
719648,SKU_1163,Blue Pen,-47,2024-06-06 12:00,-43.96,,Italy,0.22,paypall,,Electronics,Online,Not Returned,UPS,,High
875415,SKU_1347,Notebook,12,2024-06-06 19:00,61.35,,Belgium,0.16,Bank Transfer,8.41,Furniture,In-store,Returned,FedEx,Amsterdam,Medium
943886,SKU_1765,Office Chair,10,2024-06-06 20:00,7.63,,Portugal,0.08,Bank Transfer,24.42,Apparel,In-store,Not Returned,UPS,,High
237679,SKU_1089,Office Chair,19,2024-06-07 04:00,73.86,,Italy,0.4,Bank Transfer,10.3,Stationery,In-store,Returned,UPS,,Low
596644,SKU_1620,Headphones,-39,2024-06-07 09:00,-95.42,,Germany,1.1951449495110986,paypall,,Furniture,In-store,Not Returned,DHL,,Low
791298,SKU_1489,Notebook,-38,2024-06-07 16:00,23.7,,Sweden,0.38,paypall,,Accessories,In-store,Not Returned,DHL,,Medium
988842,SKU_1596,Headphones,-14,2024-06-07 20:00,18.28,,Australia,0.33,Credit Card,,Stationery,Online,Not Returned,FedEx,,Low
325328,SKU_1637,Headphones,-38,2024-06-08 06:00,-36.75,,United Kingdom,1.3829353948028846,paypall,,Electronics,In-store,Not Returned,DHL,,Medium
451017,SKU_1471,Blue Pen,-7,2024-06-08 19:00,-80.07,,Netherlands,1.4310022582976374,paypall,,Furniture,In-store,Returned,DHL,,Low
783226,SKU_1398,White Mug,9,2024-06-09 02:00,82.11,,Belgium,0.05,Credit Card,11.2,Electronics,Online,Not Returned,Royal Mail,Berlin,Medium
221909,SKU_1202,T-shirt,37,2024-06-09 03:00,44.62,,Germany,0.13,Bank Transfer,24.61,Furniture,In-store,Not Returned,Royal Mail,Paris,High
417744,SKU_1117,Wireless Mouse,-44,2024-06-09 11:00,93.56,,Portugal,0.06,Bank Transfer,,Apparel,In-store,Not Returned,FedEx,,Medium
343439,SKU_1073,Wireless Mouse,-47,2024-06-09 13:00,-60.93,,Netherlands,1.7237147776396344,Credit Card,,Furniture,Online,Not Returned,Royal Mail,,High
580884,SKU_1425,Blue Pen,19,2024-06-09 16:00,71.0,,France,0.26,Credit Card,14.6,Electronics,Online,Not Returned,Royal Mail,,High
865924,SKU_1383,USB Cable,39,2024-06-09 18:00,88.45,,Germany,0.39,Bank Transfer,11.63,Electronics,In-store,Not Returned,DHL,,Low
662881,SKU_1651,White Mug,13,2024-06-10 14:00,10.39,,France,0.01,paypall,19.33,Electronics,In-store,Not Returned,Royal Mail,Rome,Medium
225605,SKU_1154,Wireless Mouse,-42,2024-06-10 20:00,-13.01,,Netherlands,1.704005984033434,Credit Card,,Apparel,Online,Not Returned,UPS,,Low
622962,SKU_1948,White Mug,-23,2024-06-10 22:00,41.71,,Spain,0.43,Bank Transfer,,Stationery,In-store,Not Returned,FedEx,,Medium
426541,SKU_1071,T-shirt,-18,2024-06-11 02:00,87.46,,France,0.02,Bank Transfer,,Electronics,In-store,Not Returned,Royal Mail,,High
487832,SKU_1519,Headphones,-12,2024-06-11 14:00,-13.64,,Spain,0.34,Bank Transfer,,Apparel,Online,Not Returned,FedEx,,Medium
287388,SKU_1937,Desk Lamp,-6,2024-06-11 20:00,-77.23,,Sweden,1.9031059337589544,Credit Card,,Accessories,In-store,Not Returned,UPS,,Medium
227247,SKU_1288,Notebook,-40,2024-06-12 07:00,12.99,,Spain,0.18,paypall,,Accessories,In-store,Not Returned,DHL,,Low
928296,SKU_1344,Notebook,-27,2024-06-12 19:00,-59.88,,Italy,1.9552915697807147,Bank Transfer,,Stationery,Online,Not Returned,UPS,,High
192874,SKU_1066,Desk Lamp,28,2024-06-13 11:00,38.09,,Norway,0.33,Credit Card,16.66,Accessories,Online,Not Returned,DHL,,Low
309948,SKU_1738,Backpack,25,2024-06-14 09:00,14.61,,Netherlands,0.14,Bank Transfer,18.61,Stationery,Online,Not Returned,FedEx,Paris,Low
906060,SKU_1076,Blue Pen,37,2024-06-14 18:00,94.8,,Sweden,0.02,paypall,22.56,Electronics,In-store,Not Returned,UPS,Berlin,Medium
844886,SKU_1769,USB Cable,-48,2024-06-15 00:00,82.59,,Italy,0.3,Bank Transfer,,Furniture,In-store,Returned,DHL,,Low
951578,SKU_1376,Blue Pen,-3,2024-06-15 02:00,41.8,,France,0.11,paypall,,Furniture,In-store,Not Returned,Royal Mail,,Low
338934,SKU_1435,Office Chair,18,2024-06-15 04:00,77.49,,United Kingdom,0.46,Credit Card,9.51,Electronics,In-store,Not Returned,Royal Mail,,Medium
898053,SKU_1119,Backpack,48,2024-06-15 19:00,53.59,,Germany,0.41,paypall,20.29,Stationery,Online,Not Returned,UPS,Rome,Medium
891675,SKU_1954,Headphones,3,2024-06-16 06:00,3.73,,United States,0.21,Bank Transfer,26.48,Electronics,Online,Not Returned,UPS,,High
601211,SKU_1120,White Mug,20,2024-06-16 07:00,37.41,,Italy,0.48,paypall,19.57,Electronics,Online,Not Returned,Royal Mail,,High
431687,SKU_1912,Desk Lamp,40,2024-06-16 21:00,80.86,,United Kingdom,0.01,Bank Transfer,5.38,Apparel,In-store,Returned,DHL,Paris,High
935737,SKU_1664,Office Chair,49,2024-06-18 06:00,55.16,,United Kingdom,0.13,paypall,17.79,Stationery,In-store,Returned,DHL,,Low
992658,SKU_1593,White Mug,-6,2024-06-18 14:00,-17.21,,Germany,0.12,paypall,,Accessories,Online,Not Returned,FedEx,,High
242841,SKU_1476,T-shirt,-42,2024-06-18 17:00,-75.84,,Italy,0.15,Bank Transfer,,Apparel,Online,Not Returned,UPS,,High
614503,SKU_1887,Backpack,7,2024-06-19 19:00,77.04,,Sweden,0.13,Credit Card,27.87,Furniture,In-store,Not Returned,Royal Mail,Rome,Low
946356,SKU_1123,Wall Clock,19,2024-06-19 21:00,25.58,,Belgium,0.08,paypall,19.77,Accessories,In-store,Not Returned,DHL,Amsterdam,High
678876,SKU_1907,Backpack,-30,2024-06-20 15:00,95.82,,Norway,0.15,Credit Card,,Electronics,Online,Not Returned,UPS,,Low
472900,SKU_1314,Backpack,-6,2024-06-21 03:00,-95.23,,Belgium,1.5998043181576451,Credit Card,,Electronics,In-store,Not Returned,Royal Mail,,Medium
222184,SKU_1051,Desk Lamp,-31,2024-06-22 16:00,48.82,,Italy,0.24,Bank Transfer,,Electronics,In-store,Not Returned,UPS,,High
797522,SKU_1166,Office Chair,19,2024-06-23 01:00,7.95,,Portugal,0.31,Bank Transfer,14.54,Stationery,Online,Not Returned,FedEx,London,Low
275380,SKU_1366,Headphones,-24,2024-06-24 01:00,-62.5,,Norway,1.793552179565542,Credit Card,,Electronics,Online,Not Returned,UPS,,High
900820,SKU_1557,Backpack,18,2024-06-24 12:00,42.96,,Belgium,0.39,Bank Transfer,23.98,Accessories,Online,Not Returned,FedEx,,Low
808034,SKU_1656,Office Chair,-45,2024-06-25 16:00,56.04,,Spain,0.34,paypall,,Stationery,Online,Not Returned,FedEx,,Low
858641,SKU_1549,USB Cable,-17,2024-06-26 02:00,82.79,,Norway,0.3,Bank Transfer,,Furniture,In-store,Not Returned,UPS,,Low
563698,SKU_1413,Backpack,8,2024-06-26 18:00,90.15,,Portugal,0.25,Bank Transfer,7.45,Furniture,In-store,Not Returned,DHL,,High
303265,SKU_1904,Desk Lamp,-49,2024-06-26 22:00,3.12,,Belgium,0.32,paypall,,Stationery,Online,Not Returned,DHL,,High
656010,SKU_1301,Wireless Mouse,3,2024-06-27 23:00,45.4,,Sweden,0.35,paypall,18.8,Furniture,In-store,Not Returned,UPS,Amsterdam,High
326707,SKU_1969,Notebook,22,2024-06-28 04:00,15.28,,Netherlands,0.43,Credit Card,13.86,Apparel,Online,Not Returned,FedEx,Amsterdam,Low
802022,SKU_1353,Wall Clock,-48,2024-06-29 13:00,41.98,,Germany,0.2,Bank Transfer,,Apparel,Online,Not Returned,DHL,,Medium
911201,SKU_1683,Headphones,-16,2024-06-29 18:00,-48.6,,United Kingdom,1.578264198350666,Bank Transfer,,Furniture,In-store,Not Returned,UPS,,High
950199,SKU_1044,Blue Pen,-4,2024-06-29 22:00,51.14,,Italy,0.38,Credit Card,,Stationery,In-store,Returned,Royal Mail,,Medium
686761,SKU_1361,White Mug,-30,2024-06-30 00:00,78.38,,Germany,0.22,paypall,,Stationery,Online,Not Returned,UPS,,Medium
758816,SKU_1098,Blue Pen,-19,2024-07-01 01:00,67.53,,Norway,0.42,Bank Transfer,,Stationery,Online,Not Returned,UPS,,High
665175,SKU_1741,Desk Lamp,-50,2024-07-01 06:00,29.65,,Germany,0.15,Bank Transfer,,Furniture,In-store,Not Returned,DHL,,Medium
232732,SKU_1146,White Mug,39,2024-07-01 08:00,96.27,,Germany,0.32,Bank Transfer,5.21,Furniture,Online,Not Returned,DHL,Rome,Low
604120,SKU_1746,Backpack,-47,2024-07-02 07:00,-44.95,,United Kingdom,1.9333701048341008,paypall,,Stationery,In-store,Not Returned,FedEx,,High
504991,SKU_1532,Notebook,31,2024-07-02 23:00,16.57,,Sweden,0.44,paypall,15.92,Furniture,In-store,Not Returned,FedEx,Amsterdam,High
218222,SKU_1276,Desk Lamp,2,2024-07-03 08:00,38.14,,Belgium,0.31,Bank Transfer,18.16,Apparel,In-store,Not Returned,FedEx,London,Medium
923818,SKU_1056,Office Chair,-34,2024-07-03 13:00,-51.59,,Portugal,0.36,Bank Transfer,,Stationery,In-store,Returned,Royal Mail,,High
608105,SKU_1499,Office Chair,-15,2024-07-03 23:00,-18.05,,Italy,1.315369905084243,paypall,,Electronics,Online,Not Returned,FedEx,,Low
556076,SKU_1140,Wall Clock,-41,2024-07-04 03:00,-48.79,,France,1.0027325835025973,Credit Card,,Apparel,In-store,Not Returned,FedEx,,High
211541,SKU_1007,White Mug,-44,2024-07-04 06:00,-39.55,,Netherlands,1.0488595957515705,Bank Transfer,,Furniture,In-store,Not Returned,FedEx,,High
562485,SKU_1155,Desk Lamp,-19,2024-07-05 02:00,-75.42,,Sweden,1.3406804349570431,Bank Transfer,,Furniture,Online,Returned,DHL,,Medium
900186,SKU_1095,Headphones,24,2024-07-06 20:00,67.02,,Spain,0.09,Bank Transfer,24.99,Furniture,In-store,Not Returned,DHL,,High
552776,SKU_1752,T-shirt,-33,2024-07-06 22:00,-24.35,,Australia,0.35,paypall,,Stationery,Online,Not Returned,Royal Mail,,Medium
447493,SKU_1179,Backpack,-36,2024-07-07 16:00,-62.83,,United States,1.1208497756147215,paypall,,Electronics,Online,Not Returned,UPS,,Medium
285084,SKU_1255,T-shirt,40,2024-07-07 18:00,27.86,,Italy,0.17,Credit Card,27.54,Apparel,In-store,Not Returned,Royal Mail,Paris,High
304228,SKU_1957,Wireless Mouse,43,2024-07-07 19:00,65.01,,United Kingdom,0.15,Bank Transfer,14.03,Stationery,Online,Not Returned,DHL,Berlin,Medium
996807,SKU_1550,Wireless Mouse,43,2024-07-10 20:00,47.38,,Italy,0.03,paypall,20.65,Accessories,In-store,Not Returned,FedEx,,Low
935886,SKU_1119,Headphones,8,2024-07-11 04:00,2.86,,Australia,0.18,Bank Transfer,8.18,Apparel,In-store,Not Returned,FedEx,London,Low
106037,SKU_1093,T-shirt,-24,2024-07-12 21:00,-76.25,,Netherlands,1.911126841039175,paypall,,Apparel,Online,Not Returned,Royal Mail,,High
837491,SKU_1479,Office Chair,21,2024-07-14 07:00,85.31,,Australia,0.01,Bank Transfer,5.61,Furniture,In-store,Not Returned,Royal Mail,Berlin,Low
685484,SKU_1998,Desk Lamp,-26,2024-07-14 18:00,29.47,,France,0.29,Bank Transfer,,Accessories,Online,Not Returned,DHL,,Low
755644,SKU_1831,White Mug,8,2024-07-15 12:00,25.29,,Portugal,0.19,paypall,23.27,Apparel,In-store,Returned,DHL,Berlin,Medium
541299,SKU_1709,Notebook,-13,2024-07-15 13:00,66.64,,Spain,0.2,paypall,,Stationery,In-store,Not Returned,UPS,,High
233770,SKU_1511,Blue Pen,18,2024-07-16 20:00,48.76,,United States,0.28,Credit Card,12.11,Apparel,Online,Not Returned,UPS,London,Medium
882586,SKU_1846,Office Chair,-37,2024-07-16 22:00,-61.91,,United Kingdom,0.42,Credit Card,,Apparel,In-store,Not Returned,Royal Mail,,Low
672356,SKU_1411,Headphones,-12,2024-07-16 23:00,-75.01,,Australia,1.944948480676349,Credit Card,,Stationery,Online,Not Returned,FedEx,,Medium
858974,SKU_1644,Desk Lamp,-13,2024-07-17 00:00,-72.85,,United States,1.1223696821151783,paypall,,Accessories,In-store,Not Returned,DHL,,Medium
394179,SKU_1426,Headphones,44,2024-07-17 11:00,8.02,,Australia,0.06,Credit Card,7.17,Accessories,Online,Not Returned,FedEx,,Medium
464542,SKU_1100,Desk Lamp,9,2024-07-17 23:00,15.54,,Belgium,0.23,paypall,30.0,Accessories,Online,Not Returned,Royal Mail,,High
838356,SKU_1725,Wall Clock,18,2024-07-18 05:00,95.37,,United States,0.03,Credit Card,16.82,Stationery,Online,Not Returned,Royal Mail,,Medium
816999,SKU_1750,T-shirt,-9,2024-07-18 07:00,-64.07,,Portugal,1.6530527685556602,paypall,,Electronics,Online,Not Returned,FedEx,,Medium
641345,SKU_1427,Blue Pen,28,2024-07-18 08:00,15.22,,United Kingdom,0.02,Credit Card,24.84,Accessories,Online,Not Returned,Royal Mail,,Low
856120,SKU_1167,Desk Lamp,21,2024-07-19 07:00,58.0,,Netherlands,0.32,paypall,25.41,Stationery,In-store,Not Returned,DHL,Rome,Medium
840594,SKU_1725,Backpack,-11,2024-07-19 13:00,-32.95,,Spain,1.0825717730349096,Credit Card,,Accessories,In-store,Not Returned,FedEx,,Medium
555563,SKU_1259,Backpack,-19,2024-07-19 17:00,-95.69,,Italy,1.659726641173037,Bank Transfer,,Accessories,Online,Not Returned,DHL,,Low
234191,SKU_1850,Blue Pen,11,2024-07-19 19:00,16.5,,France,0.0,Credit Card,5.43,Electronics,In-store,Not Returned,FedEx,,Medium
207396,SKU_1768,USB Cable,26,2024-07-20 06:00,4.76,,France,0.43,Credit Card,7.69,Furniture,In-store,Not Returned,DHL,Berlin,High
796345,SKU_1319,Backpack,15,2024-07-20 21:00,67.85,,Netherlands,0.18,Credit Card,19.97,Furniture,In-store,Not Returned,Royal Mail,,Low
721931,SKU_1374,Backpack,38,2024-07-20 22:00,49.66,,France,0.29,paypall,11.91,Stationery,Online,Not Returned,FedEx,Amsterdam,High
200369,SKU_1121,Wireless Mouse,18,2024-07-21 02:00,21.82,,Portugal,0.03,paypall,11.65,Furniture,Online,Not Returned,DHL,,Low
986121,SKU_1411,Desk Lamp,40,2024-07-21 22:00,95.01,,Norway,0.45,Bank Transfer,10.1,Electronics,Online,Not Returned,FedEx,,Low
717447,SKU_1535,Wireless Mouse,32,2024-07-22 20:00,2.51,,Sweden,0.15,Credit Card,5.1,Accessories,Online,Not Returned,UPS,,High
158844,SKU_1307,Wall Clock,22,2024-07-22 22:00,6.34,,Netherlands,0.42,paypall,10.29,Electronics,Online,Not Returned,DHL,Paris,Low
696898,SKU_1306,Backpack,-34,2024-07-23 17:00,93.34,,Sweden,0.41,paypall,,Accessories,In-store,Not Returned,Royal Mail,,High
226908,SKU_1906,Wall Clock,-33,2024-07-23 23:00,-36.8,,United States,1.04950967959778,Bank Transfer,,Electronics,In-store,Not Returned,UPS,,High
772207,SKU_1172,USB Cable,-35,2024-07-24 04:00,11.67,,Norway,0.44,Bank Transfer,,Electronics,Online,Not Returned,UPS,,Medium
777385,SKU_1107,White Mug,48,2024-07-24 06:00,73.19,,Netherlands,0.47,Bank Transfer,23.12,Stationery,Online,Not Returned,UPS,Paris,Medium
561149,SKU_1756,Headphones,-22,2024-07-25 04:00,-33.15,,Sweden,1.8895636471444412,Credit Card,,Accessories,Online,Not Returned,UPS,,Low
876267,SKU_1399,Blue Pen,-7,2024-07-25 12:00,-21.73,,France,0.27,paypall,,Accessories,In-store,Not Returned,FedEx,,Low
836484,SKU_1394,T-shirt,21,2024-07-25 16:00,24.9,,Netherlands,0.47,paypall,7.61,Accessories,Online,Not Returned,FedEx,Amsterdam,Medium
312527,SKU_1413,Wall Clock,-36,2024-07-26 01:00,-54.28,,Netherlands,0.16,Bank Transfer,,Electronics,In-store,Not Returned,DHL,,Medium
358514,SKU_1004,Headphones,19,2024-07-26 08:00,91.97,,France,0.3,paypall,22.74,Furniture,In-store,Not Returned,UPS,London,Medium
449555,SKU_1467,Headphones,35,2024-07-27 12:00,30.91,,United Kingdom,0.09,Bank Transfer,18.83,Furniture,Online,Not Returned,DHL,Paris,High
754884,SKU_1998,Office Chair,-26,2024-07-27 16:00,71.39,,Spain,0.19,paypall,,Accessories,Online,Not Returned,FedEx,,Low
980411,SKU_1035,USB Cable,-45,2024-07-28 01:00,-71.63,,Norway,0.02,Credit Card,,Accessories,Online,Returned,UPS,,Medium
689320,SKU_1363,Notebook,-22,2024-07-28 05:00,22.06,,Norway,0.3,Credit Card,,Electronics,In-store,Not Returned,Royal Mail,,Low
973759,SKU_1349,White Mug,-31,2024-07-28 12:00,97.27,,Australia,0.37,paypall,,Electronics,Online,Not Returned,FedEx,,Medium
239258,SKU_1977,Blue Pen,-27,2024-07-29 01:00,-21.22,,Sweden,0.33,Credit Card,,Accessories,In-store,Not Returned,DHL,,Medium
966296,SKU_1555,USB Cable,-45,2024-07-29 08:00,-21.18,,Norway,1.729121434605133,Credit Card,,Furniture,Online,Not Returned,Royal Mail,,Medium
319087,SKU_1961,Wireless Mouse,42,2024-07-29 12:00,42.13,,Italy,0.33,Credit Card,13.52,Electronics,Online,Returned,Royal Mail,,Medium
635035,SKU_1623,T-shirt,-7,2024-07-29 18:00,48.11,,United Kingdom,0.16,Credit Card,,Furniture,In-store,Returned,DHL,,Low
380267,SKU_1256,Blue Pen,-50,2024-07-30 11:00,-5.11,,United States,1.034627613201105,Bank Transfer,,Electronics,In-store,Not Returned,Royal Mail,,Low
230180,SKU_1195,Headphones,48,2024-07-30 20:00,51.47,,Netherlands,0.07,paypall,24.73,Apparel,Online,Not Returned,UPS,Berlin,Low
570378,SKU_1134,Wireless Mouse,36,2024-07-31 01:00,92.67,,Belgium,0.2,paypall,29.0,Accessories,In-store,Returned,FedEx,,Medium
160159,SKU_1346,USB Cable,37,2024-07-31 09:00,53.53,,Spain,0.42,paypall,24.85,Stationery,In-store,Not Returned,FedEx,Rome,Medium
637127,SKU_1080,Wireless Mouse,45,2024-08-01 19:00,69.12,,Germany,0.24,Bank Transfer,10.16,Stationery,In-store,Not Returned,Royal Mail,Rome,Low
432737,SKU_1240,Blue Pen,44,2024-08-02 13:00,50.96,,United Kingdom,0.45,Bank Transfer,25.89,Stationery,In-store,Returned,UPS,Paris,Medium
275245,SKU_1472,Backpack,32,2024-08-02 15:00,85.82,,Norway,0.32,Credit Card,7.2,Stationery,In-store,Not Returned,DHL,Berlin,Low
893507,SKU_1911,T-shirt,-9,2024-08-02 23:00,-51.21,,Australia,1.1300962429317114,Credit Card,,Accessories,Online,Not Returned,UPS,,Medium
659372,SKU_1927,Office Chair,-45,2024-08-03 01:00,-67.28,,Germany,0.08,Bank Transfer,,Electronics,In-store,Not Returned,FedEx,,High
489892,SKU_1605,Wireless Mouse,40,2024-08-03 05:00,71.41,,United Kingdom,0.07,Bank Transfer,28.9,Apparel,In-store,Not Returned,FedEx,,High
590569,SKU_1060,Wireless Mouse,25,2024-08-04 00:00,55.1,,Netherlands,0.1,Credit Card,10.07,Furniture,Online,Not Returned,DHL,Paris,High
269198,SKU_1529,Notebook,-22,2024-08-04 01:00,-57.51,,Germany,0.41,paypall,,Apparel,In-store,Not Returned,DHL,,Low
111204,SKU_1532,Backpack,-36,2024-08-04 15:00,-56.7,,Netherlands,1.2051396357306796,Credit Card,,Furniture,Online,Not Returned,UPS,,Medium
465964,SKU_1938,Desk Lamp,-25,2024-08-04 16:00,53.77,,Australia,0.33,Credit Card,,Accessories,In-store,Not Returned,UPS,,High
506637,SKU_1923,Backpack,-13,2024-08-05 09:00,-51.12,,United States,1.050128912292057,paypall,,Accessories,In-store,Not Returned,DHL,,Low
352787,SKU_1818,Desk Lamp,-30,2024-08-05 13:00,-76.73,,Spain,1.7090558944264145,Credit Card,,Accessories,In-store,Not Returned,Royal Mail,,Medium
541554,SKU_1354,Office Chair,-10,2024-08-06 07:00,-99.23,,Portugal,1.8275996550749023,Credit Card,,Electronics,Online,Not Returned,DHL,,Medium
647449,SKU_1223,Office Chair,22,2024-08-06 11:00,47.11,,United Kingdom,0.38,paypall,24.12,Stationery,In-store,Not Returned,Royal Mail,,Low
158820,SKU_1154,USB Cable,-35,2024-08-06 20:00,6.21,,United States,0.29,paypall,,Stationery,Online,Not Returned,FedEx,,Medium
545719,SKU_1331,Wall Clock,-23,2024-08-07 04:00,-66.94,,Netherlands,1.0660637755725615,Credit Card,,Furniture,Online,Not Returned,FedEx,,High
495632,SKU_1255,Desk Lamp,24,2024-08-07 12:00,19.31,,United Kingdom,0.09,paypall,21.08,Furniture,In-store,Not Returned,FedEx,,High
795796,SKU_1415,White Mug,-4,2024-08-07 13:00,-62.95,,Spain,1.9612506709018656,Bank Transfer,,Electronics,In-store,Not Returned,FedEx,,Low
361882,SKU_1869,Backpack,-45,2024-08-07 19:00,79.85,,Spain,0.43,Credit Card,,Furniture,In-store,Not Returned,DHL,,Medium
946953,SKU_1863,Wireless Mouse,47,2024-08-08 10:00,89.57,,Norway,0.34,Bank Transfer,5.58,Electronics,Online,Not Returned,Royal Mail,Paris,Low
220347,SKU_1405,Wireless Mouse,-17,2024-08-08 18:00,-69.33,,Sweden,1.5949001780514207,Credit Card,,Stationery,In-store,Not Returned,UPS,,Low
176174,SKU_1390,Headphones,-45,2024-08-08 23:00,-89.41,,Sweden,0.44,Credit Card,,Electronics,In-store,Returned,DHL,,High
141617,SKU_1577,Wall Clock,20,2024-08-09 13:00,97.51,,Sweden,0.04,paypall,29.87,Furniture,Online,Not Returned,Royal Mail,,Medium
978896,SKU_1392,Blue Pen,-49,2024-08-10 02:00,83.59,,United States,0.26,paypall,,Accessories,Online,Not Returned,Royal Mail,,Low
858317,SKU_1779,White Mug,15,2024-08-10 08:00,60.89,,Netherlands,0.18,Bank Transfer,25.5,Furniture,Online,Not Returned,FedEx,,Medium
828929,SKU_1207,Notebook,-2,2024-08-10 09:00,-83.56,,Spain,1.22772681205239,Bank Transfer,,Furniture,In-store,Not Returned,DHL,,Medium
550032,SKU_1175,Headphones,38,2024-08-10 10:00,53.89,,Germany,0.47,Credit Card,26.17,Accessories,In-store,Not Returned,DHL,Paris,High
214200,SKU_1009,Desk Lamp,29,2024-08-10 15:00,43.05,,Portugal,0.5,Bank Transfer,11.85,Apparel,In-store,Not Returned,UPS,,Medium
856198,SKU_1207,Blue Pen,-30,2024-08-12 12:00,-37.46,,Belgium,1.7850310974911945,Bank Transfer,,Apparel,Online,Not Returned,UPS,,Low
233025,SKU_1352,Wireless Mouse,-31,2024-08-13 03:00,-16.38,,Belgium,1.4475848123159214,Bank Transfer,,Electronics,Online,Not Returned,Royal Mail,,High
240510,SKU_1721,Notebook,13,2024-08-14 01:00,73.15,,Norway,0.32,Bank Transfer,24.89,Stationery,Online,Not Returned,UPS,,Low
521845,SKU_1819,Backpack,3,2024-08-14 04:00,3.42,,Italy,0.2,paypall,13.87,Accessories,In-store,Not Returned,FedEx,Rome,Low
954844,SKU_1738,USB Cable,-44,2024-08-14 18:00,-33.4,,Germany,0.48,Credit Card,,Stationery,Online,Not Returned,UPS,,Low
881943,SKU_1800,Backpack,2,2024-08-14 19:00,5.39,,United States,0.34,Credit Card,26.1,Furniture,In-store,Not Returned,DHL,Paris,Medium
796323,SKU_1203,Headphones,-13,2024-08-16 12:00,75.65,,France,0.5,paypall,,Accessories,In-store,Not Returned,Royal Mail,,Low
439112,SKU_1696,Blue Pen,-28,2024-08-16 21:00,-74.26,,Spain,1.376966704585462,Bank Transfer,,Stationery,Online,Returned,UPS,,High
703011,SKU_1737,Headphones,21,2024-08-17 09:00,98.33,,United States,0.1,Credit Card,6.05,Furniture,Online,Not Returned,UPS,Rome,High
773366,SKU_1013,Desk Lamp,-36,2024-08-17 14:00,-30.96,,Australia,1.6052781951997934,paypall,,Furniture,Online,Not Returned,Royal Mail,,Low
748610,SKU_1430,Headphones,-4,2024-08-18 03:00,75.96,,Italy,0.47,Credit Card,,Stationery,Online,Not Returned,FedEx,,High
174539,SKU_1602,Desk Lamp,1,2024-08-18 23:00,91.89,,Netherlands,0.23,paypall,27.05,Accessories,Online,Not Returned,DHL,,High
776106,SKU_1748,Desk Lamp,-42,2024-08-19 05:00,91.57,,Netherlands,0.02,paypall,,Accessories,Online,Not Returned,DHL,,Low
913690,SKU_1783,Notebook,-49,2024-08-20 14:00,75.59,,Portugal,0.32,paypall,,Furniture,In-store,Not Returned,FedEx,,Low
739378,SKU_1246,White Mug,-21,2024-08-20 15:00,16.4,,Italy,0.09,Bank Transfer,,Electronics,In-store,Not Returned,FedEx,,Low
932564,SKU_1850,Blue Pen,4,2024-08-21 00:00,63.26,,Spain,0.25,Credit Card,26.56,Stationery,In-store,Not Returned,UPS,Paris,High
495600,SKU_1841,Desk Lamp,-4,2024-08-21 02:00,71.06,,United Kingdom,0.28,Credit Card,,Stationery,Online,Not Returned,Royal Mail,,Medium
597049,SKU_1828,Notebook,-26,2024-08-21 22:00,-72.62,,Netherlands,1.9493023046044704,paypall,,Furniture,Online,Not Returned,DHL,,High
601843,SKU_1478,Notebook,-16,2024-08-22 14:00,43.8,,United Kingdom,0.35,paypall,,Stationery,Online,Not Returned,DHL,,Medium
343082,SKU_1868,White Mug,-21,2024-08-23 00:00,17.36,,Germany,0.42,Credit Card,,Electronics,In-store,Not Returned,DHL,,Low
567876,SKU_1154,USB Cable,-35,2024-08-23 01:00,-88.97,,United States,0.11,Credit Card,,Stationery,Online,Not Returned,FedEx,,Low
543598,SKU_1777,Desk Lamp,-36,2024-08-23 07:00,-66.28,,United Kingdom,1.6917257339337404,Credit Card,,Apparel,Online,Not Returned,FedEx,,Medium
385241,SKU_1600,Office Chair,-14,2024-08-23 23:00,94.54,,United States,0.05,paypall,,Apparel,In-store,Not Returned,DHL,,Medium
102978,SKU_1810,Wireless Mouse,21,2024-08-24 00:00,9.93,,Germany,0.29,paypall,12.24,Accessories,In-store,Not Returned,UPS,,Low
995426,SKU_1375,Desk Lamp,-1,2024-08-25 01:00,46.53,,France,0.29,paypall,,Apparel,In-store,Not Returned,DHL,,Low
930166,SKU_1418,T-shirt,40,2024-08-26 04:00,79.54,,United Kingdom,0.3,Bank Transfer,5.41,Stationery,In-store,Not Returned,DHL,London,High
880680,SKU_1580,White Mug,-35,2024-08-26 10:00,22.3,,France,0.19,Credit Card,,Accessories,In-store,Not Returned,Royal Mail,,Low
914210,SKU_1782,White Mug,-16,2024-08-26 13:00,38.55,,Sweden,0.46,paypall,,Stationery,Online,Not Returned,Royal Mail,,Low
657103,SKU_1439,Office Chair,-32,2024-08-26 22:00,-42.01,,France,1.0795129397157297,paypall,,Electronics,Online,Not Returned,DHL,,Medium
240548,SKU_1881,Desk Lamp,-19,2024-08-28 00:00,-22.66,,Belgium,1.5066484590461044,Credit Card,,Electronics,Online,Not Returned,FedEx,,Low
531843,SKU_1757,Blue Pen,27,2024-08-28 03:00,51.85,,United Kingdom,0.15,paypall,21.28,Furniture,Online,Not Returned,DHL,Rome,High
956878,SKU_1894,Desk Lamp,30,2024-08-28 07:00,94.82,,Germany,0.46,paypall,18.9,Furniture,In-store,Not Returned,Royal Mail,,High
191862,SKU_1067,Office Chair,22,2024-08-28 15:00,43.41,,Belgium,0.24,paypall,14.81,Accessories,In-store,Not Returned,Royal Mail,London,High
745113,SKU_1443,Blue Pen,-11,2024-08-29 00:00,-45.65,,Belgium,1.679236947472987,Bank Transfer,,Furniture,In-store,Not Returned,DHL,,Low
310381,SKU_1183,Notebook,-41,2024-08-29 01:00,-50.19,,Spain,1.7905911224675546,Bank Transfer,,Electronics,In-store,Not Returned,UPS,,High
281420,SKU_1695,Backpack,18,2024-08-29 06:00,72.9,,Germany,0.33,Credit Card,9.91,Electronics,Online,Not Returned,FedEx,Berlin,Medium
613151,SKU_1848,White Mug,4,2024-08-29 08:00,88.46,,Germany,0.29,Bank Transfer,15.21,Stationery,Online,Not Returned,UPS,,Low
176789,SKU_1492,White Mug,37,2024-08-30 10:00,97.89,,Norway,0.41,paypall,14.61,Electronics,In-store,Not Returned,UPS,,High
896259,SKU_1071,Headphones,27,2024-08-30 12:00,85.66,,United Kingdom,0.23,Bank Transfer,16.52,Stationery,In-store,Not Returned,FedEx,London,Low
551005,SKU_1824,Desk Lamp,21,2024-08-31 10:00,88.96,,Germany,0.14,Credit Card,25.33,Accessories,Online,Not Returned,Royal Mail,,Medium
107636,SKU_1535,USB Cable,7,2024-08-31 15:00,90.76,,Italy,0.03,paypall,19.56,Furniture,In-store,Not Returned,Royal Mail,Paris,High
377133,SKU_1700,Blue Pen,1,2024-08-31 18:00,89.11,,Germany,0.33,paypall,14.07,Stationery,Online,Not Returned,DHL,,Medium
151086,SKU_1490,Headphones,25,2024-08-31 19:00,21.17,,Netherlands,0.11,Bank Transfer,6.78,Accessories,In-store,Not Returned,UPS,London,Low
170774,SKU_1607,Backpack,38,2024-09-01 06:00,49.47,,Sweden,0.09,paypall,22.78,Accessories,In-store,Not Returned,Royal Mail,Paris,Medium
959084,SKU_1067,Wireless Mouse,37,2024-09-01 11:00,56.97,,Germany,0.28,paypall,8.0,Apparel,In-store,Not Returned,DHL,,High
331048,SKU_1513,Notebook,8,2024-09-01 16:00,23.39,,Australia,0.36,Bank Transfer,6.9,Accessories,In-store,Not Returned,FedEx,Rome,Low
387321,SKU_1826,Backpack,44,2024-09-02 03:00,88.13,,Italy,0.13,Credit Card,8.45,Furniture,In-store,Not Returned,DHL,,Low
625354,SKU_1433,USB Cable,-12,2024-09-02 16:00,-86.0,,Italy,1.340550221779589,Bank Transfer,,Electronics,Online,Not Returned,FedEx,,High
574676,SKU_1797,USB Cable,22,2024-09-03 18:00,39.28,,Netherlands,0.06,paypall,9.68,Accessories,Online,Not Returned,Royal Mail,Rome,Low
649457,SKU_1166,Backpack,-2,2024-09-04 05:00,-49.99,,Belgium,1.126235396245607,paypall,,Apparel,In-store,Not Returned,DHL,,Low
662653,SKU_1020,Wireless Mouse,-21,2024-09-04 21:00,86.72,,Italy,0.0,Bank Transfer,,Accessories,Online,Returned,FedEx,,Medium
347135,SKU_1804,Notebook,4,2024-09-05 08:00,21.68,,United States,0.44,Credit Card,29.73,Stationery,Online,Not Returned,DHL,Paris,High
393218,SKU_1992,Headphones,-47,2024-09-05 10:00,-22.53,,United Kingdom,0.01,Credit Card,,Apparel,Online,Not Returned,Royal Mail,,Medium
950230,SKU_1141,Wireless Mouse,25,2024-09-05 23:00,55.87,,Italy,0.42,Credit Card,25.48,Apparel,Online,Not Returned,DHL,Berlin,Low
534648,SKU_1837,Wall Clock,-46,2024-09-06 23:00,16.45,,Norway,0.28,Credit Card,,Stationery,In-store,Not Returned,FedEx,,Low
970792,SKU_1353,Office Chair,8,2024-09-07 02:00,37.92,,Australia,0.19,Credit Card,25.01,Apparel,Online,Not Returned,Royal Mail,London,High
458455,SKU_1293,Desk Lamp,-1,2024-09-08 14:00,-37.04,,United Kingdom,1.4426160078820798,Credit Card,,Furniture,In-store,Not Returned,FedEx,,High
604399,SKU_1018,Notebook,-9,2024-09-09 20:00,-24.4,,France,1.5870642787453622,Credit Card,,Apparel,In-store,Not Returned,UPS,,High
308262,SKU_1365,Office Chair,19,2024-09-10 05:00,45.24,,Spain,0.08,Bank Transfer,14.66,Accessories,Online,Not Returned,FedEx,Berlin,Low
859015,SKU_1077,USB Cable,34,2024-09-11 05:00,94.79,,Norway,0.04,Bank Transfer,20.68,Apparel,Online,Not Returned,FedEx,,Medium
297184,SKU_1324,Blue Pen,-17,2024-09-11 17:00,-25.26,,Norway,0.47,paypall,,Accessories,Online,Not Returned,DHL,,Low
348920,SKU_1525,Wireless Mouse,-15,2024-09-11 18:00,15.27,,Portugal,0.36,Bank Transfer,,Stationery,In-store,Not Returned,FedEx,,High
743043,SKU_1403,Office Chair,33,2024-09-13 02:00,89.08,,Netherlands,0.28,Bank Transfer,22.4,Stationery,In-store,Not Returned,DHL,London,High
805730,SKU_1441,White Mug,-20,2024-09-13 04:00,-97.1,,Spain,0.21,Bank Transfer,,Accessories,In-store,Not Returned,DHL,,Low
227661,SKU_1231,T-shirt,27,2024-09-13 13:00,70.17,,France,0.35,paypall,20.85,Stationery,Online,Not Returned,Royal Mail,,Medium
877139,SKU_1454,Wireless Mouse,9,2024-09-13 19:00,28.89,39341.0,Spain,0.33,paypall,15.72,Furniture,Online,Not Returned,FedEx,London,Medium
540639,SKU_1551,Desk Lamp,33,2024-09-14 01:00,17.26,,Netherlands,0.18,Credit Card,21.49,Electronics,In-store,Returned,FedEx,London,Medium
831830,SKU_1381,Headphones,-24,2024-09-14 04:00,-55.0,,France,1.9149603443712184,paypall,,Stationery,Online,Not Returned,DHL,,Medium
278953,SKU_1813,Notebook,46,2024-09-14 20:00,90.43,,Germany,0.24,paypall,26.04,Apparel,In-store,Not Returned,UPS,London,Medium
283937,SKU_1002,Headphones,22,2024-09-14 22:00,21.85,,Spain,0.34,Credit Card,25.05,Apparel,In-store,Not Returned,UPS,,High
605302,SKU_1620,Blue Pen,25,2024-09-15 07:00,76.22,,Germany,0.04,Bank Transfer,22.64,Furniture,Online,Not Returned,Royal Mail,London,Medium
897827,SKU_1954,Headphones,-47,2024-09-15 17:00,64.67,,Australia,0.1,Bank Transfer,,Accessories,Online,Not Returned,Royal Mail,,High
186491,SKU_1241,White Mug,15,2024-09-15 22:00,71.03,,United Kingdom,0.38,Credit Card,19.19,Accessories,Online,Not Returned,Royal Mail,,Low
336478,SKU_1710,T-shirt,-21,2024-09-17 04:00,-97.98,,Belgium,1.4479467541533977,Bank Transfer,,Accessories,In-store,Not Returned,UPS,,High
588393,SKU_1349,Office Chair,44,2024-09-17 08:00,83.38,,United Kingdom,0.36,paypall,17.4,Furniture,In-store,Not Returned,Royal Mail,,Low
986183,SKU_1584,Wireless Mouse,-45,2024-09-17 10:00,83.69,,Italy,0.46,Credit Card,,Stationery,In-store,Not Returned,Royal Mail,,Medium
263713,SKU_1591,USB Cable,7,2024-09-17 21:00,68.93,,Germany,0.09,Credit Card,26.35,Furniture,Online,Not Returned,UPS,Amsterdam,High
617057,SKU_1255,Notebook,12,2024-09-17 22:00,79.98,,Portugal,0.26,paypall,23.85,Furniture,In-store,Not Returned,DHL,Paris,High
422794,SKU_1202,USB Cable,40,2024-09-19 13:00,14.92,,Germany,0.4,Credit Card,15.43,Stationery,In-store,Not Returned,FedEx,Berlin,High
117171,SKU_1347,Headphones,27,2024-09-19 18:00,78.51,,Germany,0.27,Credit Card,9.73,Apparel,In-store,Not Returned,UPS,Rome,High
425768,SKU_1840,Office Chair,23,2024-09-20 06:00,76.82,,Portugal,0.01,Credit Card,7.33,Electronics,Online,Not Returned,Royal Mail,,High
762365,SKU_1781,White Mug,-31,2024-09-20 17:00,26.68,,Belgium,0.39,Credit Card,,Stationery,Online,Not Returned,DHL,,Low
943996,SKU_1990,Headphones,-31,2024-09-20 18:00,8.79,,United States,0.32,Credit Card,,Furniture,Online,Not Returned,Royal Mail,,Low
478803,SKU_1163,Notebook,39,2024-09-20 21:00,2.24,,France,0.44,paypall,28.03,Stationery,In-store,Returned,FedEx,Rome,Low
345735,SKU_1600,Backpack,-29,2024-09-21 03:00,18.33,,Spain,0.14,paypall,,Accessories,In-store,Not Returned,FedEx,,Medium
355170,SKU_1659,Blue Pen,-8,2024-09-21 11:00,-52.48,,Germany,1.695549804904648,paypall,,Apparel,Online,Not Returned,FedEx,,High
786669,SKU_1473,Backpack,37,2024-09-21 12:00,56.13,,Italy,0.01,Bank Transfer,9.33,Furniture,Online,Not Returned,DHL,Paris,Medium
757795,SKU_1987,Headphones,-18,2024-09-21 15:00,-91.63,,Spain,0.43,Credit Card,,Apparel,In-store,Not Returned,UPS,,Low
718298,SKU_1614,T-shirt,26,2024-09-22 18:00,90.62,,United Kingdom,0.47,paypall,26.6,Stationery,Online,Not Returned,FedEx,London,Medium
752265,SKU_1032,Headphones,-46,2024-09-22 19:00,6.17,,Australia,0.17,Credit Card,,Electronics,Online,Not Returned,Royal Mail,,High
976040,SKU_1330,T-shirt,-35,2024-09-23 02:00,-90.45,,Sweden,1.1070990035551649,Bank Transfer,,Apparel,In-store,Not Returned,UPS,,Medium
746195,SKU_1147,Wireless Mouse,31,2024-09-23 05:00,8.61,,Portugal,0.05,paypall,16.75,Electronics,Online,Not Returned,Royal Mail,Paris,High
105623,SKU_1434,Office Chair,-17,2024-09-24 00:00,-34.21,,Sweden,0.19,Credit Card,,Stationery,Online,Not Returned,FedEx,,Low
373604,SKU_1116,Desk Lamp,-12,2024-09-24 01:00,-94.36,,Netherlands,1.1340190965052148,paypall,,Apparel,In-store,Not Returned,UPS,,Medium
404399,SKU_1395,Blue Pen,-44,2024-09-24 11:00,-73.5,,Norway,1.7158998864813473,Credit Card,,Stationery,In-store,Not Returned,DHL,,Low
675854,SKU_1530,T-shirt,9,2024-09-24 18:00,34.38,,Australia,0.21,Credit Card,21.25,Furniture,In-store,Not Returned,DHL,,Medium
652881,SKU_1781,Office Chair,47,2024-09-26 06:00,82.69,,United Kingdom,0.36,Bank Transfer,7.91,Apparel,Online,Not Returned,FedEx,,Low
921368,SKU_1687,Backpack,42,2024-09-26 10:00,63.8,,Norway,0.26,Credit Card,12.31,Accessories,Online,Not Returned,Royal Mail,,Low
801101,SKU_1808,Wall Clock,-31,2024-09-26 15:00,-79.77,,United Kingdom,1.4480225586495932,Bank Transfer,,Electronics,In-store,Not Returned,FedEx,,Medium
698720,SKU_1788,Blue Pen,-13,2024-09-26 23:00,68.03,,United States,0.19,Bank Transfer,,Accessories,Online,Not Returned,FedEx,,High
589451,SKU_1723,Notebook,-31,2024-09-27 06:00,-1.62,,Sweden,1.3162378477769336,paypall,,Apparel,In-store,Returned,Royal Mail,,Medium
363210,SKU_1708,White Mug,25,2024-09-27 13:00,46.71,,France,0.29,Bank Transfer,27.37,Furniture,In-store,Not Returned,FedEx,Paris,High
428822,SKU_1154,USB Cable,22,2024-09-28 01:00,20.72,,Norway,0.46,Bank Transfer,6.72,Electronics,In-store,Returned,DHL,,Low
742199,SKU_1293,USB Cable,8,2024-09-28 02:00,36.81,,France,0.38,Bank Transfer,23.83,Accessories,In-store,Not Returned,UPS,Amsterdam,Medium
633635,SKU_1195,Wireless Mouse,-29,2024-09-28 12:00,-82.84,,Netherlands,1.2307814671750674,Bank Transfer,,Stationery,Online,Not Returned,FedEx,,High
976900,SKU_1875,Notebook,-30,2024-09-28 13:00,-61.15,,Portugal,0.47,Credit Card,,Apparel,In-store,Not Returned,Royal Mail,,High
811575,SKU_1900,Headphones,7,2024-09-29 08:00,60.98,,Belgium,0.23,paypall,7.75,Stationery,In-store,Not Returned,FedEx,Berlin,Low
770805,SKU_1056,Headphones,41,2024-09-29 22:00,35.18,,Norway,0.11,paypall,15.73,Accessories,Online,Not Returned,UPS,London,Low
567170,SKU_1631,T-shirt,-29,2024-09-29 23:00,-28.93,,Belgium,1.6833959058511785,paypall,,Furniture,Online,Not Returned,DHL,,Low
835352,SKU_1462,USB Cable,32,2024-09-30 07:00,28.03,,Netherlands,0.18,Bank Transfer,25.91,Accessories,Online,Not Returned,FedEx,Berlin,Low
865806,SKU_1852,Wall Clock,41,2024-09-30 14:00,99.62,,France,0.45,Bank Transfer,17.37,Electronics,In-store,Not Returned,Royal Mail,Berlin,Medium
562073,SKU_1612,Headphones,-48,2024-09-30 18:00,-43.06,,Italy,0.29,Bank Transfer,,Stationery,Online,Not Returned,FedEx,,High
437676,SKU_1204,Notebook,-14,2024-10-01 00:00,-90.83,,Australia,0.3,paypall,,Accessories,In-store,Not Returned,FedEx,,High
331106,SKU_1457,Wireless Mouse,19,2024-10-01 01:00,5.79,,United Kingdom,0.2,Credit Card,23.42,Electronics,Online,Not Returned,DHL,,High
619069,SKU_1357,Wall Clock,-41,2024-10-01 08:00,99.91,,Sweden,0.36,Bank Transfer,,Stationery,In-store,Not Returned,FedEx,,Medium
883802,SKU_1221,Desk Lamp,19,2024-10-02 21:00,60.84,,Australia,0.2,paypall,14.19,Stationery,Online,Not Returned,DHL,Rome,Medium
402754,SKU_1077,Notebook,44,2024-10-03 08:00,46.67,,Australia,0.48,Credit Card,14.85,Electronics,In-store,Not Returned,DHL,,Low
853689,SKU_1665,Wall Clock,12,2024-10-03 09:00,24.5,,United States,0.08,Credit Card,5.85,Electronics,Online,Not Returned,DHL,,Low
541690,SKU_1904,Office Chair,-22,2024-10-03 21:00,-79.34,,Germany,0.06,Bank Transfer,,Accessories,Online,Not Returned,Royal Mail,,Medium
759494,SKU_1887,T-shirt,28,2024-10-04 12:00,24.11,,Norway,0.14,Credit Card,29.86,Furniture,Online,Not Returned,FedEx,,Low
391575,SKU_1363,Notebook,-46,2024-10-04 14:00,51.34,,United Kingdom,0.49,paypall,,Apparel,In-store,Not Returned,FedEx,,Low
619824,SKU_1130,Notebook,30,2024-10-05 06:00,30.3,,United Kingdom,0.38,paypall,12.05,Stationery,Online,Not Returned,FedEx,Paris,High
667612,SKU_1773,Headphones,28,2024-10-05 10:00,22.05,,Australia,0.01,Credit Card,29.75,Furniture,Online,Not Returned,FedEx,Amsterdam,High
652435,SKU_1824,USB Cable,23,2024-10-05 15:00,24.35,,United States,0.31,paypall,16.77,Apparel,Online,Not Returned,UPS,,High
977631,SKU_1049,Office Chair,-26,2024-10-06 04:00,58.34,,Germany,0.24,Bank Transfer,,Furniture,Online,Not Returned,FedEx,,High
883508,SKU_1001,Wireless Mouse,-18,2024-10-06 20:00,97.85,,Sweden,0.34,Bank Transfer,,Stationery,In-store,Not Returned,DHL,,High
951756,SKU_1904,Desk Lamp,39,2024-10-07 07:00,3.1,,United States,0.28,Credit Card,7.92,Stationery,In-store,Not Returned,DHL,,Medium
323543,SKU_1971,Notebook,-40,2024-10-07 18:00,99.93,,Portugal,0.45,paypall,,Accessories,In-store,Not Returned,DHL,,Low
998721,SKU_1409,Blue Pen,-30,2024-10-07 22:00,72.1,,Belgium,0.31,Bank Transfer,,Apparel,In-store,Returned,FedEx,,Medium
204445,SKU_1955,White Mug,-48,2024-10-08 09:00,-46.49,,Spain,1.1779388894537393,paypall,,Furniture,Online,Not Returned,UPS,,Medium
434737,SKU_1658,Wall Clock,44,2024-10-08 19:00,50.46,,Italy,0.25,Credit Card,18.77,Furniture,Online,Not Returned,DHL,,Medium
276968,SKU_1812,Headphones,-42,2024-10-11 08:00,13.81,,Netherlands,0.25,Credit Card,,Stationery,Online,Not Returned,Royal Mail,,High
734917,SKU_1685,Wireless Mouse,12,2024-10-11 16:00,33.86,,United Kingdom,0.49,Bank Transfer,11.38,Stationery,In-store,Not Returned,UPS,,Medium
825570,SKU_1461,Wall Clock,-13,2024-10-12 13:00,99.67,,Spain,0.18,paypall,,Stationery,In-store,Not Returned,DHL,,Low
207549,SKU_1984,Desk Lamp,10,2024-10-12 16:00,71.9,,Sweden,0.05,Bank Transfer,19.07,Stationery,In-store,Not Returned,UPS,,High
165658,SKU_1995,Wireless Mouse,49,2024-10-12 18:00,81.84,,Portugal,0.26,paypall,19.53,Stationery,In-store,Not Returned,UPS,Berlin,High
674396,SKU_1136,Notebook,-37,2024-10-12 19:00,-78.47,,Germany,1.4307915233540895,paypall,,Electronics,In-store,Not Returned,DHL,,Medium
956401,SKU_1118,White Mug,3,2024-10-12 23:00,81.61,,Australia,0.32,Credit Card,18.85,Apparel,Online,Not Returned,Royal Mail,,Low
353685,SKU_1119,USB Cable,20,2024-10-13 02:00,81.27,,Portugal,0.18,Bank Transfer,9.76,Furniture,In-store,Not Returned,Royal Mail,,High
971176,SKU_1989,Wall Clock,43,2024-10-13 11:00,32.71,,United States,0.07,paypall,26.36,Furniture,In-store,Not Returned,Royal Mail,Berlin,Medium
324086,SKU_1197,White Mug,11,2024-10-13 15:00,76.17,,Belgium,0.46,Credit Card,24.45,Apparel,In-store,Not Returned,UPS,,Medium
506138,SKU_1373,Wireless Mouse,43,2024-10-13 16:00,47.5,,Australia,0.37,Bank Transfer,11.25,Stationery,Online,Not Returned,DHL,Amsterdam,Low
496423,SKU_1359,Desk Lamp,6,2024-10-14 00:00,56.38,,Netherlands,0.32,Credit Card,19.0,Furniture,Online,Not Returned,UPS,,Medium
182373,SKU_1304,Blue Pen,-16,2024-10-14 16:00,89.55,,Italy,0.4,paypall,,Furniture,In-store,Not Returned,UPS,,Low
503689,SKU_1707,Wall Clock,-48,2024-10-15 01:00,-2.85,,United States,0.32,paypall,,Electronics,In-store,Not Returned,Royal Mail,,Medium
960886,SKU_1526,USB Cable,13,2024-10-15 07:00,4.74,,Netherlands,0.2,Credit Card,14.41,Furniture,In-store,Not Returned,DHL,Amsterdam,High
292421,SKU_1582,USB Cable,8,2024-10-16 04:00,98.52,,Sweden,0.39,Bank Transfer,20.81,Apparel,Online,Not Returned,FedEx,London,Low
785728,SKU_1221,Headphones,17,2024-10-16 10:00,2.42,,Australia,0.1,Bank Transfer,28.95,Furniture,In-store,Not Returned,DHL,,High
671274,SKU_1232,Desk Lamp,2,2024-10-16 13:00,31.49,,Australia,0.41,Credit Card,26.9,Stationery,In-store,Not Returned,Royal Mail,Rome,Medium
986745,SKU_1870,Notebook,-42,2024-10-16 23:00,-19.59,,United Kingdom,0.42,Bank Transfer,,Accessories,Online,Not Returned,FedEx,,Medium
586760,SKU_1117,Notebook,49,2024-10-17 00:00,75.39,,United Kingdom,0.1,Credit Card,6.34,Accessories,Online,Not Returned,UPS,Paris,Medium
804169,SKU_1800,Office Chair,-25,2024-10-17 05:00,-52.67,,Sweden,1.7542986618203846,Bank Transfer,,Electronics,Online,Not Returned,Royal Mail,,High
517230,SKU_1777,USB Cable,4,2024-10-18 06:00,40.98,,Italy,0.17,paypall,13.01,Accessories,Online,Not Returned,FedEx,Amsterdam,High
141929,SKU_1131,Office Chair,18,2024-10-18 18:00,67.41,,Belgium,0.23,paypall,27.05,Apparel,In-store,Not Returned,FedEx,,High
676114,SKU_1151,Office Chair,10,2024-10-19 10:00,35.56,,Germany,0.13,Bank Transfer,13.43,Furniture,Online,Not Returned,Royal Mail,Paris,Low
306355,SKU_1279,T-shirt,-48,2024-10-19 12:00,47.75,,United Kingdom,0.38,Credit Card,,Furniture,In-store,Not Returned,UPS,,High
195822,SKU_1101,USB Cable,45,2024-10-19 14:00,47.36,,Germany,0.4,Bank Transfer,23.49,Accessories,Online,Returned,Royal Mail,London,Medium
882795,SKU_1592,Blue Pen,-37,2024-10-19 21:00,-97.25,,Portugal,0.39,Bank Transfer,,Stationery,Online,Returned,FedEx,,Medium
127428,SKU_1569,Wall Clock,1,2024-10-20 00:00,97.27,,Belgium,0.06,Bank Transfer,25.69,Accessories,Online,Not Returned,FedEx,,Low
934775,SKU_1915,Blue Pen,15,2024-10-20 02:00,66.59,,United States,0.27,Bank Transfer,29.7,Accessories,In-store,Not Returned,Royal Mail,Berlin,Medium
302267,SKU_1122,White Mug,-36,2024-10-20 07:00,12.64,,France,0.41,Credit Card,,Stationery,Online,Not Returned,Royal Mail,,Low
733410,SKU_1451,Backpack,-30,2024-10-20 12:00,-45.05,,Norway,0.48,Credit Card,,Furniture,Online,Not Returned,Royal Mail,,Medium
678507,SKU_1916,Wall Clock,-35,2024-10-20 16:00,-53.28,,Italy,0.38,Credit Card,,Stationery,Online,Not Returned,Royal Mail,,Low
825516,SKU_1669,Desk Lamp,9,2024-10-21 05:00,11.23,,Netherlands,0.41,paypall,8.64,Furniture,In-store,Not Returned,DHL,Berlin,Low
784007,SKU_1273,Notebook,-50,2024-10-21 08:00,-67.19,,France,1.4912215776600566,Bank Transfer,,Furniture,In-store,Not Returned,Royal Mail,,Low
483840,SKU_1214,T-shirt,10,2024-10-21 20:00,97.97,,Norway,0.11,Credit Card,25.14,Stationery,In-store,Not Returned,DHL,London,Medium
819072,SKU_1907,Headphones,-23,2024-10-22 18:00,17.88,,Sweden,0.07,paypall,,Electronics,In-store,Not Returned,FedEx,,Medium
408697,SKU_1290,Desk Lamp,-8,2024-10-23 01:00,-78.51,,Spain,0.11,paypall,,Furniture,In-store,Not Returned,Royal Mail,,High
107644,SKU_1114,Wall Clock,-24,2024-10-23 19:00,-10.49,,United Kingdom,0.29,Credit Card,,Apparel,Online,Not Returned,FedEx,,High
195373,SKU_1209,Notebook,-38,2024-10-24 05:00,9.58,,United States,0.1,Credit Card,,Furniture,In-store,Not Returned,UPS,,Low
570961,SKU_1980,Office Chair,46,2024-10-24 11:00,84.78,,Italy,0.49,paypall,28.78,Electronics,Online,Not Returned,UPS,Amsterdam,Medium
151274,SKU_1835,Backpack,-12,2024-10-24 16:00,83.66,,Portugal,0.34,Credit Card,,Apparel,Online,Not Returned,DHL,,Low
848759,SKU_1026,White Mug,-31,2024-10-25 12:00,56.09,,United States,0.19,Bank Transfer,,Stationery,In-store,Not Returned,FedEx,,High
480959,SKU_1594,Backpack,43,2024-10-26 05:00,52.19,,Spain,0.1,Bank Transfer,27.63,Electronics,In-store,Not Returned,FedEx,Amsterdam,High
210580,SKU_1476,White Mug,-40,2024-10-26 07:00,94.66,,Australia,0.11,Bank Transfer,,Electronics,In-store,Not Returned,FedEx,,High
508724,SKU_1452,Backpack,20,2024-10-26 11:00,88.2,,United States,0.38,paypall,24.4,Electronics,Online,Not Returned,Royal Mail,Paris,Low
503595,SKU_1530,Notebook,33,2024-10-26 23:00,67.17,,Netherlands,0.16,Bank Transfer,29.44,Apparel,Online,Returned,DHL,London,Medium
989064,SKU_1049,Desk Lamp,-30,2024-10-27 21:00,-7.57,,Sweden,0.41,Credit Card,,Apparel,In-store,Not Returned,UPS,,High
821436,SKU_1375,Notebook,38,2024-10-28 10:00,27.22,,Australia,0.33,Bank Transfer,12.78,Apparel,In-store,Not Returned,FedEx,Paris,Low
515545,SKU_1022,USB Cable,-18,2024-10-28 11:00,-26.49,,United States,0.03,Bank Transfer,,Furniture,Online,Not Returned,FedEx,,Medium
441434,SKU_1333,Notebook,-40,2024-10-29 00:00,21.12,,United Kingdom,0.06,Bank Transfer,,Electronics,Online,Returned,UPS,,Medium
311098,SKU_1827,Notebook,4,2024-10-29 03:00,88.22,,Italy,0.12,paypall,6.93,Electronics,Online,Not Returned,Royal Mail,Amsterdam,High
312549,SKU_1910,Desk Lamp,-16,2024-10-30 04:00,-94.34,,Australia,0.28,Bank Transfer,,Electronics,In-store,Not Returned,UPS,,Low
193602,SKU_1935,USB Cable,27,2024-10-30 10:00,67.26,,Norway,0.37,Credit Card,18.98,Electronics,In-store,Not Returned,FedEx,Amsterdam,High
667330,SKU_1933,Notebook,41,2024-10-30 14:00,59.2,,Belgium,0.32,Credit Card,18.1,Apparel,Online,Not Returned,FedEx,,High
496957,SKU_1555,Office Chair,6,2024-11-01 08:00,4.53,,Belgium,0.13,paypall,18.09,Apparel,Online,Not Returned,DHL,Amsterdam,Low
989973,SKU_1224,Backpack,-16,2024-11-01 17:00,88.79,,Portugal,0.19,paypall,,Furniture,Online,Not Returned,Royal Mail,,Low
985588,SKU_1387,White Mug,-27,2024-11-02 07:00,-19.93,,Germany,1.7059928415127548,Bank Transfer,,Electronics,Online,Not Returned,FedEx,,Low
928953,SKU_1577,Wall Clock,2,2024-11-02 10:00,38.44,,Spain,0.42,Bank Transfer,5.91,Electronics,In-store,Returned,UPS,,High
943590,SKU_1103,White Mug,29,2024-11-03 08:00,1.57,,Italy,0.44,paypall,17.4,Stationery,Online,Not Returned,UPS,,Medium
138402,SKU_1872,Headphones,22,2024-11-04 07:00,27.88,,Netherlands,0.39,Bank Transfer,24.48,Electronics,In-store,Not Returned,DHL,Berlin,Medium
755603,SKU_1670,USB Cable,3,2024-11-04 13:00,98.2,,Sweden,0.14,paypall,29.86,Apparel,Online,Returned,DHL,Berlin,High
696087,SKU_1735,USB Cable,-46,2024-11-04 17:00,-82.31,,Belgium,0.41,Bank Transfer,,Electronics,In-store,Not Returned,FedEx,,Medium
447088,SKU_1576,Notebook,-35,2024-11-05 04:00,-5.14,,Italy,0.02,Credit Card,,Stationery,In-store,Not Returned,Royal Mail,,High
584423,SKU_1854,USB Cable,-33,2024-11-05 10:00,-77.15,,Belgium,1.8415476569789395,paypall,,Apparel,In-store,Not Returned,Royal Mail,,Medium
228237,SKU_1350,Blue Pen,40,2024-11-06 03:00,8.56,,Sweden,0.25,paypall,19.85,Apparel,Online,Not Returned,FedEx,Paris,Medium
727022,SKU_1782,Backpack,2,2024-11-06 09:00,3.62,,Germany,0.33,Credit Card,25.06,Stationery,In-store,Not Returned,UPS,,High
669305,SKU_1418,Notebook,-36,2024-11-06 13:00,4.58,,Portugal,0.29,paypall,,Apparel,In-store,Not Returned,Royal Mail,,Low
288646,SKU_1653,White Mug,-45,2024-11-07 21:00,-74.35,,Netherlands,0.21,Bank Transfer,,Accessories,In-store,Not Returned,FedEx,,Low
303333,SKU_1982,Blue Pen,17,2024-11-07 22:00,8.43,,Germany,0.13,paypall,12.17,Furniture,Online,Not Returned,FedEx,,Medium
355329,SKU_1854,Blue Pen,-25,2024-11-08 02:00,87.23,,United Kingdom,0.18,Bank Transfer,,Apparel,In-store,Not Returned,DHL,,Low
529956,SKU_1320,Backpack,-47,2024-11-08 07:00,39.02,,Germany,0.45,Credit Card,,Accessories,Online,Not Returned,UPS,,Low
280626,SKU_1473,White Mug,-8,2024-11-08 09:00,80.61,,Norway,0.19,Credit Card,,Accessories,In-store,Not Returned,FedEx,,Low
827515,SKU_1985,T-shirt,18,2024-11-08 15:00,20.53,,United Kingdom,0.46,Credit Card,16.44,Apparel,In-store,Not Returned,Royal Mail,Rome,Medium
102607,SKU_1754,Notebook,-45,2024-11-08 16:00,56.44,,Germany,0.23,paypall,,Apparel,In-store,Not Returned,FedEx,,High
379317,SKU_1287,White Mug,14,2024-11-08 21:00,78.99,,Sweden,0.15,Credit Card,18.63,Accessories,In-store,Not Returned,FedEx,,Medium
199124,SKU_1659,Backpack,-9,2024-11-09 01:00,86.39,,Sweden,0.24,Credit Card,,Accessories,In-store,Not Returned,DHL,,Medium
702052,SKU_1407,Notebook,44,2024-11-09 04:00,7.89,,Belgium,0.3,Bank Transfer,16.52,Electronics,Online,Not Returned,UPS,Paris,Medium
479201,SKU_1984,T-shirt,-34,2024-11-09 07:00,92.14,,Belgium,0.12,paypall,,Electronics,Online,Not Returned,UPS,,Low
164314,SKU_1026,Notebook,48,2024-11-09 08:00,75.67,,Germany,0.28,paypall,23.62,Stationery,Online,Not Returned,DHL,Rome,High
124279,SKU_1254,Headphones,13,2024-11-09 18:00,96.75,,Belgium,0.06,Bank Transfer,25.26,Electronics,Online,Not Returned,DHL,Paris,Low
675060,SKU_1183,Headphones,-15,2024-11-10 21:00,29.18,,United States,0.28,Bank Transfer,,Furniture,Online,Not Returned,FedEx,,High
602799,SKU_1608,Wireless Mouse,-42,2024-11-12 03:00,-55.65,,Australia,1.7134774829244963,Credit Card,,Furniture,In-store,Not Returned,FedEx,,Medium
390628,SKU_1818,T-shirt,-39,2024-11-13 19:00,-10.21,,France,1.6220228264546004,paypall,,Accessories,Online,Not Returned,UPS,,Medium
489213,SKU_1267,T-shirt,-14,2024-11-13 21:00,-25.02,,Belgium,1.2745489404034285,paypall,,Apparel,Online,Not Returned,UPS,,High
548467,SKU_1188,Headphones,37,2024-11-13 23:00,53.2,,Norway,0.12,Credit Card,12.46,Stationery,Online,Not Returned,Royal Mail,Paris,High
546967,SKU_1438,Desk Lamp,6,2024-11-14 19:00,26.89,,United States,0.47,paypall,18.87,Furniture,Online,Not Returned,Royal Mail,London,High
997263,SKU_1326,Desk Lamp,-33,2024-11-15 01:00,-9.17,,Australia,0.09,Bank Transfer,,Furniture,In-store,Not Returned,UPS,,Low
314089,SKU_1516,USB Cable,-42,2024-11-15 03:00,4.31,,Germany,0.47,Bank Transfer,,Electronics,In-store,Not Returned,FedEx,,Low
161055,SKU_1639,Blue Pen,-47,2024-11-15 10:00,-50.81,,Spain,0.42,Bank Transfer,,Apparel,Online,Not Returned,DHL,,Medium
331946,SKU_1614,Wall Clock,47,2024-11-16 19:00,20.34,,Belgium,0.03,Bank Transfer,17.21,Furniture,Online,Not Returned,Royal Mail,Rome,High
741010,SKU_1136,Blue Pen,-45,2024-11-17 01:00,65.93,,Sweden,0.34,Credit Card,,Stationery,Online,Not Returned,UPS,,High
602190,SKU_1873,Wall Clock,-18,2024-11-17 06:00,-10.95,,United Kingdom,1.068028344797162,Bank Transfer,,Accessories,Online,Not Returned,FedEx,,Medium
894272,SKU_1437,Wireless Mouse,-14,2024-11-17 11:00,1.8,,Portugal,0.27,Credit Card,,Accessories,In-store,Not Returned,UPS,,Low
307039,SKU_1365,Wireless Mouse,7,2024-11-17 16:00,22.8,,Australia,0.2,Credit Card,13.46,Furniture,In-store,Not Returned,Royal Mail,Rome,Low
253514,SKU_1080,T-shirt,-1,2024-11-17 17:00,52.57,,Spain,0.03,Credit Card,,Apparel,Online,Not Returned,UPS,,Low
820603,SKU_1639,Blue Pen,-29,2024-11-17 18:00,25.2,,Netherlands,0.18,paypall,,Accessories,In-store,Not Returned,Royal Mail,,Medium
587896,SKU_1337,Blue Pen,35,2024-11-18 01:00,48.13,,Netherlands,0.3,Credit Card,26.33,Furniture,Online,Not Returned,FedEx,Paris,High
549187,SKU_1471,Blue Pen,-39,2024-11-18 02:00,31.66,,Sweden,0.04,Credit Card,,Electronics,In-store,Not Returned,UPS,,High
462498,SKU_1373,Backpack,-24,2024-11-18 05:00,67.49,,Portugal,0.12,paypall,,Stationery,Online,Not Returned,FedEx,,High
226162,SKU_1346,White Mug,15,2024-11-18 09:00,22.69,,Portugal,0.13,paypall,19.17,Accessories,Online,Not Returned,FedEx,Amsterdam,Low
587079,SKU_1724,T-shirt,30,2024-11-18 12:00,29.29,,United States,0.21,Bank Transfer,24.04,Apparel,Online,Not Returned,DHL,Berlin,Medium
702236,SKU_1801,T-shirt,24,2024-11-18 17:00,1.34,,United States,0.08,paypall,20.39,Accessories,Online,Not Returned,UPS,Paris,High
148519,SKU_1572,White Mug,19,2024-11-18 19:00,59.55,,Norway,0.17,paypall,9.16,Accessories,In-store,Not Returned,Royal Mail,,Medium
236553,SKU_1403,Wireless Mouse,-33,2024-11-19 00:00,-66.55,,Belgium,0.32,paypall,,Accessories,Online,Not Returned,DHL,,High
574804,SKU_1538,Blue Pen,-14,2024-11-19 18:00,-37.74,,France,0.36,paypall,,Stationery,In-store,Not Returned,Royal Mail,,High
166972,SKU_1855,Desk Lamp,25,2024-11-20 00:00,64.03,,Italy,0.16,Bank Transfer,14.8,Electronics,In-store,Not Returned,FedEx,,High
803231,SKU_1358,T-shirt,2,2024-11-21 02:00,54.59,,United States,0.04,paypall,18.37,Stationery,Online,Not Returned,UPS,London,Medium
638389,SKU_1693,Backpack,2,2024-11-21 05:00,65.71,,United Kingdom,0.24,Bank Transfer,14.34,Furniture,Online,Not Returned,DHL,London,Low
244281,SKU_1016,USB Cable,16,2024-11-21 08:00,45.0,,Germany,0.35,paypall,5.51,Accessories,Online,Not Returned,UPS,,High
631177,SKU_1023,Wall Clock,23,2024-11-21 20:00,29.36,,Australia,0.27,paypall,29.39,Accessories,Online,Not Returned,UPS,Amsterdam,Low
710058,SKU_1360,Wireless Mouse,-5,2024-11-22 09:00,-9.12,,United States,0.49,paypall,,Stationery,In-store,Not Returned,FedEx,,Low
523968,SKU_1160,Office Chair,-8,2024-11-22 13:00,46.61,,United Kingdom,0.26,Credit Card,,Apparel,Online,Not Returned,DHL,,Low
848669,SKU_1595,Wireless Mouse,11,2024-11-22 19:00,64.91,,France,0.25,Bank Transfer,9.66,Stationery,Online,Not Returned,UPS,Rome,High
872856,SKU_1155,White Mug,-50,2024-11-23 04:00,-97.3,,Australia,1.9184513968394852,paypall,,Stationery,In-store,Not Returned,Royal Mail,,Low
726499,SKU_1024,White Mug,46,2024-11-23 13:00,10.14,,Australia,0.44,Credit Card,22.56,Electronics,In-store,Not Returned,Royal Mail,,Medium
564512,SKU_1609,Wall Clock,-12,2024-11-23 18:00,-64.71,,France,1.6209939321693805,Bank Transfer,,Apparel,Online,Not Returned,DHL,,High
500985,SKU_1478,USB Cable,21,2024-11-23 23:00,75.13,,Germany,0.28,Credit Card,26.8,Furniture,In-store,Not Returned,DHL,Berlin,High
576333,SKU_1368,Wireless Mouse,-42,2024-11-24 01:00,-44.75,,Norway,0.28,Bank Transfer,,Furniture,In-store,Not Returned,UPS,,Low
170805,SKU_1122,Wireless Mouse,43,2024-11-24 04:00,15.64,,France,0.39,Bank Transfer,8.11,Electronics,Online,Not Returned,Royal Mail,,Low
871229,SKU_1862,Notebook,-12,2024-11-25 08:00,12.76,,France,0.18,paypall,,Furniture,Online,Not Returned,UPS,,High
938989,SKU_1203,Desk Lamp,9,2024-11-25 10:00,23.65,,Spain,0.49,Bank Transfer,21.19,Furniture,Online,Not Returned,DHL,,Low
933355,SKU_1308,White Mug,11,2024-11-25 14:00,52.61,,Portugal,0.39,Credit Card,10.98,Apparel,In-store,Not Returned,FedEx,Rome,Medium
480746,SKU_1658,Office Chair,4,2024-11-25 16:00,38.63,,Netherlands,0.05,Credit Card,14.6,Apparel,In-store,Not Returned,FedEx,London,High
322763,SKU_1328,Notebook,-17,2024-11-26 04:00,-22.17,,Italy,0.26,Credit Card,,Accessories,In-store,Not Returned,FedEx,,Low
217028,SKU_1917,Backpack,42,2024-11-26 09:00,59.69,,Norway,0.39,paypall,12.81,Accessories,Online,Not Returned,UPS,Amsterdam,High
804367,SKU_1178,Notebook,-49,2024-11-26 11:00,-62.21,,Australia,1.0610526382356031,Credit Card,,Apparel,Online,Returned,UPS,,Medium
238944,SKU_1719,Headphones,-21,2024-11-26 20:00,-51.02,,United States,1.2088376675550183,paypall,,Furniture,Online,Not Returned,UPS,,Low
500075,SKU_1246,Notebook,-7,2024-11-26 23:00,-38.11,,Australia,1.9979147072136487,Bank Transfer,,Stationery,Online,Not Returned,DHL,,High
440984,SKU_1630,Blue Pen,46,2024-11-27 01:00,17.5,,Sweden,0.22,paypall,11.72,Apparel,In-store,Not Returned,UPS,Amsterdam,Low
859485,SKU_1175,USB Cable,38,2024-11-27 21:00,42.05,,United Kingdom,0.38,paypall,22.42,Furniture,In-store,Not Returned,Royal Mail,Rome,Medium
902275,SKU_1490,Backpack,42,2024-11-28 02:00,35.89,,Norway,0.23,paypall,14.82,Furniture,Online,Not Returned,Royal Mail,,High
853353,SKU_1877,Blue Pen,30,2024-11-28 05:00,67.75,,United Kingdom,0.39,Bank Transfer,19.78,Stationery,Online,Not Returned,UPS,Berlin,Medium
949030,SKU_1020,White Mug,45,2024-11-28 13:00,12.09,,United States,0.3,Credit Card,25.17,Electronics,Online,Not Returned,UPS,,Medium
753173,SKU_1491,White Mug,16,2024-11-28 19:00,13.04,,Germany,0.2,Credit Card,12.47,Accessories,Online,Returned,Royal Mail,,Medium
231912,SKU_1429,White Mug,27,2024-11-28 23:00,11.34,,Sweden,0.09,paypall,15.78,Electronics,In-store,Not Returned,FedEx,,Low
996007,SKU_1866,USB Cable,-27,2024-11-29 10:00,26.61,,United States,0.06,Bank Transfer,,Apparel,In-store,Not Returned,UPS,,High
979987,SKU_1935,Notebook,26,2024-11-29 13:00,22.17,,Spain,0.31,Credit Card,25.89,Accessories,Online,Not Returned,FedEx,,Medium
188377,SKU_1234,Headphones,-50,2024-11-29 14:00,-34.13,,United States,1.8000073086651391,paypall,,Stationery,In-store,Not Returned,UPS,,Medium
447320,SKU_1034,Office Chair,27,2024-11-29 15:00,11.26,56143.0,United Kingdom,0.39,Credit Card,19.64,Electronics,In-store,Not Returned,UPS,London,High
741062,SKU_1478,Wireless Mouse,-21,2024-11-29 20:00,-5.11,,United Kingdom,1.966839147094172,Credit Card,,Accessories,Online,Not Returned,DHL,,High
433595,SKU_1575,Desk Lamp,10,2024-11-30 12:00,45.63,,France,0.1,Credit Card,11.65,Apparel,In-store,Not Returned,DHL,Berlin,Medium
976148,SKU_1238,White Mug,48,2024-11-30 14:00,80.32,,France,0.12,paypall,20.69,Electronics,Online,Returned,FedEx,Berlin,Medium
895996,SKU_1736,Wall Clock,-32,2024-11-30 17:00,-54.59,,France,1.7172368647406584,Bank Transfer,,Furniture,In-store,Not Returned,UPS,,Low
476213,SKU_1056,Wall Clock,41,2024-11-30 20:00,38.34,,Norway,0.04,paypall,8.89,Electronics,In-store,Not Returned,Royal Mail,,High
766067,SKU_1296,USB Cable,-3,2024-12-01 11:00,-73.24,,Norway,0.1,Bank Transfer,,Accessories,In-store,Not Returned,UPS,,Low
624189,SKU_1838,Headphones,15,2024-12-02 03:00,39.98,,Netherlands,0.08,Credit Card,23.04,Accessories,In-store,Returned,UPS,London,Medium
504140,SKU_1695,Wall Clock,-50,2024-12-02 17:00,-86.02,,United Kingdom,1.7352927172688943,Credit Card,,Electronics,Online,Not Returned,Royal Mail,,High
705789,SKU_1982,Backpack,-50,2024-12-02 23:00,-55.42,,Belgium,0.24,Bank Transfer,,Electronics,Online,Not Returned,Royal Mail,,Medium
994424,SKU_1486,T-shirt,-37,2024-12-03 00:00,-59.15,,Italy,1.5124462297780743,paypall,,Furniture,In-store,Not Returned,UPS,,High
925116,SKU_1566,Blue Pen,33,2024-12-03 08:00,80.52,,Germany,0.25,Bank Transfer,24.02,Accessories,In-store,Not Returned,DHL,London,Medium
566922,SKU_1765,Blue Pen,-24,2024-12-03 16:00,3.45,,United Kingdom,0.09,Bank Transfer,,Furniture,In-store,Returned,UPS,,Medium
990238,SKU_1979,Wireless Mouse,12,2024-12-04 20:00,89.78,,Sweden,0.38,paypall,11.93,Apparel,In-store,Not Returned,DHL,,High
729041,SKU_1295,Headphones,10,2024-12-05 00:00,30.89,,Netherlands,0.23,paypall,7.58,Apparel,In-store,Returned,FedEx,Amsterdam,Medium
712766,SKU_1707,Office Chair,25,2024-12-05 04:00,15.14,,Portugal,0.16,paypall,19.1,Accessories,Online,Returned,UPS,London,High
450592,SKU_1901,Headphones,-42,2024-12-05 09:00,60.02,,Portugal,0.33,Bank Transfer,,Stationery,In-store,Not Returned,DHL,,Low
878403,SKU_1891,Headphones,-38,2024-12-06 02:00,-15.79,,Sweden,1.7965563809788998,Credit Card,,Accessories,In-store,Returned,FedEx,,High
950626,SKU_1450,T-shirt,-42,2024-12-07 07:00,-26.69,,Germany,1.3168260107957828,paypall,,Apparel,In-store,Not Returned,FedEx,,High
988391,SKU_1320,Headphones,31,2024-12-07 09:00,44.14,,Germany,0.15,Bank Transfer,15.41,Furniture,In-store,Not Returned,DHL,Paris,Medium
495350,SKU_1485,Headphones,-21,2024-12-07 23:00,-1.67,,Norway,0.44,Bank Transfer,,Stationery,Online,Not Returned,Royal Mail,,High
539363,SKU_1051,Blue Pen,4,2024-12-08 16:00,32.13,,Sweden,0.27,paypall,17.92,Accessories,Online,Not Returned,UPS,Berlin,High
736526,SKU_1226,Desk Lamp,-29,2024-12-09 00:00,-59.86,,Italy,0.46,paypall,,Accessories,Online,Not Returned,DHL,,High
415637,SKU_1413,Office Chair,36,2024-12-09 03:00,16.18,,Belgium,0.48,Credit Card,20.04,Furniture,In-store,Not Returned,Royal Mail,,Low
423930,SKU_1845,Desk Lamp,6,2024-12-09 05:00,46.33,,United States,0.21,Bank Transfer,13.29,Furniture,Online,Not Returned,DHL,Amsterdam,Medium
844358,SKU_1323,Headphones,-24,2024-12-09 16:00,80.6,,Netherlands,0.26,paypall,,Stationery,Online,Not Returned,DHL,,High
882475,SKU_1485,Headphones,-25,2024-12-09 22:00,-71.09,,United Kingdom,1.1262444307852162,Credit Card,,Stationery,Online,Not Returned,Royal Mail,,High
373370,SKU_1797,Wireless Mouse,-15,2024-12-10 02:00,91.94,,Germany,0.25,paypall,,Furniture,In-store,Not Returned,DHL,,Low
812208,SKU_1001,Blue Pen,-43,2024-12-10 05:00,-23.8,,Germany,0.15,Bank Transfer,,Furniture,In-store,Not Returned,Royal Mail,,Medium
114698,SKU_1723,Desk Lamp,19,2024-12-12 08:00,80.38,,France,0.06,paypall,5.22,Furniture,In-store,Not Returned,DHL,Amsterdam,Medium
705690,SKU_1934,Desk Lamp,-15,2024-12-14 13:00,-53.25,,Spain,1.5829988609998842,paypall,,Apparel,In-store,Not Returned,UPS,,Low
740212,SKU_1403,White Mug,39,2024-12-15 05:00,84.96,,United States,0.39,Bank Transfer,10.53,Accessories,Online,Not Returned,Royal Mail,,High
133146,SKU_1681,Headphones,4,2024-12-15 17:00,70.51,,Netherlands,0.16,paypall,24.79,Accessories,Online,Returned,DHL,Berlin,Medium
585341,SKU_1821,Office Chair,-23,2024-12-16 01:00,63.52,,Portugal,0.39,Credit Card,,Electronics,In-store,Not Returned,DHL,,Low
323561,SKU_1098,Headphones,23,2024-12-17 00:00,87.73,,Belgium,0.39,Bank Transfer,15.05,Apparel,In-store,Not Returned,FedEx,London,High
456014,SKU_1692,Desk Lamp,-25,2024-12-17 06:00,-51.37,,Australia,1.3639473739538177,paypall,,Stationery,In-store,Not Returned,DHL,,Low
148695,SKU_1804,T-shirt,2,2024-12-17 07:00,58.7,,Norway,0.3,paypall,13.53,Stationery,Online,Not Returned,Royal Mail,Paris,Medium
148028,SKU_1067,Blue Pen,47,2024-12-17 13:00,90.97,,Portugal,0.21,Credit Card,10.58,Apparel,Online,Not Returned,DHL,Amsterdam,Medium
693204,SKU_1989,Wall Clock,39,2024-12-17 17:00,60.0,,Spain,0.43,Bank Transfer,8.53,Electronics,In-store,Not Returned,DHL,London,High
815706,SKU_1391,Blue Pen,-22,2024-12-18 08:00,42.78,,Netherlands,0.03,Credit Card,,Furniture,In-store,Not Returned,DHL,,Medium
326140,SKU_1031,Office Chair,36,2024-12-18 09:00,30.07,,Italy,0.38,paypall,21.35,Stationery,In-store,Not Returned,Royal Mail,Rome,High
930198,SKU_1537,Blue Pen,-23,2024-12-18 18:00,-13.09,,Germany,1.8944713916510416,Bank Transfer,,Stationery,In-store,Not Returned,DHL,,Low
704515,SKU_1862,White Mug,-18,2024-12-18 21:00,5.27,,Norway,0.32,paypall,,Apparel,Online,Not Returned,DHL,,High
708110,SKU_1073,Blue Pen,35,2024-12-20 02:00,92.11,,United Kingdom,0.13,Bank Transfer,17.23,Furniture,In-store,Not Returned,UPS,Paris,Low
607787,SKU_1402,USB Cable,23,2024-12-20 19:00,71.04,,Spain,0.47,Credit Card,24.82,Furniture,In-store,Not Returned,UPS,,High
323447,SKU_1942,Notebook,37,2024-12-21 10:00,34.71,,United States,0.0,paypall,22.21,Electronics,In-store,Not Returned,UPS,,High
126467,SKU_1630,Wall Clock,-35,2024-12-22 13:00,7.86,,Australia,0.36,Bank Transfer,,Apparel,In-store,Not Returned,UPS,,High
503761,SKU_1349,Backpack,-30,2024-12-23 03:00,64.56,,Netherlands,0.47,Bank Transfer,,Electronics,In-store,Not Returned,FedEx,,Medium
720153,SKU_1749,USB Cable,-47,2024-12-23 17:00,-51.03,,Italy,0.09,paypall,,Apparel,Online,Not Returned,DHL,,Medium
423455,SKU_1664,Blue Pen,-5,2024-12-24 06:00,-54.48,,Sweden,1.4069841125603215,Credit Card,,Electronics,In-store,Not Returned,FedEx,,Low
639761,SKU_1494,Backpack,37,2024-12-25 00:00,54.84,,United Kingdom,0.2,Bank Transfer,24.14,Furniture,Online,Returned,Royal Mail,Berlin,Low
662769,SKU_1288,Notebook,-13,2024-12-25 15:00,-82.37,,Germany,1.0570002726927217,paypall,,Apparel,In-store,Not Returned,Royal Mail,,Medium
664048,SKU_1894,Wireless Mouse,41,2024-12-26 04:00,89.28,,Sweden,0.47,Credit Card,26.16,Accessories,Online,Not Returned,Royal Mail,London,Medium
953033,SKU_1286,Headphones,-29,2024-12-26 08:00,80.1,,Sweden,0.03,Bank Transfer,,Electronics,In-store,Not Returned,DHL,,High
881441,SKU_1064,Wall Clock,-31,2024-12-26 11:00,-22.72,,Portugal,0.35,Credit Card,,Electronics,Online,Not Returned,DHL,,High
450532,SKU_1112,Desk Lamp,-50,2024-12-26 20:00,-56.19,,Spain,1.0243669296322355,Bank Transfer,,Apparel,Online,Not Returned,Royal Mail,,Low
172195,SKU_1086,Office Chair,38,2024-12-27 00:00,65.81,,Sweden,0.11,paypall,7.47,Stationery,In-store,Not Returned,FedEx,,Low
170377,SKU_1848,Headphones,-32,2024-12-27 02:00,-3.95,,United States,1.9198004594659015,Bank Transfer,,Furniture,In-store,Not Returned,Royal Mail,,Medium
921539,SKU_1520,White Mug,28,2024-12-27 18:00,90.62,,Belgium,0.45,Bank Transfer,19.45,Apparel,In-store,Not Returned,DHL,Amsterdam,Low
428734,SKU_1025,Notebook,39,2024-12-27 21:00,51.4,,France,0.3,Credit Card,15.03,Apparel,Online,Not Returned,FedEx,London,High
100503,SKU_1224,Headphones,38,2024-12-28 08:00,63.58,,Spain,0.48,paypall,28.84,Furniture,In-store,Not Returned,UPS,,Low
796405,SKU_1788,Wireless Mouse,46,2024-12-28 09:00,77.35,,Sweden,0.08,paypall,6.03,Furniture,In-store,Returned,FedEx,,High
290286,SKU_1626,Blue Pen,31,2024-12-29 08:00,18.3,,Germany,0.13,paypall,23.85,Stationery,Online,Not Returned,Royal Mail,,Low
784143,SKU_1698,Backpack,49,2024-12-29 18:00,12.64,,United Kingdom,0.27,Credit Card,28.63,Apparel,In-store,Not Returned,DHL,London,Low
996731,SKU_1145,Backpack,23,2024-12-30 08:00,66.56,,Portugal,0.31,paypall,7.98,Electronics,Online,Not Returned,FedEx,,High
568785,SKU_1037,Blue Pen,6,2024-12-30 10:00,79.06,,United Kingdom,0.48,Bank Transfer,17.81,Accessories,In-store,Not Returned,UPS,Paris,Low
127224,SKU_1391,White Mug,13,2024-12-30 11:00,44.49,,Sweden,0.02,Bank Transfer,7.22,Stationery,In-store,Not Returned,DHL,,Low
568586,SKU_1683,T-shirt,9,2024-12-30 21:00,39.34,,France,0.47,paypall,24.27,Electronics,In-store,Not Returned,DHL,,Low
294251,SKU_1011,Desk Lamp,-50,2024-12-31 01:00,-71.36,,Australia,1.7401246887520876,Bank Transfer,,Electronics,Online,Returned,FedEx,,Medium
936176,SKU_1386,Office Chair,3,2024-12-31 17:00,9.06,,Italy,0.0,Credit Card,19.27,Accessories,Online,Not Returned,UPS,,Medium
313453,SKU_1846,Wireless Mouse,27,2025-01-01 11:00,29.94,,Italy,0.08,Bank Transfer,8.61,Furniture,In-store,Returned,Royal Mail,,Low
247621,SKU_1779,White Mug,-10,2025-01-01 16:00,-23.05,,United Kingdom,0.27,paypall,,Accessories,In-store,Returned,Royal Mail,,Medium
226566,SKU_1984,Headphones,-25,2025-01-01 17:00,-74.52,,Australia,0.3,Credit Card,,Stationery,Online,Not Returned,DHL,,Low
992222,SKU_1739,Desk Lamp,-20,2025-01-02 06:00,-83.43,,Italy,1.9191743776217476,Bank Transfer,,Furniture,In-store,Not Returned,Royal Mail,,Low
824198,SKU_1151,USB Cable,28,2025-01-02 13:00,95.01,,Sweden,0.32,paypall,20.41,Furniture,Online,Returned,FedEx,London,Medium
879177,SKU_1709,Blue Pen,-42,2025-01-03 07:00,-26.19,,Portugal,1.1088775435545486,paypall,,Electronics,In-store,Not Returned,DHL,,Medium
379180,SKU_1626,Blue Pen,-18,2025-01-03 10:00,-33.07,,France,1.0919937917881768,paypall,,Stationery,Online,Not Returned,Royal Mail,,High
235319,SKU_1188,Office Chair,24,2025-01-03 22:00,93.72,,Spain,0.41,Credit Card,7.66,Stationery,Online,Not Returned,Royal Mail,,Medium
512929,SKU_1360,USB Cable,27,2025-01-04 06:00,15.8,,United States,0.45,Credit Card,12.02,Accessories,In-store,Not Returned,DHL,London,High
866098,SKU_1383,Wall Clock,26,2025-01-04 22:00,39.9,,Germany,0.12,Credit Card,19.28,Furniture,Online,Not Returned,DHL,,Low
225185,SKU_1106,Office Chair,35,2025-01-05 02:00,7.26,,Italy,0.36,paypall,5.12,Electronics,In-store,Not Returned,FedEx,Amsterdam,Medium
213857,SKU_1806,Office Chair,38,2025-01-05 21:00,44.06,,Norway,0.48,paypall,15.19,Furniture,In-store,Not Returned,Royal Mail,Paris,High
719092,SKU_1658,Wall Clock,-6,2025-01-05 23:00,96.18,,United Kingdom,0.17,paypall,,Electronics,Online,Returned,DHL,,High
827382,SKU_1183,Blue Pen,-23,2025-01-06 00:00,-17.1,,Spain,1.1450504234280188,paypall,,Furniture,Online,Not Returned,FedEx,,Low
535883,SKU_1605,USB Cable,-30,2025-01-06 16:00,-44.95,,Netherlands,1.7757621123587768,Bank Transfer,,Furniture,Online,Not Returned,FedEx,,Medium
135031,SKU_1557,Wireless Mouse,-46,2025-01-07 06:00,-66.53,,Germany,0.11,paypall,,Furniture,Online,Not Returned,Royal Mail,,High
608186,SKU_1549,Blue Pen,30,2025-01-07 08:00,98.93,,Portugal,0.34,Credit Card,18.14,Furniture,In-store,Not Returned,Royal Mail,London,Medium
441908,SKU_1976,Backpack,12,2025-01-07 15:00,4.72,,United Kingdom,0.0,paypall,7.18,Stationery,Online,Not Returned,FedEx,Paris,High
517963,SKU_1959,Wireless Mouse,6,2025-01-07 16:00,80.01,,Australia,0.16,Bank Transfer,17.32,Stationery,In-store,Not Returned,DHL,Berlin,High
643264,SKU_1394,Desk Lamp,14,2025-01-08 11:00,34.83,,Italy,0.4,paypall,26.0,Electronics,In-store,Not Returned,DHL,Paris,Low
207369,SKU_1338,Headphones,-49,2025-01-09 04:00,-98.75,,Australia,1.927345371341595,Credit Card,,Accessories,Online,Not Returned,Royal Mail,,Medium
699621,SKU_1118,White Mug,1,2025-01-09 11:00,41.37,,Portugal,0.3,Bank Transfer,24.67,Accessories,In-store,Not Returned,Royal Mail,London,Medium
433411,SKU_1259,Desk Lamp,-21,2025-01-09 16:00,-79.67,,Germany,0.35,Bank Transfer,,Accessories,In-store,Not Returned,Royal Mail,,Low
511461,SKU_1239,Blue Pen,-1,2025-01-10 01:00,2.11,,Australia,0.17,paypall,,Electronics,Online,Not Returned,Royal Mail,,High
301276,SKU_1239,Backpack,-7,2025-01-10 20:00,14.5,,Portugal,0.24,paypall,,Accessories,Online,Not Returned,DHL,,Low
328027,SKU_1415,Headphones,-42,2025-01-10 22:00,-54.96,,Portugal,1.6707378458945756,paypall,,Furniture,Online,Not Returned,FedEx,,High
919798,SKU_1131,White Mug,16,2025-01-11 07:00,77.53,,Italy,0.37,Credit Card,22.14,Apparel,In-store,Not Returned,DHL,,High
627970,SKU_1229,White Mug,39,2025-01-11 17:00,55.43,,Belgium,0.0,paypall,28.47,Electronics,In-store,Not Returned,DHL,Paris,Low
349309,SKU_1213,Backpack,-25,2025-01-13 04:00,-35.3,,Norway,1.7038681395552,paypall,,Electronics,Online,Returned,Royal Mail,,High
932847,SKU_1083,USB Cable,11,2025-01-13 05:00,13.57,,Germany,0.01,Credit Card,8.12,Accessories,In-store,Not Returned,Royal Mail,,Medium
757082,SKU_1561,USB Cable,-38,2025-01-13 14:00,85.68,,Netherlands,0.12,Credit Card,,Accessories,In-store,Not Returned,FedEx,,Low
632890,SKU_1492,T-shirt,-14,2025-01-14 20:00,-50.11,,Portugal,1.958154562205007,paypall,,Electronics,In-store,Not Returned,Royal Mail,,Medium
450762,SKU_1192,Office Chair,-31,2025-01-15 04:00,44.1,,France,0.49,paypall,,Electronics,In-store,Not Returned,DHL,,High
812599,SKU_1229,Desk Lamp,40,2025-01-15 08:00,35.12,,United States,0.41,Credit Card,26.05,Apparel,In-store,Not Returned,FedEx,Amsterdam,High
703514,SKU_1239,USB Cable,-7,2025-01-16 03:00,-23.13,,Netherlands,0.36,Credit Card,,Accessories,Online,Not Returned,FedEx,,High
281440,SKU_1826,Office Chair,-42,2025-01-16 18:00,52.45,,Germany,0.42,Bank Transfer,,Electronics,Online,Not Returned,DHL,,High
309175,SKU_1479,Notebook,42,2025-01-17 12:00,81.58,,Netherlands,0.41,Bank Transfer,23.73,Stationery,Online,Not Returned,DHL,,Medium
225409,SKU_1068,Desk Lamp,48,2025-01-18 20:00,61.16,,Spain,0.11,Credit Card,15.7,Apparel,Online,Returned,DHL,,Low
310909,SKU_1200,White Mug,48,2025-01-19 04:00,89.54,,Australia,0.17,Credit Card,21.12,Furniture,Online,Not Returned,FedEx,,Medium
419025,SKU_1126,White Mug,42,2025-01-19 08:00,92.45,,Belgium,0.08,paypall,10.55,Furniture,Online,Not Returned,FedEx,,High
166964,SKU_1513,White Mug,14,2025-01-20 12:00,75.96,,France,0.4,paypall,8.88,Electronics,In-store,Returned,Royal Mail,Rome,Medium
783037,SKU_1415,Office Chair,7,2025-01-20 17:00,38.55,,Netherlands,0.37,Credit Card,5.31,Apparel,In-store,Not Returned,UPS,Amsterdam,High
569456,SKU_1374,Backpack,9,2025-01-21 10:00,97.72,,Portugal,0.16,Credit Card,22.53,Electronics,Online,Not Returned,Royal Mail,Paris,Medium
662276,SKU_1001,T-shirt,-13,2025-01-22 00:00,-35.7,,Spain,1.214022919950167,Credit Card,,Apparel,In-store,Returned,Royal Mail,,High
415631,SKU_1232,Wall Clock,-46,2025-01-22 10:00,-4.62,,Australia,1.2756017586266126,Credit Card,,Apparel,Online,Returned,UPS,,High
997724,SKU_1662,Wireless Mouse,-12,2025-01-22 16:00,94.54,,Norway,0.45,Credit Card,,Apparel,Online,Not Returned,FedEx,,Medium
618979,SKU_1800,Notebook,36,2025-01-22 19:00,18.86,,Australia,0.31,Credit Card,7.21,Apparel,In-store,Not Returned,DHL,Amsterdam,Medium
973270,SKU_1206,Notebook,48,2025-01-22 21:00,62.88,,Germany,0.13,Bank Transfer,12.39,Apparel,Online,Not Returned,FedEx,Paris,Low
407532,SKU_1995,Wireless Mouse,30,2025-01-23 07:00,75.25,,Portugal,0.07,Credit Card,14.64,Electronics,Online,Not Returned,Royal Mail,London,Low
286825,SKU_1369,T-shirt,33,2025-01-23 09:00,46.12,,United Kingdom,0.06,paypall,23.59,Apparel,In-store,Not Returned,FedEx,,Medium
258701,SKU_1421,Wall Clock,29,2025-01-23 23:00,58.09,,Belgium,0.18,Credit Card,15.25,Furniture,In-store,Returned,Royal Mail,,Low
146537,SKU_1495,White Mug,-23,2025-01-24 03:00,18.73,,Australia,0.07,Credit Card,,Stationery,Online,Not Returned,FedEx,,Medium
186298,SKU_1412,Wall Clock,14,2025-01-24 08:00,91.74,,United Kingdom,0.4,Bank Transfer,24.53,Stationery,Online,Not Returned,DHL,,Low
640267,SKU_1670,Blue Pen,-37,2025-01-24 14:00,-87.15,,United States,1.2806555043968126,paypall,,Furniture,Online,Not Returned,DHL,,Medium
508265,SKU_1293,T-shirt,-33,2025-01-24 15:00,56.0,,Sweden,0.43,paypall,,Apparel,Online,Not Returned,DHL,,Medium
710009,SKU_1718,Backpack,-17,2025-01-24 20:00,62.02,,Netherlands,0.19,paypall,,Electronics,Online,Not Returned,Royal Mail,,Low
646034,SKU_1181,Backpack,-11,2025-01-24 21:00,-4.83,,Norway,0.17,Credit Card,,Electronics,Online,Not Returned,DHL,,Low
278012,SKU_1013,Blue Pen,-14,2025-01-26 13:00,-99.6,,France,1.2661394663438028,Bank Transfer,,Apparel,In-store,Not Returned,Royal Mail,,Medium
597457,SKU_1441,Blue Pen,-13,2025-01-26 17:00,-86.26,,Spain,1.0625913104890408,Credit Card,,Furniture,In-store,Not Returned,UPS,,Low
370873,SKU_1771,T-shirt,3,2025-01-26 19:00,74.49,,Sweden,0.45,paypall,27.71,Accessories,In-store,Not Returned,DHL,,Medium
648226,SKU_1383,Wireless Mouse,23,2025-01-26 20:00,88.88,,France,0.13,Bank Transfer,16.53,Furniture,In-store,Not Returned,FedEx,Rome,Low
436064,SKU_1218,White Mug,38,2025-01-26 23:00,61.38,,United Kingdom,0.33,Bank Transfer,8.96,Furniture,In-store,Not Returned,UPS,Amsterdam,Medium
144489,SKU_1734,Notebook,-13,2025-01-27 18:00,45.38,,Germany,0.2,Bank Transfer,,Stationery,In-store,Not Returned,UPS,,Medium
230349,SKU_1975,USB Cable,-5,2025-01-28 01:00,-36.14,,France,1.0038707277279242,Bank Transfer,,Electronics,Online,Returned,DHL,,Medium
680686,SKU_1457,Office Chair,48,2025-01-28 02:00,28.6,,Belgium,0.07,Bank Transfer,24.01,Furniture,Online,Not Returned,UPS,,Low
980954,SKU_1552,Desk Lamp,4,2025-01-28 04:00,71.53,,United States,0.16,paypall,22.33,Accessories,In-store,Returned,UPS,London,High
435872,SKU_1125,USB Cable,16,2025-01-28 18:00,55.88,,Sweden,0.24,paypall,14.43,Accessories,In-store,Not Returned,DHL,Rome,High
160254,SKU_1751,Headphones,13,2025-01-28 19:00,2.52,,Netherlands,0.36,Bank Transfer,28.89,Apparel,Online,Not Returned,Royal Mail,,Low
184548,SKU_1348,White Mug,45,2025-01-29 12:00,15.81,,United States,0.02,paypall,6.85,Furniture,Online,Not Returned,DHL,Rome,High
426986,SKU_1291,Blue Pen,-49,2025-01-29 17:00,54.58,,Italy,0.15,paypall,,Accessories,In-store,Not Returned,DHL,,Medium
780147,SKU_1309,Headphones,-31,2025-01-30 05:00,-2.08,,United Kingdom,1.4977832052895346,Credit Card,,Accessories,Online,Not Returned,UPS,,Low
923343,SKU_1997,Backpack,46,2025-01-30 10:00,31.25,,Portugal,0.31,Credit Card,29.15,Accessories,Online,Not Returned,FedEx,Amsterdam,High
447043,SKU_1606,Desk Lamp,19,2025-01-30 17:00,19.91,,Germany,0.06,paypall,8.52,Electronics,In-store,Not Returned,DHL,,High
245459,SKU_1510,Blue Pen,26,2025-01-30 18:00,55.3,,Spain,0.09,Credit Card,29.89,Accessories,Online,Not Returned,DHL,,Low
999622,SKU_1361,USB Cable,-4,2025-01-31 05:00,-54.66,,France,1.9146412692802444,paypall,,Furniture,Online,Not Returned,FedEx,,High
729265,SKU_1335,T-shirt,5,2025-01-31 06:00,69.06,,United Kingdom,0.03,Credit Card,28.69,Electronics,In-store,Not Returned,FedEx,Paris,Low
525064,SKU_1648,USB Cable,-27,2025-01-31 07:00,81.33,,Italy,0.18,paypall,,Electronics,Online,Not Returned,FedEx,,Low
536610,SKU_1221,Desk Lamp,30,2025-01-31 08:00,42.76,,Norway,0.01,Bank Transfer,9.87,Accessories,In-store,Not Returned,UPS,,Medium
525395,SKU_1300,T-shirt,-26,2025-01-31 16:00,-33.11,,Italy,0.13,Bank Transfer,,Apparel,In-store,Not Returned,DHL,,High
133275,SKU_1994,Blue Pen,-22,2025-01-31 20:00,42.34,,Italy,0.25,Bank Transfer,,Stationery,In-store,Not Returned,Royal Mail,,High
726166,SKU_1882,Headphones,-49,2025-02-01 12:00,-51.92,,France,1.2260583697366294,Credit Card,,Electronics,In-store,Not Returned,FedEx,,Medium
532530,SKU_1210,Blue Pen,-3,2025-02-01 14:00,79.53,,Australia,0.21,paypall,,Furniture,In-store,Not Returned,FedEx,,High
704654,SKU_1248,Backpack,-6,2025-02-01 22:00,65.52,,Sweden,0.39,Bank Transfer,,Electronics,Online,Returned,UPS,,High
472009,SKU_1735,Blue Pen,18,2025-02-02 08:00,14.74,,Sweden,0.28,Credit Card,11.46,Stationery,In-store,Not Returned,DHL,Paris,Low
600110,SKU_1564,Notebook,31,2025-02-02 12:00,2.38,,France,0.36,paypall,8.02,Accessories,In-store,Not Returned,Royal Mail,,High
606691,SKU_1481,Wall Clock,10,2025-02-02 14:00,54.41,,France,0.37,paypall,29.46,Apparel,Online,Not Returned,DHL,Paris,High
488790,SKU_1427,White Mug,-33,2025-02-02 18:00,-7.33,,Norway,1.0291669372477,paypall,,Stationery,Online,Not Returned,Royal Mail,,Low
901113,SKU_1098,Backpack,-3,2025-02-03 00:00,94.62,,Spain,0.03,Credit Card,,Stationery,In-store,Returned,Royal Mail,,Medium
775593,SKU_1456,Office Chair,-35,2025-02-03 08:00,58.97,,Norway,0.25,paypall,,Accessories,Online,Not Returned,UPS,,Medium
740753,SKU_1303,Blue Pen,-40,2025-02-03 09:00,-36.93,,Spain,0.37,paypall,,Electronics,In-store,Not Returned,Royal Mail,,Low
824659,SKU_1625,Notebook,-39,2025-02-03 11:00,68.05,,France,0.36,paypall,,Stationery,Online,Not Returned,FedEx,,Medium
191602,SKU_1223,Backpack,-25,2025-02-04 10:00,-94.07,,United Kingdom,1.332769150321776,paypall,,Apparel,In-store,Not Returned,DHL,,Medium
355842,SKU_1662,Desk Lamp,47,2025-02-05 05:00,44.92,,Germany,0.42,Bank Transfer,29.95,Electronics,Online,Not Returned,FedEx,Amsterdam,Medium
617528,SKU_1369,Desk Lamp,8,2025-02-05 15:00,64.43,,Australia,0.5,Credit Card,24.12,Electronics,Online,Not Returned,UPS,Paris,Low
877740,SKU_1204,T-shirt,30,2025-02-05 19:00,66.97,,Norway,0.12,Bank Transfer,22.1,Apparel,In-store,Not Returned,Royal Mail,Berlin,Medium
215377,SKU_1400,T-shirt,-31,2025-02-06 00:00,74.47,,Belgium,0.43,paypall,,Furniture,Online,Not Returned,Royal Mail,,High
305107,SKU_1668,Backpack,-4,2025-02-06 02:00,-46.94,,Spain,0.45,paypall,,Stationery,In-store,Not Returned,UPS,,High
100825,SKU_1051,Wireless Mouse,8,2025-02-06 07:00,86.96,,United Kingdom,0.48,paypall,13.76,Apparel,Online,Not Returned,FedEx,Paris,Medium
232263,SKU_1352,Headphones,-20,2025-02-06 08:00,-41.76,,United Kingdom,1.7507561129971771,paypall,,Stationery,Online,Not Returned,UPS,,Low
881334,SKU_1975,Backpack,-9,2025-02-06 13:00,51.75,,Portugal,0.44,Credit Card,,Electronics,In-store,Not Returned,UPS,,High
864723,SKU_1528,Backpack,-48,2025-02-06 19:00,-16.79,,Australia,1.670642564646224,Credit Card,,Furniture,Online,Not Returned,DHL,,High
518208,SKU_1401,Office Chair,-22,2025-02-06 22:00,-15.75,,Belgium,1.9411227311544572,Credit Card,,Accessories,In-store,Not Returned,UPS,,Low
192292,SKU_1772,Office Chair,14,2025-02-07 05:00,45.23,,Australia,0.36,Credit Card,14.47,Furniture,Online,Not Returned,UPS,,High
526443,SKU_1959,USB Cable,-2,2025-02-07 11:00,87.1,,Netherlands,0.46,Credit Card,,Stationery,Online,Not Returned,UPS,,High
813447,SKU_1259,White Mug,-39,2025-02-08 14:00,-72.34,,Sweden,1.3263086316365365,Credit Card,,Furniture,In-store,Not Returned,Royal Mail,,Medium
236845,SKU_1643,USB Cable,21,2025-02-08 17:00,93.74,,Germany,0.4,Bank Transfer,11.92,Accessories,In-store,Not Returned,DHL,London,Low
900273,SKU_1245,T-shirt,45,2025-02-08 23:00,11.87,,France,0.47,Bank Transfer,26.58,Furniture,In-store,Not Returned,UPS,Berlin,High
554683,SKU_1654,Headphones,1,2025-02-09 03:00,54.04,,Portugal,0.3,Bank Transfer,28.27,Furniture,In-store,Not Returned,FedEx,,High
197735,SKU_1667,Blue Pen,-42,2025-02-09 06:00,-1.33,,Portugal,1.439237126133103,paypall,,Furniture,Online,Not Returned,Royal Mail,,Low
351928,SKU_1015,T-shirt,-34,2025-02-09 07:00,-1.56,,United Kingdom,1.6126020342994467,Credit Card,,Stationery,In-store,Not Returned,DHL,,Low
775219,SKU_1347,Wall Clock,13,2025-02-09 09:00,81.05,,United Kingdom,0.07,Bank Transfer,10.44,Furniture,In-store,Not Returned,Royal Mail,Berlin,High
585583,SKU_1280,Blue Pen,5,2025-02-09 12:00,11.43,,France,0.43,Credit Card,13.59,Electronics,Online,Not Returned,UPS,,High
326938,SKU_1306,Headphones,-31,2025-02-09 20:00,-2.51,,Italy,1.5940278906745933,Credit Card,,Electronics,Online,Not Returned,Royal Mail,,Low
389118,SKU_1342,Blue Pen,25,2025-02-10 00:00,92.84,,Spain,0.15,paypall,29.33,Stationery,Online,Not Returned,FedEx,Paris,Medium
397991,SKU_1971,Blue Pen,-37,2025-02-10 12:00,-7.98,,Australia,1.6289921005166907,paypall,,Furniture,Online,Not Returned,FedEx,,Medium
602398,SKU_1775,Backpack,-24,2025-02-10 17:00,89.1,,United States,0.44,Credit Card,,Furniture,In-store,Returned,UPS,,High
146893,SKU_1571,Blue Pen,7,2025-02-11 01:00,78.09,,Spain,0.22,paypall,22.26,Stationery,In-store,Not Returned,FedEx,London,High
355976,SKU_1898,Backpack,17,2025-02-11 18:00,80.41,,United Kingdom,0.23,paypall,26.41,Furniture,Online,Returned,Royal Mail,,Medium
783687,SKU_1952,Headphones,-16,2025-02-12 02:00,94.93,,Australia,0.34,paypall,,Furniture,In-store,Not Returned,DHL,,Low
192099,SKU_1716,Blue Pen,-38,2025-02-12 12:00,22.54,,Sweden,0.08,Bank Transfer,,Apparel,In-store,Not Returned,UPS,,Low
279932,SKU_1388,USB Cable,26,2025-02-12 13:00,38.45,,Germany,0.27,Credit Card,8.51,Accessories,In-store,Not Returned,DHL,London,Medium
505448,SKU_1301,White Mug,11,2025-02-12 20:00,31.26,,Belgium,0.33,Bank Transfer,16.42,Stationery,In-store,Not Returned,FedEx,Berlin,Low
264330,SKU_1299,Wireless Mouse,-13,2025-02-13 01:00,63.62,,United Kingdom,0.31,Credit Card,,Stationery,Online,Not Returned,Royal Mail,,High
403078,SKU_1076,Blue Pen,13,2025-02-13 07:00,38.69,,Italy,0.29,Credit Card,20.63,Apparel,Online,Not Returned,DHL,,Medium
455515,SKU_1626,Notebook,-19,2025-02-14 04:00,87.38,,Italy,0.4,Bank Transfer,,Apparel,Online,Not Returned,UPS,,Medium
422628,SKU_1599,Office Chair,-33,2025-02-14 06:00,-46.17,,Norway,1.8431629307980768,Credit Card,,Furniture,Online,Not Returned,DHL,,High
789638,SKU_1590,Backpack,28,2025-02-14 12:00,29.53,,Norway,0.25,paypall,20.1,Stationery,Online,Not Returned,FedEx,Berlin,High
303515,SKU_1655,Wireless Mouse,-45,2025-02-14 15:00,35.75,,Portugal,0.12,Credit Card,,Apparel,In-store,Not Returned,UPS,,High
293854,SKU_1376,Wall Clock,1,2025-02-15 23:00,52.49,,Netherlands,0.07,Bank Transfer,18.62,Furniture,Online,Not Returned,UPS,,Low
684582,SKU_1667,Office Chair,-1,2025-02-16 10:00,-65.77,,Italy,0.45,Bank Transfer,,Accessories,Online,Not Returned,Royal Mail,,Low
119684,SKU_1283,Desk Lamp,-39,2025-02-16 11:00,-78.02,,Belgium,0.23,Credit Card,,Electronics,Online,Not Returned,Royal Mail,,High
689414,SKU_1499,Office Chair,49,2025-02-17 08:00,54.71,,United States,0.48,Credit Card,14.31,Stationery,In-store,Not Returned,FedEx,Amsterdam,High
311920,SKU_1422,Blue Pen,48,2025-02-18 03:00,60.35,,Australia,0.26,Bank Transfer,20.87,Accessories,Online,Returned,FedEx,Berlin,Low
156627,SKU_1002,White Mug,45,2025-02-18 13:00,87.15,,Sweden,0.01,paypall,23.17,Stationery,Online,Not Returned,Royal Mail,Rome,Low
114012,SKU_1885,Headphones,39,2025-02-18 22:00,86.12,,Germany,0.41,Credit Card,7.45,Furniture,Online,Not Returned,DHL,Rome,Low
473377,SKU_1698,T-shirt,36,2025-02-19 16:00,18.42,,Sweden,0.1,Bank Transfer,8.98,Apparel,In-store,Returned,FedEx,Rome,Low
388675,SKU_1331,Notebook,-5,2025-02-19 19:00,-64.8,,Italy,1.365546637723814,Credit Card,,Apparel,Online,Not Returned,FedEx,,Low
301626,SKU_1841,Wall Clock,-20,2025-02-19 23:00,60.07,,Belgium,0.24,paypall,,Apparel,Online,Not Returned,UPS,,Medium
467915,SKU_1654,USB Cable,47,2025-02-20 04:00,5.86,,Norway,0.33,Credit Card,15.53,Apparel,In-store,Returned,Royal Mail,London,High
628006,SKU_1723,T-shirt,-27,2025-02-20 13:00,-67.43,,Norway,1.4370170361548258,Credit Card,,Apparel,Online,Returned,FedEx,,Medium
252991,SKU_1279,White Mug,45,2025-02-20 14:00,62.07,,United States,0.5,Bank Transfer,27.83,Apparel,In-store,Returned,Royal Mail,Paris,Low
427287,SKU_1243,Backpack,11,2025-02-21 07:00,12.75,,United States,0.43,paypall,21.15,Apparel,Online,Not Returned,Royal Mail,Amsterdam,Low
127679,SKU_1143,Wall Clock,-36,2025-02-21 13:00,90.97,,Norway,0.18,paypall,,Apparel,Online,Not Returned,Royal Mail,,Low
377560,SKU_1388,Wireless Mouse,-42,2025-02-22 06:00,59.06,,Spain,0.2,Bank Transfer,,Accessories,In-store,Not Returned,Royal Mail,,Low
775150,SKU_1656,T-shirt,16,2025-02-23 14:00,29.46,,Netherlands,0.07,Credit Card,7.83,Electronics,In-store,Returned,FedEx,Paris,High
398942,SKU_1001,Notebook,-39,2025-02-23 16:00,-50.28,,Italy,0.47,paypall,,Stationery,Online,Not Returned,Royal Mail,,High
870840,SKU_1817,Wireless Mouse,-45,2025-02-23 19:00,-70.63,,Italy,1.1442880666076298,Bank Transfer,,Apparel,In-store,Returned,FedEx,,Low
516637,SKU_1082,Wireless Mouse,-11,2025-02-24 00:00,-86.34,,Portugal,0.41,Bank Transfer,,Furniture,In-store,Not Returned,FedEx,,Medium
237028,SKU_1084,T-shirt,-34,2025-02-24 15:00,-8.98,,Portugal,1.0312028574611367,Bank Transfer,,Stationery,Online,Returned,Royal Mail,,High
525337,SKU_1113,Office Chair,46,2025-02-26 04:00,18.94,,Norway,0.15,Credit Card,5.98,Electronics,In-store,Not Returned,DHL,Amsterdam,High
913973,SKU_1729,Backpack,-35,2025-02-26 05:00,-61.29,,United Kingdom,1.6100394341062192,paypall,,Electronics,Online,Not Returned,FedEx,,High
206331,SKU_1818,USB Cable,38,2025-02-26 09:00,47.23,,Portugal,0.26,Bank Transfer,6.52,Accessories,In-store,Not Returned,FedEx,Paris,Low
828282,SKU_1733,Wireless Mouse,34,2025-02-26 19:00,15.61,,Portugal,0.49,paypall,22.51,Furniture,Online,Not Returned,Royal Mail,,Medium
153445,SKU_1846,Wireless Mouse,-33,2025-02-27 02:00,-11.21,,United Kingdom,1.7202242666968743,Bank Transfer,,Furniture,In-store,Not Returned,DHL,,Medium
308078,SKU_1056,USB Cable,45,2025-02-27 09:00,68.71,,Spain,0.33,Credit Card,17.27,Apparel,In-store,Not Returned,Royal Mail,,High
218423,SKU_1511,White Mug,-42,2025-02-27 10:00,-20.36,,Sweden,0.33,Credit Card,,Apparel,Online,Not Returned,FedEx,,High
667137,SKU_1618,Wireless Mouse,-2,2025-02-27 22:00,-70.22,,Netherlands,0.4,Credit Card,,Furniture,Online,Not Returned,FedEx,,High
127885,SKU_1952,Blue Pen,-16,2025-02-28 03:00,-22.54,,United States,1.8272093251485344,Bank Transfer,,Electronics,Online,Not Returned,UPS,,High
679089,SKU_1097,White Mug,-43,2025-02-28 04:00,86.93,,Portugal,0.23,Bank Transfer,,Apparel,Online,Not Returned,Royal Mail,,High
276050,SKU_1019,White Mug,15,2025-02-28 06:00,9.09,,United Kingdom,0.12,Credit Card,28.03,Electronics,In-store,Returned,UPS,Berlin,Low
852579,SKU_1512,Backpack,12,2025-02-28 12:00,16.72,,France,0.48,Credit Card,14.34,Electronics,Online,Not Returned,FedEx,Berlin,Medium
998316,SKU_1949,USB Cable,3,2025-03-01 10:00,41.08,,Portugal,0.39,paypall,5.88,Furniture,In-store,Returned,Royal Mail,Paris,Low
777078,SKU_1650,Office Chair,12,2025-03-01 12:00,74.48,,Germany,0.45,paypall,12.99,Accessories,Online,Not Returned,UPS,,Low
980797,SKU_1329,White Mug,-3,2025-03-01 21:00,72.84,,Portugal,0.11,Bank Transfer,,Accessories,Online,Not Returned,DHL,,High
195736,SKU_1161,Headphones,-44,2025-03-01 23:00,-25.84,,Spain,1.190699125176642,paypall,,Apparel,In-store,Not Returned,UPS,,High
352756,SKU_1640,USB Cable,-14,2025-03-02 03:00,-35.88,,Spain,0.14,Credit Card,,Furniture,Online,Not Returned,FedEx,,High
133971,SKU_1848,Backpack,30,2025-03-02 12:00,11.86,,France,0.48,Bank Transfer,7.31,Electronics,In-store,Not Returned,UPS,,High
854932,SKU_1501,Office Chair,-10,2025-03-02 17:00,46.44,,United Kingdom,0.48,Credit Card,,Electronics,Online,Not Returned,UPS,,High
312941,SKU_1417,Desk Lamp,42,2025-03-03 16:00,21.93,,Germany,0.31,Bank Transfer,17.67,Accessories,In-store,Not Returned,Royal Mail,,Medium
708677,SKU_1453,Wall Clock,-34,2025-03-04 07:00,-71.5,,United States,1.746322342985187,Bank Transfer,,Apparel,In-store,Not Returned,Royal Mail,,High
529262,SKU_1940,Wireless Mouse,-27,2025-03-04 10:00,88.5,,Netherlands,0.47,paypall,,Electronics,In-store,Not Returned,Royal Mail,,Medium
881384,SKU_1474,Headphones,-3,2025-03-05 03:00,-9.45,,Australia,1.2685966911633364,paypall,,Furniture,Online,Not Returned,Royal Mail,,Medium
965114,SKU_1746,Blue Pen,-2,2025-03-05 16:00,-31.91,,Sweden,0.32,Bank Transfer,,Accessories,Online,Not Returned,FedEx,,Low
971431,SKU_1277,Headphones,46,2025-03-06 08:00,66.48,,United Kingdom,0.47,paypall,7.01,Apparel,In-store,Not Returned,DHL,,Medium
886442,SKU_1493,Office Chair,-7,2025-03-06 10:00,-98.26,,United States,1.6295084923245229,Credit Card,,Stationery,Online,Returned,DHL,,Medium
259098,SKU_1214,Notebook,-21,2025-03-06 17:00,-77.97,,Spain,1.3225387253791436,paypall,,Accessories,In-store,Not Returned,Royal Mail,,Low
639512,SKU_1817,Desk Lamp,30,2025-03-07 08:00,74.36,,Sweden,0.45,paypall,17.75,Furniture,In-store,Not Returned,UPS,,Low
209950,SKU_1458,Desk Lamp,23,2025-03-07 10:00,38.27,,Belgium,0.26,paypall,18.94,Furniture,Online,Not Returned,DHL,,High
651788,SKU_1739,Backpack,40,2025-03-07 15:00,86.69,,Germany,0.5,paypall,17.55,Apparel,In-store,Returned,Royal Mail,Paris,Medium
145876,SKU_1925,Wall Clock,38,2025-03-08 04:00,30.8,,France,0.5,paypall,19.61,Electronics,Online,Not Returned,FedEx,Paris,Low
746493,SKU_1533,Wall Clock,38,2025-03-08 05:00,25.37,,Australia,0.4,paypall,20.41,Apparel,In-store,Not Returned,DHL,Berlin,Low
868071,SKU_1124,USB Cable,-41,2025-03-08 06:00,-19.56,,Sweden,0.14,Credit Card,,Furniture,In-store,Not Returned,UPS,,Low
984975,SKU_1795,Headphones,7,2025-03-08 15:00,5.71,,Germany,0.47,paypall,19.56,Accessories,In-store,Not Returned,FedEx,Amsterdam,Medium
400974,SKU_1455,Office Chair,-35,2025-03-09 08:00,68.75,,Belgium,0.22,Bank Transfer,,Apparel,In-store,Not Returned,Royal Mail,,Low
326092,SKU_1355,Desk Lamp,31,2025-03-09 14:00,3.63,,Norway,0.2,Credit Card,24.59,Electronics,In-store,Returned,UPS,,Medium
523538,SKU_1632,Desk Lamp,10,2025-03-09 21:00,54.45,,Belgium,0.02,paypall,9.19,Stationery,In-store,Not Returned,DHL,Paris,Low
802490,SKU_1636,Desk Lamp,-36,2025-03-10 00:00,-98.04,,Spain,1.3721476994233597,paypall,,Accessories,Online,Not Returned,UPS,,Medium
895846,SKU_1779,Office Chair,35,2025-03-10 07:00,10.17,,Germany,0.08,Bank Transfer,11.73,Accessories,Online,Not Returned,UPS,Amsterdam,Low
635286,SKU_1037,Wireless Mouse,-8,2025-03-11 02:00,6.16,,Norway,0.23,Credit Card,,Apparel,In-store,Not Returned,UPS,,High
717976,SKU_1363,Notebook,-34,2025-03-11 06:00,-85.51,,Spain,1.4337170834618074,paypall,,Electronics,Online,Not Returned,FedEx,,Low
351006,SKU_1339,Desk Lamp,-42,2025-03-11 08:00,-76.4,,United States,0.22,paypall,,Furniture,Online,Not Returned,DHL,,High
634669,SKU_1687,Backpack,19,2025-03-11 09:00,84.98,,Belgium,0.28,paypall,22.25,Apparel,Online,Not Returned,Royal Mail,,Medium
437575,SKU_1066,Office Chair,36,2025-03-12 20:00,72.3,,United Kingdom,0.48,Bank Transfer,19.03,Furniture,Online,Not Returned,UPS,,Medium
442765,SKU_1656,USB Cable,-32,2025-03-13 02:00,2.19,,Germany,0.13,Bank Transfer,,Electronics,Online,Not Returned,UPS,,Low
258004,SKU_1268,Desk Lamp,-48,2025-03-13 09:00,-37.53,,Belgium,0.26,Credit Card,,Apparel,In-store,Not Returned,FedEx,,Low
274031,SKU_1428,Desk Lamp,33,2025-03-13 13:00,66.05,,United Kingdom,0.42,paypall,22.81,Stationery,Online,Returned,Royal Mail,Amsterdam,Medium
643606,SKU_1993,Notebook,-40,2025-03-13 20:00,-6.69,,United States,1.7588225448492447,paypall,,Accessories,In-store,Not Returned,UPS,,Medium
985474,SKU_1533,USB Cable,-20,2025-03-15 15:00,-39.39,,United States,1.355797946750784,Credit Card,,Accessories,Online,Not Returned,DHL,,Medium
227816,SKU_1992,T-shirt,35,2025-03-17 17:00,87.94,,United States,0.42,paypall,7.87,Accessories,In-store,Returned,UPS,London,High
701588,SKU_1625,USB Cable,6,2025-03-17 18:00,10.53,,Germany,0.5,paypall,21.84,Furniture,Online,Not Returned,UPS,Berlin,Medium
845461,SKU_1469,Wireless Mouse,-18,2025-03-17 19:00,87.11,,United States,0.33,paypall,,Furniture,Online,Not Returned,UPS,,High
796650,SKU_1104,Office Chair,-35,2025-03-17 22:00,1.79,,Germany,0.43,paypall,,Apparel,Online,Not Returned,Royal Mail,,High
682602,SKU_1438,USB Cable,28,2025-03-18 06:00,90.36,,Norway,0.14,Bank Transfer,13.89,Electronics,In-store,Not Returned,UPS,Berlin,Medium
462632,SKU_1896,Desk Lamp,41,2025-03-18 07:00,39.33,,France,0.31,Credit Card,11.96,Stationery,Online,Not Returned,Royal Mail,Berlin,Medium
783966,SKU_1199,Headphones,-7,2025-03-18 10:00,-85.91,,Spain,0.06,paypall,,Furniture,Online,Not Returned,UPS,,Low
654018,SKU_1377,Backpack,-18,2025-03-20 00:00,41.2,,Spain,0.33,Bank Transfer,,Furniture,In-store,Returned,DHL,,Medium
319251,SKU_1232,Wireless Mouse,37,2025-03-20 05:00,16.69,,Italy,0.02,Bank Transfer,8.7,Apparel,In-store,Not Returned,DHL,Berlin,Low
927492,SKU_1779,Desk Lamp,-34,2025-03-20 09:00,99.5,,Portugal,0.28,Credit Card,,Stationery,Online,Not Returned,FedEx,,Medium
121462,SKU_1865,Wireless Mouse,48,2025-03-20 11:00,74.98,,Belgium,0.44,paypall,10.8,Furniture,Online,Not Returned,Royal Mail,Amsterdam,Medium
522913,SKU_1538,Notebook,12,2025-03-20 16:00,52.63,,Norway,0.25,Credit Card,19.59,Furniture,Online,Not Returned,FedEx,,High
962435,SKU_1233,Office Chair,34,2025-03-21 02:00,47.97,,Italy,0.34,paypall,29.32,Electronics,In-store,Not Returned,FedEx,Rome,High
315287,SKU_1963,White Mug,-8,2025-03-21 04:00,70.85,,Australia,0.41,Bank Transfer,,Stationery,In-store,Not Returned,DHL,,Medium
158323,SKU_1911,USB Cable,15,2025-03-21 13:00,70.79,,Sweden,0.48,paypall,22.33,Accessories,Online,Not Returned,Royal Mail,Paris,High
494581,SKU_1896,White Mug,46,2025-03-21 17:00,52.05,,Australia,0.36,Credit Card,16.22,Accessories,Online,Not Returned,Royal Mail,Paris,Low
651626,SKU_1402,Notebook,-31,2025-03-21 22:00,-3.15,,United States,0.17,Bank Transfer,,Stationery,Online,Returned,UPS,,Medium
124727,SKU_1536,Wireless Mouse,-33,2025-03-22 02:00,79.57,,Sweden,0.4,paypall,,Apparel,Online,Not Returned,UPS,,Low
580293,SKU_1162,USB Cable,-23,2025-03-22 03:00,-56.46,,Norway,0.37,Bank Transfer,,Apparel,Online,Not Returned,DHL,,Medium
108061,SKU_1382,Office Chair,26,2025-03-22 23:00,7.38,,Spain,0.32,Bank Transfer,12.64,Accessories,In-store,Not Returned,DHL,Amsterdam,Medium
619412,SKU_1129,White Mug,-2,2025-03-23 00:00,-3.25,,Portugal,0.39,paypall,,Apparel,Online,Returned,UPS,,Medium
788211,SKU_1043,Blue Pen,-38,2025-03-23 20:00,26.04,,United Kingdom,0.12,Bank Transfer,,Electronics,In-store,Not Returned,Royal Mail,,High
659950,SKU_1237,Wall Clock,22,2025-03-24 13:00,30.19,,Germany,0.07,Credit Card,27.65,Accessories,Online,Not Returned,DHL,London,High
968600,SKU_1330,Notebook,2,2025-03-24 15:00,62.08,,United States,0.44,Credit Card,11.71,Electronics,In-store,Not Returned,Royal Mail,,Low
132548,SKU_1441,Backpack,-48,2025-03-25 09:00,-12.42,,Sweden,1.5544604607064123,Bank Transfer,,Stationery,In-store,Not Returned,UPS,,Medium
907273,SKU_1236,USB Cable,-43,2025-03-26 05:00,-72.82,,Australia,0.12,paypall,,Accessories,In-store,Not Returned,DHL,,Medium
472496,SKU_1224,Blue Pen,-41,2025-03-26 12:00,84.83,,Netherlands,0.17,Bank Transfer,,Apparel,Online,Not Returned,DHL,,Medium
144566,SKU_1028,White Mug,22,2025-03-26 23:00,87.54,,Norway,0.14,paypall,18.11,Furniture,In-store,Not Returned,UPS,,Low
495927,SKU_1056,T-shirt,-10,2025-03-27 01:00,-97.61,,Belgium,0.23,Credit Card,,Apparel,Online,Not Returned,FedEx,,Medium
734966,SKU_1950,Blue Pen,-50,2025-03-27 08:00,-45.22,,Germany,1.2992600365776417,Bank Transfer,,Furniture,In-store,Not Returned,UPS,,High
361752,SKU_1691,Headphones,43,2025-03-27 09:00,21.53,,Netherlands,0.39,Bank Transfer,17.36,Apparel,Online,Not Returned,Royal Mail,Amsterdam,Medium
265800,SKU_1208,USB Cable,-42,2025-03-28 03:00,96.03,,Italy,0.08,Bank Transfer,,Accessories,In-store,Returned,DHL,,Low
989433,SKU_1210,Headphones,-50,2025-03-28 09:00,3.16,,Sweden,0.49,paypall,,Stationery,Online,Not Returned,UPS,,High
124691,SKU_1333,Wall Clock,-5,2025-03-28 18:00,-81.2,,Belgium,1.9403342212036363,paypall,,Stationery,In-store,Not Returned,UPS,,High
232040,SKU_1008,Blue Pen,49,2025-03-29 12:00,78.06,,Portugal,0.44,Credit Card,26.42,Accessories,Online,Not Returned,Royal Mail,Rome,High
760179,SKU_1404,USB Cable,-7,2025-03-29 20:00,-20.22,,Sweden,0.44,paypall,,Furniture,In-store,Not Returned,FedEx,,High
831967,SKU_1242,T-shirt,-15,2025-03-30 02:00,-83.11,,Australia,1.4146544950812925,paypall,,Accessories,Online,Not Returned,FedEx,,Low
964720,SKU_1359,Desk Lamp,26,2025-03-30 06:00,35.55,,France,0.32,Bank Transfer,14.51,Stationery,Online,Not Returned,FedEx,,High
841360,SKU_1296,White Mug,48,2025-03-31 06:00,27.57,,United Kingdom,0.18,paypall,27.29,Electronics,In-store,Not Returned,FedEx,,Medium
817160,SKU_1251,White Mug,17,2025-03-31 07:00,55.05,,Spain,0.37,paypall,9.12,Accessories,Online,Not Returned,DHL,London,Low
137985,SKU_1782,Backpack,-43,2025-03-31 13:00,70.51,,Belgium,0.25,Credit Card,,Electronics,Online,Not Returned,UPS,,Low
216562,SKU_1588,Blue Pen,-17,2025-04-01 04:00,-77.46,,Belgium,1.2117297537208267,paypall,,Electronics,Online,Not Returned,Royal Mail,,Medium
551124,SKU_1972,Office Chair,-31,2025-04-01 10:00,48.74,,Netherlands,0.11,Bank Transfer,,Stationery,Online,Not Returned,UPS,,Medium
276756,SKU_1359,Office Chair,5,2025-04-01 15:00,84.88,,United Kingdom,0.41,Bank Transfer,18.38,Accessories,Online,Not Returned,Royal Mail,Rome,High
606628,SKU_1822,White Mug,-47,2025-04-02 02:00,-3.21,,United Kingdom,0.29,Bank Transfer,,Accessories,In-store,Not Returned,DHL,,Medium
733381,SKU_1550,Desk Lamp,24,2025-04-02 06:00,96.85,,Portugal,0.31,Bank Transfer,11.26,Stationery,Online,Not Returned,Royal Mail,Amsterdam,Low
449370,SKU_1439,Wireless Mouse,17,2025-04-02 09:00,61.5,,Belgium,0.24,Credit Card,11.5,Stationery,Online,Not Returned,UPS,Paris,Low
816097,SKU_1260,White Mug,25,2025-04-02 19:00,82.62,,United Kingdom,0.4,paypall,17.89,Furniture,In-store,Not Returned,DHL,Amsterdam,High
620047,SKU_1361,Desk Lamp,-3,2025-04-03 03:00,-94.08,,Portugal,1.4998773553132885,Credit Card,,Apparel,In-store,Not Returned,Royal Mail,,High
480929,SKU_1398,Wall Clock,-27,2025-04-03 19:00,47.56,,Spain,0.32,paypall,,Stationery,Online,Not Returned,UPS,,Low
590553,SKU_1656,Wireless Mouse,20,2025-04-04 04:00,54.72,,Portugal,0.25,paypall,5.91,Accessories,In-store,Not Returned,DHL,,High
185480,SKU_1526,Office Chair,38,2025-04-04 09:00,22.51,,Italy,0.47,Credit Card,17.79,Electronics,Online,Returned,UPS,,Medium
943391,SKU_1107,Wall Clock,-17,2025-04-04 15:00,-61.86,,Norway,1.740795877853746,Bank Transfer,,Apparel,In-store,Not Returned,FedEx,,High
429092,SKU_1255,Desk Lamp,-3,2025-04-04 16:00,14.83,,United States,0.18,Bank Transfer,,Furniture,In-store,Not Returned,DHL,,Medium
488829,SKU_1539,Headphones,-23,2025-04-05 06:00,-92.84,,Italy,1.4590958072149112,paypall,,Apparel,Online,Not Returned,UPS,,High
989921,SKU_1108,USB Cable,-39,2025-04-05 09:00,69.69,,Belgium,0.37,Credit Card,,Furniture,Online,Not Returned,Royal Mail,,Low
379335,SKU_1049,Wall Clock,9,2025-04-05 21:00,48.3,,Sweden,0.17,paypall,24.62,Furniture,Online,Not Returned,DHL,Berlin,Low
718896,SKU_1023,Wall Clock,34,2025-04-06 06:00,41.75,,United Kingdom,0.33,Bank Transfer,6.96,Apparel,Online,Not Returned,FedEx,London,High
912457,SKU_1146,T-shirt,-48,2025-04-06 12:00,58.64,,Netherlands,0.26,paypall,,Furniture,In-store,Not Returned,FedEx,,Low
400821,SKU_1006,Wireless Mouse,5,2025-04-06 23:00,56.15,,Portugal,0.42,paypall,22.61,Accessories,In-store,Not Returned,Royal Mail,,Medium
746582,SKU_1328,USB Cable,8,2025-04-07 03:00,26.49,,United States,0.19,Credit Card,10.52,Electronics,Online,Not Returned,DHL,Paris,Medium
569181,SKU_1864,Notebook,3,2025-04-08 00:00,11.93,,Italy,0.02,paypall,21.39,Electronics,In-store,Not Returned,UPS,Amsterdam,High
494230,SKU_1484,White Mug,-1,2025-04-08 03:00,-32.24,,Italy,0.2,Bank Transfer,,Furniture,Online,Not Returned,Royal Mail,,Medium
162681,SKU_1643,Wall Clock,4,2025-04-08 15:00,53.5,,Norway,0.11,Bank Transfer,20.29,Stationery,Online,Not Returned,FedEx,,Low
501683,SKU_1106,Office Chair,-16,2025-04-09 00:00,-86.72,,Belgium,1.047984867810676,Credit Card,,Furniture,Online,Not Returned,Royal Mail,,Low
555446,SKU_1654,Office Chair,31,2025-04-09 03:00,61.95,,Sweden,0.44,paypall,21.49,Stationery,In-store,Not Returned,UPS,Berlin,Low
574755,SKU_1635,Blue Pen,22,2025-04-10 02:00,75.9,,Spain,0.09,Credit Card,15.65,Apparel,Online,Not Returned,DHL,,High
931098,SKU_1409,T-shirt,22,2025-04-10 12:00,86.55,,Italy,0.33,paypall,27.01,Accessories,In-store,Not Returned,UPS,,Low
801760,SKU_1385,Backpack,-8,2025-04-11 00:00,-48.19,,Italy,0.43,Credit Card,,Apparel,Online,Not Returned,UPS,,Medium
970890,SKU_1753,T-shirt,18,2025-04-12 04:00,37.05,,Belgium,0.1,Credit Card,23.32,Accessories,Online,Not Returned,DHL,Amsterdam,Medium
590785,SKU_1314,Desk Lamp,23,2025-04-13 07:00,24.97,,Australia,0.09,paypall,22.08,Accessories,In-store,Returned,UPS,,Medium
289684,SKU_1928,Headphones,-38,2025-04-13 16:00,-90.73,,France,0.25,Bank Transfer,,Accessories,Online,Not Returned,Royal Mail,,Medium
814819,SKU_1430,Notebook,20,2025-04-13 21:00,98.75,,Spain,0.01,paypall,22.6,Accessories,Online,Returned,UPS,,Medium
859990,SKU_1008,White Mug,-28,2025-04-14 22:00,49.26,,United Kingdom,0.41,Credit Card,,Electronics,In-store,Not Returned,FedEx,,Medium
632009,SKU_1008,T-shirt,8,2025-04-15 03:00,44.41,,Portugal,0.0,paypall,22.62,Apparel,Online,Not Returned,DHL,Paris,Low
257224,SKU_1183,White Mug,-26,2025-04-15 05:00,91.95,,Italy,0.31,Bank Transfer,,Furniture,Online,Not Returned,FedEx,,High
360371,SKU_1906,White Mug,35,2025-04-15 21:00,25.5,,Norway,0.0,paypall,11.47,Stationery,Online,Not Returned,UPS,,Low
840919,SKU_1718,Headphones,-24,2025-04-15 23:00,57.97,,Spain,0.46,paypall,,Apparel,In-store,Not Returned,FedEx,,Medium
372040,SKU_1385,Wireless Mouse,-9,2025-04-16 17:00,-53.94,,United States,1.7353725998780785,paypall,,Apparel,Online,Not Returned,DHL,,Low
403764,SKU_1470,Wireless Mouse,-5,2025-04-17 01:00,-88.54,,Netherlands,1.7906679568527104,Bank Transfer,,Electronics,Online,Not Returned,FedEx,,Medium
442523,SKU_1383,Headphones,-46,2025-04-17 09:00,76.41,,Portugal,0.49,Credit Card,,Electronics,Online,Not Returned,FedEx,,High
460146,SKU_1757,Wall Clock,42,2025-04-18 02:00,67.11,,Germany,0.22,Bank Transfer,29.94,Stationery,Online,Not Returned,Royal Mail,Berlin,High
816399,SKU_1104,Wall Clock,23,2025-04-18 12:00,7.56,,United States,0.28,paypall,19.64,Stationery,In-store,Not Returned,Royal Mail,Paris,Medium
445174,SKU_1569,T-shirt,-12,2025-04-18 21:00,94.75,,United States,0.03,paypall,,Accessories,In-store,Not Returned,FedEx,,High
127364,SKU_1155,Office Chair,6,2025-04-19 04:00,71.56,,Australia,0.09,Credit Card,8.78,Electronics,Online,Not Returned,DHL,Rome,Medium
502791,SKU_1793,USB Cable,-31,2025-04-19 19:00,-86.99,,Norway,0.17,paypall,,Furniture,Online,Not Returned,DHL,,High
910701,SKU_1893,Office Chair,-4,2025-04-21 05:00,-95.72,,Norway,1.2864144790275764,Credit Card,,Electronics,Online,Not Returned,Royal Mail,,High
326468,SKU_1339,Wall Clock,47,2025-04-21 12:00,51.44,,Spain,0.37,Bank Transfer,18.02,Stationery,Online,Not Returned,FedEx,,Low
983527,SKU_1322,Office Chair,-12,2025-04-21 13:00,-62.24,,France,1.1678366721228168,Bank Transfer,,Furniture,In-store,Not Returned,UPS,,High
238741,SKU_1732,White Mug,31,2025-04-21 15:00,84.64,,Portugal,0.05,paypall,15.53,Electronics,In-store,Not Returned,DHL,Paris,Low
891084,SKU_1217,Wireless Mouse,46,2025-04-22 07:00,11.12,,Netherlands,0.22,Credit Card,19.77,Electronics,In-store,Not Returned,UPS,,Medium
322580,SKU_1973,Desk Lamp,34,2025-04-22 09:00,48.11,,Spain,0.43,paypall,23.43,Stationery,In-store,Not Returned,Royal Mail,,High
176216,SKU_1095,Blue Pen,-23,2025-04-22 13:00,79.98,,Germany,0.31,Credit Card,,Accessories,Online,Not Returned,FedEx,,Low
312511,SKU_1281,Office Chair,-41,2025-04-23 12:00,-48.46,,Portugal,1.1657110603261478,Bank Transfer,,Furniture,In-store,Not Returned,DHL,,Medium
810160,SKU_1242,Desk Lamp,-16,2025-04-23 13:00,-33.74,,United Kingdom,0.26,paypall,,Accessories,In-store,Not Returned,UPS,,High
904656,SKU_1198,Desk Lamp,-5,2025-04-23 16:00,-81.92,,Italy,0.44,Credit Card,,Accessories,In-store,Not Returned,FedEx,,Medium
345371,SKU_1195,Desk Lamp,-22,2025-04-23 21:00,-47.52,,Norway,1.432016938704192,Bank Transfer,,Stationery,In-store,Returned,UPS,,High
621819,SKU_1609,Notebook,-7,2025-04-24 05:00,44.91,,United Kingdom,0.25,Bank Transfer,,Apparel,In-store,Not Returned,Royal Mail,,Low
433151,SKU_1144,Blue Pen,-38,2025-04-24 17:00,-90.92,,Germany,0.05,paypall,,Accessories,Online,Not Returned,DHL,,Low
484112,SKU_1696,T-shirt,48,2025-04-24 22:00,58.65,,Belgium,0.19,Credit Card,21.74,Accessories,In-store,Not Returned,DHL,,High
643719,SKU_1046,Backpack,-5,2025-04-25 20:00,6.07,,Portugal,0.41,Bank Transfer,,Accessories,Online,Not Returned,FedEx,,Medium
411211,SKU_1099,Backpack,-17,2025-04-27 02:00,-48.21,,Germany,1.6975562883472022,paypall,,Electronics,In-store,Not Returned,UPS,,High
696388,SKU_1655,USB Cable,-35,2025-04-27 21:00,9.1,,Spain,0.28,Bank Transfer,,Electronics,In-store,Not Returned,Royal Mail,,High
118211,SKU_1529,Office Chair,35,2025-04-28 19:00,37.86,,Italy,0.16,Bank Transfer,15.15,Stationery,Online,Not Returned,DHL,Amsterdam,High
154711,SKU_1927,Headphones,-12,2025-04-28 20:00,61.07,,Australia,0.44,paypall,,Accessories,In-store,Not Returned,Royal Mail,,High
446136,SKU_1095,Office Chair,-30,2025-04-29 00:00,-17.47,,Australia,0.13,paypall,,Accessories,Online,Returned,Royal Mail,,Low
998202,SKU_1384,Wall Clock,-28,2025-04-29 04:00,-98.78,,Germany,1.88134225385115,Bank Transfer,,Stationery,In-store,Not Returned,FedEx,,High
899323,SKU_1350,Notebook,-35,2025-04-29 12:00,-40.57,,United States,1.1071932465549,paypall,,Stationery,Online,Not Returned,FedEx,,Medium
622678,SKU_1225,Office Chair,29,2025-04-29 22:00,32.29,,Netherlands,0.34,Bank Transfer,15.34,Electronics,In-store,Not Returned,UPS,,Low
933223,SKU_1762,Office Chair,-31,2025-04-30 00:00,84.28,,Australia,0.04,Bank Transfer,,Electronics,In-store,Not Returned,DHL,,High
735728,SKU_1088,Wireless Mouse,12,2025-04-30 15:00,10.15,,Spain,0.23,Credit Card,22.0,Apparel,Online,Not Returned,Royal Mail,Berlin,Low
179792,SKU_1466,Wireless Mouse,-2,2025-05-01 00:00,-1.26,,Italy,1.3167113860698003,Bank Transfer,,Accessories,In-store,Not Returned,UPS,,Low
454741,SKU_1682,Wall Clock,-26,2025-05-01 17:00,88.66,,Portugal,0.47,Bank Transfer,,Stationery,In-store,Not Returned,FedEx,,Medium
726978,SKU_1003,USB Cable,-21,2025-05-01 20:00,55.11,,Norway,0.43,Credit Card,,Apparel,Online,Not Returned,FedEx,,High
508313,SKU_1339,Wall Clock,-21,2025-05-02 18:00,-33.27,,Sweden,0.01,Credit Card,,Apparel,Online,Not Returned,UPS,,Medium
387021,SKU_1098,Blue Pen,-44,2025-05-02 21:00,30.55,,France,0.12,Credit Card,,Accessories,Online,Not Returned,FedEx,,High
763660,SKU_1288,Desk Lamp,-50,2025-05-02 23:00,-13.22,,France,0.0,Bank Transfer,,Stationery,Online,Not Returned,Royal Mail,,Low
463095,SKU_1537,USB Cable,-37,2025-05-03 01:00,44.61,,United States,0.32,Credit Card,,Electronics,In-store,Not Returned,Royal Mail,,Medium
422754,SKU_1656,Blue Pen,-10,2025-05-03 19:00,-88.27,,Belgium,1.3290578284218022,Credit Card,,Furniture,Online,Not Returned,FedEx,,High
379402,SKU_1345,Wireless Mouse,-16,2025-05-03 21:00,-5.22,,Italy,1.2443114273655618,paypall,,Accessories,In-store,Not Returned,UPS,,Low
710546,SKU_1334,T-shirt,46,2025-05-05 07:00,31.55,,Belgium,0.3,Bank Transfer,16.15,Stationery,In-store,Not Returned,FedEx,,Medium
396351,SKU_1023,Headphones,49,2025-05-05 13:00,79.1,,Spain,0.15,paypall,19.53,Electronics,In-store,Not Returned,DHL,,High
224717,SKU_1927,T-shirt,-46,2025-05-06 07:00,-68.27,,France,1.2007328734311074,Bank Transfer,,Stationery,Online,Not Returned,Royal Mail,,Low
814080,SKU_1446,T-shirt,-19,2025-05-06 08:00,-36.38,,Netherlands,1.1796293899901342,paypall,,Furniture,In-store,Not Returned,DHL,,Medium
240978,SKU_1452,Desk Lamp,-8,2025-05-06 17:00,-17.43,,United States,0.45,Bank Transfer,,Electronics,Online,Not Returned,Royal Mail,,Low
707405,SKU_1898,Backpack,-8,2025-05-06 19:00,90.88,,Spain,0.38,Credit Card,,Stationery,In-store,Not Returned,Royal Mail,,Low
469135,SKU_1416,Wireless Mouse,-1,2025-05-07 13:00,35.13,,Australia,0.03,Credit Card,,Electronics,In-store,Not Returned,Royal Mail,,Medium
692251,SKU_1710,Wireless Mouse,45,2025-05-07 19:00,52.08,,Netherlands,0.48,Credit Card,27.55,Apparel,In-store,Not Returned,DHL,,Low
967471,SKU_1536,Notebook,-19,2025-05-08 05:00,-99.09,,Spain,1.4044611797319997,paypall,,Furniture,In-store,Not Returned,FedEx,,Low
405490,SKU_1613,Desk Lamp,20,2025-05-08 06:00,90.83,,Sweden,0.28,Credit Card,5.35,Electronics,Online,Not Returned,FedEx,,Low
178709,SKU_1857,Backpack,9,2025-05-09 00:00,22.5,,Australia,0.37,Bank Transfer,15.79,Accessories,Online,Not Returned,FedEx,,Low
587403,SKU_1552,Office Chair,7,2025-05-09 02:00,95.46,,United Kingdom,0.32,paypall,18.56,Furniture,Online,Not Returned,Royal Mail,Paris,Medium
479843,SKU_1709,Notebook,-15,2025-05-09 17:00,-55.91,,United Kingdom,0.47,Bank Transfer,,Stationery,Online,Not Returned,DHL,,Medium
961626,SKU_1079,Headphones,38,2025-05-10 21:00,61.44,,Portugal,0.4,paypall,6.37,Furniture,In-store,Not Returned,FedEx,,High
733772,SKU_1452,Notebook,-34,2025-05-10 22:00,27.82,,Sweden,0.21,paypall,,Accessories,In-store,Not Returned,DHL,,Medium
466223,SKU_1036,USB Cable,34,2025-05-11 17:00,19.05,,Australia,0.39,Credit Card,27.25,Furniture,Online,Not Returned,DHL,Rome,Low
907831,SKU_1468,Backpack,36,2025-05-12 01:00,25.26,,United Kingdom,0.39,Credit Card,13.99,Furniture,Online,Not Returned,FedEx,,Low
281423,SKU_1261,Wall Clock,-50,2025-05-12 20:00,-79.49,,Netherlands,1.292710452538661,Credit Card,,Electronics,Online,Not Returned,DHL,,Medium
989522,SKU_1287,Office Chair,-42,2025-05-13 04:00,39.13,,France,0.42,Credit Card,,Accessories,Online,Not Returned,FedEx,,Medium
906311,SKU_1788,Headphones,-48,2025-05-13 06:00,-15.57,,Italy,1.793105682651634,Bank Transfer,,Electronics,Online,Not Returned,DHL,,Low
676602,SKU_1745,White Mug,13,2025-05-13 12:00,19.7,,Belgium,0.11,Credit Card,16.69,Electronics,Online,Not Returned,Royal Mail,,Low
306676,SKU_1414,Blue Pen,18,2025-05-14 12:00,15.06,,France,0.17,Credit Card,10.15,Stationery,Online,Not Returned,UPS,Amsterdam,High
754659,SKU_1878,Blue Pen,37,2025-05-15 07:00,73.99,,France,0.41,Bank Transfer,26.37,Electronics,In-store,Not Returned,Royal Mail,Amsterdam,Medium
570043,SKU_1563,Wall Clock,-10,2025-05-16 01:00,-21.27,,Italy,0.15,paypall,,Accessories,Online,Not Returned,FedEx,,High
571301,SKU_1597,Headphones,-21,2025-05-16 03:00,41.49,,Portugal,0.32,paypall,,Accessories,In-store,Not Returned,Royal Mail,,Low
634028,SKU_1660,Notebook,8,2025-05-16 07:00,83.93,,Portugal,0.39,Bank Transfer,9.67,Stationery,In-store,Not Returned,FedEx,,Medium
615951,SKU_1404,Wall Clock,-30,2025-05-16 12:00,-71.87,,Australia,0.42,Credit Card,,Accessories,Online,Not Returned,FedEx,,Low
498494,SKU_1958,Wall Clock,48,2025-05-17 17:00,24.69,,Italy,0.34,paypall,14.29,Electronics,In-store,Not Returned,UPS,Rome,Low
976821,SKU_1585,Wireless Mouse,28,2025-05-17 21:00,79.28,,Norway,0.34,Credit Card,21.78,Stationery,In-store,Not Returned,DHL,,High
992323,SKU_1895,Wireless Mouse,49,2025-05-18 00:00,93.91,,United Kingdom,0.22,Credit Card,29.39,Electronics,Online,Returned,UPS,,Low
151866,SKU_1256,White Mug,47,2025-05-18 07:00,15.15,,Norway,0.21,Credit Card,12.99,Accessories,Online,Not Returned,Royal Mail,Paris,High
235032,SKU_1476,Notebook,33,2025-05-18 14:00,51.81,,Portugal,0.2,Bank Transfer,18.9,Stationery,Online,Not Returned,Royal Mail,,High
809608,SKU_1702,Wireless Mouse,-22,2025-05-18 16:00,-56.78,,Norway,1.0700887262867909,Bank Transfer,,Stationery,Online,Not Returned,UPS,,High
446743,SKU_1305,Wall Clock,-35,2025-05-18 22:00,-45.32,,Australia,1.3440628482451116,paypall,,Electronics,In-store,Not Returned,FedEx,,Medium
309689,SKU_1261,Blue Pen,41,2025-05-19 01:00,67.14,,Italy,0.05,Credit Card,12.0,Accessories,In-store,Not Returned,FedEx,London,High
238308,SKU_1769,Backpack,-16,2025-05-19 09:00,-93.91,,United States,0.29,paypall,,Electronics,In-store,Not Returned,DHL,,Medium
727566,SKU_1003,Backpack,-17,2025-05-19 14:00,-58.89,,Germany,1.512854964781471,Bank Transfer,,Electronics,Online,Not Returned,FedEx,,High
276779,SKU_1777,USB Cable,-22,2025-05-20 10:00,-37.3,,Belgium,1.1755760185663189,paypall,,Stationery,Online,Not Returned,DHL,,High
698510,SKU_1629,Desk Lamp,36,2025-05-20 12:00,83.66,,Germany,0.22,Credit Card,9.49,Accessories,Online,Not Returned,FedEx,,Medium
453409,SKU_1436,Wall Clock,-16,2025-05-20 15:00,-95.77,,Italy,1.942308866655312,Credit Card,,Accessories,Online,Not Returned,FedEx,,Medium
560894,SKU_1843,Wireless Mouse,-43,2025-05-20 16:00,91.15,,Norway,0.39,Credit Card,,Electronics,Online,Not Returned,UPS,,High
504013,SKU_1371,Wall Clock,-15,2025-05-21 14:00,-41.99,,Belgium,0.16,Credit Card,,Furniture,In-store,Not Returned,UPS,,High
209266,SKU_1541,USB Cable,26,2025-05-21 23:00,86.34,,Belgium,0.14,Credit Card,11.53,Furniture,In-store,Not Returned,Royal Mail,London,Medium
733721,SKU_1321,Backpack,29,2025-05-22 17:00,46.96,,Sweden,0.36,Credit Card,28.63,Stationery,In-store,Not Returned,FedEx,,Low
303665,SKU_1871,Office Chair,-23,2025-05-22 18:00,-11.63,,Belgium,0.49,Bank Transfer,,Apparel,Online,Not Returned,UPS,,Low
732349,SKU_1667,Wall Clock,39,2025-05-23 12:00,35.85,,Italy,0.4,Credit Card,27.39,Stationery,In-store,Not Returned,FedEx,,Low
286854,SKU_1679,Desk Lamp,39,2025-05-23 18:00,12.87,,Italy,0.36,paypall,10.96,Electronics,Online,Not Returned,UPS,,Low
938203,SKU_1478,Notebook,23,2025-05-24 04:00,36.61,,Norway,0.41,Bank Transfer,13.35,Stationery,In-store,Not Returned,Royal Mail,,High
615463,SKU_1219,Wireless Mouse,45,2025-05-24 17:00,11.24,,Portugal,0.11,Credit Card,17.89,Accessories,Online,Not Returned,DHL,Rome,Low
653119,SKU_1539,Desk Lamp,-19,2025-05-24 18:00,-21.42,,France,1.8535253824059208,paypall,,Electronics,In-store,Not Returned,FedEx,,High
618723,SKU_1757,Blue Pen,-40,2025-05-24 22:00,-71.44,,Netherlands,0.08,Bank Transfer,,Electronics,Online,Not Returned,FedEx,,Low
886024,SKU_1010,Wireless Mouse,-28,2025-05-25 05:00,-12.81,,Germany,0.4,Credit Card,,Accessories,Online,Not Returned,FedEx,,Medium
109880,SKU_1775,Backpack,-8,2025-05-25 22:00,-56.6,,Germany,1.4879923494579703,paypall,,Electronics,Online,Not Returned,UPS,,Medium
974808,SKU_1068,Wall Clock,-11,2025-05-26 00:00,-27.78,,Norway,1.688573369500665,paypall,,Furniture,Online,Not Returned,Royal Mail,,Medium
519040,SKU_1166,Wireless Mouse,39,2025-05-26 15:00,90.96,,Italy,0.08,Credit Card,28.52,Stationery,In-store,Not Returned,FedEx,London,Low
759576,SKU_1020,Desk Lamp,-18,2025-05-28 02:00,17.23,,Italy,0.35,Bank Transfer,,Electronics,Online,Not Returned,UPS,,High
819655,SKU_1718,T-shirt,29,2025-05-28 12:00,42.7,,Sweden,0.37,Credit Card,24.66,Electronics,In-store,Not Returned,Royal Mail,,Medium
237791,SKU_1330,Wireless Mouse,12,2025-05-28 15:00,93.93,,Australia,0.01,Bank Transfer,29.69,Apparel,Online,Not Returned,FedEx,London,High
812680,SKU_1181,White Mug,36,2025-05-28 22:00,21.67,,Australia,0.33,Bank Transfer,17.22,Furniture,In-store,Not Returned,FedEx,Amsterdam,Low
976005,SKU_1948,Notebook,-14,2025-05-29 05:00,-57.55,,Belgium,1.634008427716339,Credit Card,,Apparel,Online,Not Returned,DHL,,Medium
138056,SKU_1607,Office Chair,7,2025-05-29 09:00,86.65,,Belgium,0.09,Credit Card,27.75,Accessories,In-store,Not Returned,FedEx,Amsterdam,Low
710603,SKU_1534,USB Cable,38,2025-05-29 20:00,67.83,,France,0.2,Bank Transfer,7.47,Furniture,In-store,Not Returned,DHL,Amsterdam,Medium
130949,SKU_1978,Wall Clock,16,2025-05-30 05:00,6.82,,Norway,0.17,paypall,10.2,Furniture,In-store,Not Returned,UPS,Paris,High
412751,SKU_1554,T-shirt,-30,2025-05-30 12:00,67.49,,Australia,0.39,Credit Card,,Stationery,In-store,Not Returned,DHL,,Low
927908,SKU_1774,Desk Lamp,-41,2025-05-31 13:00,22.79,,Italy,0.3,Credit Card,,Furniture,Online,Not Returned,UPS,,High
461627,SKU_1063,Blue Pen,22,2025-06-01 09:00,64.39,,United Kingdom,0.09,Bank Transfer,8.65,Apparel,Online,Not Returned,DHL,Berlin,High
691413,SKU_1946,Headphones,-28,2025-06-02 02:00,-46.25,,United Kingdom,0.34,Credit Card,,Stationery,Online,Not Returned,DHL,,High
606810,SKU_1178,Wall Clock,-17,2025-06-02 10:00,-2.64,,Sweden,1.8892465684892568,paypall,,Electronics,In-store,Returned,UPS,,Low
205518,SKU_1682,Backpack,-42,2025-06-02 13:00,-96.22,,Belgium,0.21,Bank Transfer,,Furniture,Online,Not Returned,DHL,,High
667441,SKU_1664,Wireless Mouse,-16,2025-06-02 15:00,5.6,,Sweden,0.34,Bank Transfer,,Electronics,In-store,Not Returned,FedEx,,Medium
378905,SKU_1096,Wall Clock,31,2025-06-03 09:00,30.71,,Sweden,0.26,Bank Transfer,12.71,Furniture,Online,Not Returned,UPS,,High
723738,SKU_1309,Notebook,7,2025-06-03 16:00,6.26,,Belgium,0.4,Credit Card,7.85,Apparel,In-store,Not Returned,FedEx,Paris,Low
298824,SKU_1191,White Mug,-6,2025-06-03 19:00,75.01,,Italy,0.47,paypall,,Apparel,In-store,Not Returned,UPS,,Medium
770338,SKU_1314,Wireless Mouse,-35,2025-06-04 09:00,21.84,,Australia,0.41,paypall,,Electronics,In-store,Not Returned,FedEx,,Low
583843,SKU_1553,Wireless Mouse,-27,2025-06-04 19:00,-42.9,,Norway,0.27,Bank Transfer,,Accessories,Online,Not Returned,DHL,,High
264806,SKU_1925,Wall Clock,-29,2025-06-05 03:00,-51.7,,Norway,1.2710098758897077,paypall,,Furniture,Online,Not Returned,DHL,,Medium
275126,SKU_1139,White Mug,27,2025-06-05 08:00,30.61,,Australia,0.09,Credit Card,26.26,Stationery,In-store,Not Returned,DHL,Berlin,Low
703100,SKU_1233,Wireless Mouse,-39,2025-06-06 00:00,-86.72,,Portugal,0.28,Credit Card,,Electronics,Online,Not Returned,FedEx,,Low
140526,SKU_1903,T-shirt,-45,2025-06-06 05:00,4.69,,Norway,0.26,Credit Card,,Furniture,Online,Not Returned,UPS,,Medium
131879,SKU_1712,Headphones,16,2025-06-06 15:00,26.25,,France,0.13,Credit Card,9.61,Apparel,In-store,Not Returned,DHL,Paris,High
288513,SKU_1543,Backpack,32,2025-06-07 10:00,90.42,,Italy,0.12,Bank Transfer,27.1,Accessories,In-store,Not Returned,FedEx,Berlin,Low
565570,SKU_1718,Notebook,42,2025-06-07 19:00,28.47,,Spain,0.2,Credit Card,28.77,Furniture,Online,Not Returned,Royal Mail,Berlin,Low
551612,SKU_1853,Backpack,-41,2025-06-08 07:00,-18.93,,Australia,1.5662241719947705,paypall,,Stationery,Online,Returned,UPS,,High
164758,SKU_1083,Wall Clock,18,2025-06-09 21:00,6.07,,Germany,0.28,paypall,28.42,Apparel,In-store,Not Returned,FedEx,Rome,High
563544,SKU_1434,Desk Lamp,9,2025-06-09 23:00,54.96,,Sweden,0.1,Bank Transfer,18.56,Electronics,In-store,Returned,Royal Mail,London,High
239340,SKU_1041,Headphones,21,2025-06-10 03:00,17.71,,Spain,0.31,Credit Card,23.49,Apparel,In-store,Not Returned,UPS,Amsterdam,High
911700,SKU_1392,Desk Lamp,-40,2025-06-10 19:00,-16.65,,Belgium,1.95940214135763,Credit Card,,Electronics,In-store,Returned,UPS,,Medium
734258,SKU_1500,Headphones,11,2025-06-12 18:00,97.58,,Belgium,0.34,Bank Transfer,7.49,Electronics,In-store,Not Returned,FedEx,,Low
317493,SKU_1137,Office Chair,18,2025-06-13 00:00,79.34,,Germany,0.42,Credit Card,11.05,Furniture,In-store,Not Returned,UPS,Berlin,Low
400953,SKU_1948,T-shirt,-4,2025-06-13 01:00,20.7,,Sweden,0.09,Credit Card,,Apparel,In-store,Not Returned,UPS,,Medium
298866,SKU_1190,White Mug,37,2025-06-14 09:00,65.81,,United States,0.26,paypall,20.24,Accessories,In-store,Not Returned,Royal Mail,Berlin,Low
805605,SKU_1176,T-shirt,-34,2025-06-14 21:00,-94.25,,Italy,1.7045591098069792,paypall,,Furniture,In-store,Not Returned,UPS,,High
239667,SKU_1707,Office Chair,14,2025-06-15 18:00,68.52,,France,0.26,Bank Transfer,6.08,Apparel,In-store,Not Returned,FedEx,London,High
697276,SKU_1051,Headphones,43,2025-06-16 16:00,60.05,,Italy,0.13,Credit Card,9.17,Stationery,In-store,Not Returned,Royal Mail,Amsterdam,Low
330729,SKU_1233,Desk Lamp,-7,2025-06-17 05:00,-25.25,,Belgium,0.27,Bank Transfer,,Electronics,Online,Returned,DHL,,Low
986119,SKU_1728,Wall Clock,-7,2025-06-18 09:00,-18.12,,France,1.653222511031924,Credit Card,,Furniture,In-store,Not Returned,DHL,,Low
629279,SKU_1211,Notebook,-41,2025-06-18 15:00,78.64,,Norway,0.03,Credit Card,,Accessories,In-store,Not Returned,DHL,,High
508551,SKU_1840,Notebook,1,2025-06-19 03:00,11.06,,Netherlands,0.39,paypall,25.26,Stationery,Online,Not Returned,DHL,Paris,Low
108070,SKU_1991,White Mug,-46,2025-06-19 18:00,-13.97,,Norway,1.294462318133098,paypall,,Accessories,In-store,Not Returned,UPS,,Medium
457105,SKU_1211,Desk Lamp,-42,2025-06-19 21:00,-33.95,,Portugal,1.566827327659552,paypall,,Apparel,Online,Not Returned,Royal Mail,,Low
129420,SKU_1439,Wireless Mouse,-38,2025-06-20 03:00,57.51,,Portugal,0.03,paypall,,Apparel,In-store,Not Returned,Royal Mail,,High
868819,SKU_1134,Notebook,-25,2025-06-20 21:00,-48.87,,Australia,1.1593937089594006,paypall,,Stationery,Online,Not Returned,DHL,,Low
168748,SKU_1764,USB Cable,-25,2025-06-21 05:00,-74.81,,Netherlands,1.727310986852925,Bank Transfer,,Stationery,Online,Returned,UPS,,High
897619,SKU_1430,Headphones,-7,2025-06-21 22:00,-92.44,,Netherlands,1.9466820833355396,Credit Card,,Electronics,In-store,Not Returned,DHL,,High
976108,SKU_1484,USB Cable,-48,2025-06-22 12:00,-59.72,,Spain,1.4217366095508508,Bank Transfer,,Apparel,Online,Not Returned,UPS,,Medium
126365,SKU_1838,Wall Clock,-26,2025-06-22 18:00,-47.62,,Spain,1.472980475797402,paypall,,Apparel,In-store,Not Returned,UPS,,High
883540,SKU_1811,Backpack,-46,2025-06-23 03:00,90.57,,Italy,0.23,Credit Card,,Accessories,In-store,Not Returned,Royal Mail,,Low
923397,SKU_1631,Wireless Mouse,39,2025-06-23 17:00,63.73,,United Kingdom,0.41,Bank Transfer,21.58,Apparel,In-store,Not Returned,FedEx,Berlin,High
978624,SKU_1384,Notebook,-9,2025-06-24 07:00,35.43,,United States,0.03,Bank Transfer,,Electronics,In-store,Not Returned,UPS,,High
448355,SKU_1046,Wireless Mouse,-28,2025-06-24 11:00,-21.91,,Belgium,1.99880828804012,Credit Card,,Furniture,In-store,Not Returned,Royal Mail,,Medium
104235,SKU_1381,White Mug,43,2025-06-25 03:00,78.56,,Belgium,0.01,Credit Card,8.56,Electronics,Online,Not Returned,Royal Mail,Amsterdam,High
112015,SKU_1656,T-shirt,-36,2025-06-25 06:00,-95.84,,Germany,0.23,paypall,,Accessories,Online,Not Returned,Royal Mail,,High
231190,SKU_1908,T-shirt,-43,2025-06-25 17:00,-80.61,,United Kingdom,1.9996051880123369,Credit Card,,Accessories,Online,Returned,DHL,,Low
995988,SKU_1512,USB Cable,7,2025-06-25 20:00,95.68,,Norway,0.49,paypall,5.52,Furniture,Online,Not Returned,UPS,Paris,High
442445,SKU_1276,USB Cable,1,2025-06-25 22:00,34.19,,Sweden,0.26,Credit Card,16.04,Stationery,In-store,Not Returned,FedEx,Berlin,Medium
158823,SKU_1525,Office Chair,24,2025-06-26 08:00,19.66,,Australia,0.01,Credit Card,19.44,Accessories,In-store,Returned,Royal Mail,Berlin,Low
773515,SKU_1653,Wireless Mouse,-2,2025-06-26 16:00,-18.21,,Australia,0.02,paypall,,Apparel,Online,Not Returned,DHL,,High
228557,SKU_1125,Blue Pen,22,2025-06-26 22:00,42.79,,Italy,0.48,paypall,12.17,Stationery,Online,Not Returned,Royal Mail,London,Medium
734655,SKU_1910,Office Chair,-18,2025-06-27 04:00,-37.49,,Netherlands,1.8681356672388367,Credit Card,,Electronics,In-store,Not Returned,UPS,,High
516893,SKU_1364,Office Chair,-49,2025-06-27 18:00,94.56,,Belgium,0.39,paypall,,Apparel,In-store,Not Returned,UPS,,Medium
409052,SKU_1054,T-shirt,42,2025-06-27 21:00,30.02,,Germany,0.38,Bank Transfer,7.34,Electronics,Online,Not Returned,UPS,Paris,Medium
740743,SKU_1501,USB Cable,-13,2025-06-27 22:00,-95.35,,Italy,1.5305969586486263,Bank Transfer,,Electronics,Online,Not Returned,UPS,,High
163539,SKU_1891,Wall Clock,-23,2025-06-28 04:00,-89.83,,Spain,1.0824119820313096,paypall,,Electronics,Online,Not Returned,UPS,,Low
531474,SKU_1171,Office Chair,8,2025-06-28 15:00,63.74,80266.0,Italy,0.08,Bank Transfer,27.9,Electronics,In-store,Not Returned,FedEx,London,Low
191607,SKU_1943,Notebook,-26,2025-06-29 01:00,-58.81,,Norway,1.720223493036384,Bank Transfer,,Furniture,In-store,Not Returned,Royal Mail,,Low
476030,SKU_1914,Wall Clock,1,2025-06-29 19:00,8.19,,Australia,0.16,Bank Transfer,10.6,Electronics,Online,Not Returned,FedEx,,High
838284,SKU_1409,USB Cable,2,2025-06-29 21:00,64.77,,Australia,0.08,Bank Transfer,6.66,Electronics,Online,Not Returned,DHL,London,Medium
904938,SKU_1720,Notebook,35,2025-06-29 22:00,53.48,,Italy,0.48,Credit Card,13.44,Apparel,Online,Not Returned,UPS,,High
622133,SKU_1090,Headphones,17,2025-06-30 00:00,15.52,32397.0,Australia,0.05,paypall,19.15,Accessories,Online,Not Returned,FedEx,Amsterdam,Medium
444535,SKU_1964,Notebook,10,2025-06-30 05:00,88.08,,Norway,0.44,Bank Transfer,23.13,Electronics,In-store,Not Returned,Royal Mail,Berlin,High
720348,SKU_1172,Headphones,-11,2025-06-30 13:00,68.3,,Italy,0.48,Bank Transfer,,Electronics,In-store,Not Returned,FedEx,,Medium
910537,SKU_1112,Wall Clock,-22,2025-06-30 21:00,28.15,,Portugal,0.43,Bank Transfer,,Furniture,Online,Not Returned,FedEx,,Medium
316581,SKU_1847,Wireless Mouse,30,2025-07-01 02:00,84.16,,Belgium,0.35,Credit Card,13.78,Electronics,In-store,Returned,UPS,,Low
832531,SKU_1481,Headphones,-16,2025-07-01 05:00,57.67,,Italy,0.08,Credit Card,,Apparel,In-store,Not Returned,DHL,,Medium
907889,SKU_1427,T-shirt,-38,2025-07-01 07:00,81.15,,Portugal,0.41,Bank Transfer,,Stationery,Online,Not Returned,Royal Mail,,Medium
412366,SKU_1184,Backpack,16,2025-07-01 09:00,63.86,,Italy,0.28,Bank Transfer,18.07,Electronics,Online,Not Returned,DHL,London,Low
456001,SKU_1983,Wall Clock,21,2025-07-01 10:00,67.57,,Australia,0.43,paypall,7.87,Apparel,In-store,Not Returned,Royal Mail,Berlin,High
835730,SKU_1816,Blue Pen,-34,2025-07-01 11:00,-71.39,,Italy,1.2851984825393226,Bank Transfer,,Accessories,In-store,Not Returned,Royal Mail,,Medium
857914,SKU_1594,Wall Clock,16,2025-07-01 12:00,41.91,,France,0.18,Credit Card,8.81,Stationery,In-store,Returned,DHL,,High
779595,SKU_1273,Headphones,-30,2025-07-02 13:00,-38.5,,United Kingdom,1.4978139764600746,paypall,,Stationery,In-store,Not Returned,Royal Mail,,Medium
349468,SKU_1003,Notebook,-13,2025-07-03 07:00,-53.78,,Australia,1.7270210119777636,Credit Card,,Furniture,In-store,Not Returned,UPS,,High
678368,SKU_1108,USB Cable,45,2025-07-03 09:00,21.41,,Netherlands,0.17,paypall,7.92,Apparel,Online,Not Returned,FedEx,Rome,High
831759,SKU_1077,Desk Lamp,40,2025-07-03 10:00,83.87,,Spain,0.16,Bank Transfer,28.18,Accessories,Online,Not Returned,Royal Mail,Amsterdam,High
752272,SKU_1738,Blue Pen,3,2025-07-03 14:00,48.49,,Spain,0.31,Bank Transfer,8.49,Apparel,In-store,Not Returned,Royal Mail,Amsterdam,High
299394,SKU_1587,Wall Clock,17,2025-07-04 00:00,34.32,,Sweden,0.26,Credit Card,9.15,Electronics,Online,Not Returned,DHL,Berlin,Medium
296597,SKU_1145,Blue Pen,7,2025-07-04 10:00,79.67,,Netherlands,0.25,Credit Card,17.0,Apparel,In-store,Not Returned,UPS,Paris,Medium
400499,SKU_1040,Headphones,40,2025-07-05 22:00,72.17,,Belgium,0.23,paypall,23.3,Furniture,Online,Returned,FedEx,Berlin,Medium
842692,SKU_1071,Wireless Mouse,28,2025-07-05 23:00,55.92,,France,0.16,Credit Card,18.65,Electronics,In-store,Not Returned,DHL,Amsterdam,Medium
445277,SKU_1238,USB Cable,-16,2025-07-06 08:00,47.01,,France,0.03,Credit Card,,Accessories,In-store,Not Returned,FedEx,,Medium
131041,SKU_1046,White Mug,16,2025-07-06 16:00,94.45,,Spain,0.32,paypall,9.82,Electronics,In-store,Not Returned,UPS,,High
824394,SKU_1366,Desk Lamp,18,2025-07-06 18:00,13.98,,Italy,0.04,Bank Transfer,17.29,Stationery,In-store,Not Returned,DHL,,Low
616391,SKU_1025,Notebook,27,2025-07-06 19:00,59.07,,United States,0.48,paypall,17.82,Accessories,Online,Not Returned,DHL,,Medium
429817,SKU_1421,Notebook,20,2025-07-06 23:00,19.33,,Norway,0.38,Credit Card,16.08,Accessories,Online,Not Returned,Royal Mail,,High
222343,SKU_1997,Backpack,5,2025-07-07 00:00,16.6,,Belgium,0.19,paypall,10.8,Accessories,In-store,Returned,Royal Mail,Amsterdam,Medium
202169,SKU_1638,USB Cable,45,2025-07-07 06:00,84.22,,United States,0.32,Bank Transfer,29.92,Electronics,In-store,Not Returned,DHL,,Low
743428,SKU_1755,Blue Pen,9,2025-07-07 09:00,4.4,,Norway,0.29,paypall,25.14,Accessories,In-store,Not Returned,DHL,Paris,Medium
959182,SKU_1176,Backpack,36,2025-07-07 13:00,99.84,,Belgium,0.01,Bank Transfer,18.16,Furniture,In-store,Not Returned,DHL,Paris,Low
189591,SKU_1526,Headphones,27,2025-07-07 17:00,60.54,,United States,0.12,paypall,22.02,Furniture,In-store,Not Returned,UPS,Paris,High
652832,SKU_1351,USB Cable,34,2025-07-08 05:00,50.83,,United Kingdom,0.49,Bank Transfer,23.59,Stationery,Online,Not Returned,DHL,,High
896855,SKU_1252,White Mug,-32,2025-07-08 15:00,31.21,,France,0.21,Credit Card,,Apparel,Online,Not Returned,Royal Mail,,Medium
875819,SKU_1216,Headphones,-14,2025-07-09 04:00,15.5,,Norway,0.01,Credit Card,,Apparel,In-store,Not Returned,Royal Mail,,Low
966033,SKU_1236,Notebook,26,2025-07-09 06:00,51.14,,Netherlands,0.4,paypall,12.9,Accessories,Online,Not Returned,Royal Mail,,Low
297894,SKU_1943,Notebook,-21,2025-07-09 08:00,-18.62,,Germany,1.1494680411183396,Bank Transfer,,Stationery,Online,Not Returned,FedEx,,Medium
946185,SKU_1071,Desk Lamp,-4,2025-07-10 10:00,-80.35,,Sweden,0.1,Credit Card,,Apparel,Online,Returned,UPS,,Low
444960,SKU_1694,Desk Lamp,43,2025-07-10 16:00,81.19,,Italy,0.01,paypall,13.09,Apparel,In-store,Not Returned,Royal Mail,London,Low
525112,SKU_1577,Wall Clock,14,2025-07-10 19:00,55.26,,United Kingdom,0.37,Credit Card,12.25,Furniture,Online,Not Returned,Royal Mail,,Medium
459892,SKU_1548,USB Cable,11,2025-07-11 01:00,78.4,,Belgium,0.21,paypall,27.16,Accessories,Online,Not Returned,Royal Mail,,High
158697,SKU_1182,Blue Pen,-47,2025-07-11 04:00,-36.14,,Germany,1.412758913547005,paypall,,Accessories,In-store,Not Returned,Royal Mail,,Medium
135903,SKU_1867,USB Cable,-24,2025-07-11 05:00,-7.37,,France,0.36,Bank Transfer,,Stationery,In-store,Not Returned,DHL,,High
298264,SKU_1845,Desk Lamp,-11,2025-07-11 08:00,-30.13,,United States,0.12,Credit Card,,Furniture,Online,Returned,Royal Mail,,Medium
201058,SKU_1108,USB Cable,25,2025-07-11 23:00,48.39,,Netherlands,0.48,Bank Transfer,26.88,Electronics,Online,Not Returned,UPS,Berlin,Medium
175961,SKU_1130,Blue Pen,28,2025-07-12 07:00,43.07,,France,0.36,Bank Transfer,11.12,Stationery,In-store,Not Returned,DHL,Amsterdam,Low
722347,SKU_1424,Backpack,-40,2025-07-12 09:00,35.64,,Germany,0.28,paypall,,Stationery,In-store,Not Returned,DHL,,Medium
449594,SKU_1750,Backpack,42,2025-07-13 07:00,50.25,,Australia,0.09,Bank Transfer,23.92,Apparel,Online,Returned,FedEx,Amsterdam,High
619060,SKU_1509,Wireless Mouse,8,2025-07-14 23:00,26.48,,Germany,0.07,Bank Transfer,13.21,Electronics,Online,Not Returned,Royal Mail,Berlin,High
171220,SKU_1153,Blue Pen,-24,2025-07-15 05:00,-66.39,,Belgium,0.05,Bank Transfer,,Furniture,Online,Not Returned,DHL,,Low
684918,SKU_1439,Office Chair,38,2025-07-16 08:00,72.97,,Spain,0.46,paypall,8.0,Apparel,In-store,Not Returned,FedEx,Berlin,High
781793,SKU_1145,Office Chair,-35,2025-07-16 18:00,4.26,,Sweden,0.33,Bank Transfer,,Accessories,Online,Not Returned,UPS,,High
614744,SKU_1639,Wireless Mouse,-15,2025-07-17 06:00,92.74,,Spain,0.32,paypall,,Apparel,Online,Not Returned,FedEx,,High
279073,SKU_1911,Backpack,29,2025-07-17 18:00,3.5,,Spain,0.03,Credit Card,11.53,Apparel,Online,Not Returned,UPS,Rome,Medium
923865,SKU_1644,Notebook,-37,2025-07-18 06:00,-98.58,,Australia,1.944044461741801,Credit Card,,Furniture,Online,Not Returned,DHL,,Medium
569932,SKU_1476,Notebook,19,2025-07-18 10:00,16.43,,Italy,0.49,Bank Transfer,23.57,Stationery,In-store,Not Returned,Royal Mail,,Low
247052,SKU_1795,Office Chair,-4,2025-07-18 19:00,51.16,,Portugal,0.31,paypall,,Accessories,In-store,Not Returned,DHL,,Medium
379772,SKU_1918,Backpack,-20,2025-07-19 07:00,18.39,,Belgium,0.04,Bank Transfer,,Accessories,Online,Not Returned,UPS,,Low
865588,SKU_1231,Blue Pen,13,2025-07-19 17:00,25.94,,France,0.37,paypall,19.39,Stationery,Online,Not Returned,FedEx,London,Medium
588253,SKU_1100,Office Chair,-42,2025-07-19 18:00,22.31,,United States,0.21,Credit Card,,Furniture,In-store,Not Returned,FedEx,,Low
351796,SKU_1956,Backpack,-42,2025-07-19 20:00,11.03,,France,0.13,Credit Card,,Furniture,In-store,Not Returned,DHL,,Medium
223105,SKU_1735,T-shirt,24,2025-07-20 13:00,66.42,,Netherlands,0.5,paypall,20.9,Stationery,In-store,Not Returned,UPS,Amsterdam,High
473235,SKU_1083,Desk Lamp,-20,2025-07-21 03:00,-88.35,,United States,1.4325079336734765,paypall,,Stationery,In-store,Not Returned,Royal Mail,,Medium
953436,SKU_1683,USB Cable,-2,2025-07-21 11:00,47.78,,United Kingdom,0.17,Credit Card,,Apparel,In-store,Not Returned,UPS,,Low
548262,SKU_1378,Wall Clock,-26,2025-07-22 07:00,1.51,,Sweden,0.19,Bank Transfer,,Accessories,In-store,Not Returned,DHL,,Medium
709099,SKU_1263,Office Chair,36,2025-07-22 08:00,1.02,,Germany,0.14,paypall,21.64,Electronics,In-store,Not Returned,DHL,Amsterdam,High
183094,SKU_1830,Wall Clock,-2,2025-07-22 17:00,52.66,,Spain,0.39,Bank Transfer,,Stationery,Online,Not Returned,FedEx,,Low
578085,SKU_1839,Desk Lamp,-3,2025-07-22 18:00,-87.51,,United Kingdom,0.37,Credit Card,,Stationery,In-store,Not Returned,Royal Mail,,Low
746888,SKU_1549,USB Cable,11,2025-07-23 01:00,56.22,,Belgium,0.14,paypall,15.99,Apparel,Online,Not Returned,FedEx,,High
850494,SKU_1742,Backpack,-4,2025-07-23 05:00,69.69,,Portugal,0.48,paypall,,Furniture,Online,Not Returned,DHL,,Medium
554135,SKU_1855,Wireless Mouse,-18,2025-07-23 06:00,-85.21,,United States,0.24,paypall,,Electronics,In-store,Not Returned,FedEx,,Low
520067,SKU_1656,Office Chair,-18,2025-07-23 14:00,-61.9,,Netherlands,1.714843294134754,Bank Transfer,,Stationery,In-store,Not Returned,UPS,,High
751022,SKU_1063,White Mug,3,2025-07-23 17:00,60.82,,United States,0.07,Bank Transfer,24.85,Accessories,In-store,Not Returned,Royal Mail,,Low
512882,SKU_1892,USB Cable,-32,2025-07-24 19:00,79.89,,Spain,0.01,paypall,,Accessories,Online,Not Returned,FedEx,,Low
932639,SKU_1110,T-shirt,-25,2025-07-25 03:00,87.0,,Portugal,0.26,Bank Transfer,,Stationery,Online,Not Returned,FedEx,,High
787611,SKU_1188,Notebook,10,2025-07-25 08:00,77.59,,Portugal,0.15,Credit Card,25.0,Furniture,In-store,Returned,DHL,Amsterdam,Medium
827174,SKU_1463,Headphones,-6,2025-07-25 20:00,55.95,,United Kingdom,0.26,paypall,,Electronics,In-store,Not Returned,DHL,,Low
661085,SKU_1802,Desk Lamp,-47,2025-07-25 22:00,-82.16,,Italy,1.844281726510241,Bank Transfer,,Furniture,In-store,Not Returned,Royal Mail,,High
905103,SKU_1455,Headphones,32,2025-07-26 16:00,39.27,,Norway,0.23,paypall,7.45,Accessories,In-store,Not Returned,UPS,London,Low
750342,SKU_1526,Wireless Mouse,-33,2025-07-26 20:00,60.46,,Italy,0.33,Bank Transfer,,Apparel,Online,Not Returned,FedEx,,High
698520,SKU_1931,Blue Pen,28,2025-07-26 21:00,30.65,,Portugal,0.34,Credit Card,27.75,Accessories,In-store,Not Returned,FedEx,,Medium
341335,SKU_1876,Desk Lamp,32,2025-07-26 22:00,39.62,,Belgium,0.04,Credit Card,5.63,Apparel,In-store,Not Returned,FedEx,Rome,Medium
961927,SKU_1040,Wireless Mouse,20,2025-07-27 01:00,92.12,,Norway,0.13,paypall,18.8,Apparel,Online,Not Returned,Royal Mail,London,Medium
901815,SKU_1779,Wireless Mouse,32,2025-07-27 04:00,77.69,,France,0.39,paypall,29.02,Electronics,Online,Not Returned,FedEx,Berlin,Medium
672161,SKU_1045,White Mug,-28,2025-07-27 18:00,-29.81,,Portugal,0.04,paypall,,Electronics,Online,Not Returned,FedEx,,Medium
446553,SKU_1509,Office Chair,-7,2025-07-29 03:00,-35.06,,Portugal,1.35322694449717,Bank Transfer,,Stationery,In-store,Returned,UPS,,Medium
239733,SKU_1346,White Mug,-6,2025-07-29 07:00,38.97,,Germany,0.38,paypall,,Electronics,In-store,Not Returned,DHL,,Low
935151,SKU_1675,Backpack,-27,2025-07-29 14:00,-8.66,,Spain,1.7513113545874055,Credit Card,,Accessories,Online,Not Returned,FedEx,,Medium
875872,SKU_1580,Headphones,-6,2025-07-29 18:00,91.85,,Germany,0.17,Bank Transfer,,Furniture,In-store,Not Returned,Royal Mail,,Low
829891,SKU_1209,Office Chair,6,2025-07-30 21:00,15.4,,France,0.46,Credit Card,7.15,Electronics,Online,Not Returned,Royal Mail,Rome,Medium
933763,SKU_1792,White Mug,-30,2025-07-30 23:00,-4.23,,Sweden,1.5030261498866575,paypall,,Accessories,In-store,Not Returned,Royal Mail,,Low
213627,SKU_1802,Backpack,22,2025-07-31 23:00,41.74,,Netherlands,0.03,Bank Transfer,18.43,Furniture,In-store,Not Returned,UPS,Berlin,Low
973753,SKU_1517,Wall Clock,-8,2025-08-01 14:00,18.31,,Norway,0.42,Credit Card,,Stationery,Online,Not Returned,Royal Mail,,Low
321795,SKU_1946,Blue Pen,-48,2025-08-01 15:00,-71.94,,United Kingdom,0.19,paypall,,Apparel,In-store,Not Returned,FedEx,,Medium
831010,SKU_1596,T-shirt,-25,2025-08-02 05:00,-62.44,,Italy,1.5711843821268825,paypall,,Apparel,Online,Not Returned,UPS,,Low
182009,SKU_1541,Desk Lamp,8,2025-08-02 11:00,6.68,,Spain,0.14,Bank Transfer,18.57,Furniture,Online,Not Returned,DHL,,Medium
397545,SKU_1493,Desk Lamp,28,2025-08-03 03:00,69.09,,United States,0.47,Bank Transfer,5.98,Electronics,Online,Not Returned,Royal Mail,Paris,High
550997,SKU_1908,Wall Clock,-17,2025-08-03 18:00,84.24,,Germany,0.16,Bank Transfer,,Apparel,In-store,Not Returned,UPS,,Medium
459403,SKU_1005,Headphones,-18,2025-08-03 19:00,61.59,,United States,0.45,paypall,,Apparel,Online,Returned,FedEx,,High
423763,SKU_1726,Backpack,-21,2025-08-04 14:00,81.38,,Norway,0.04,paypall,,Apparel,Online,Not Returned,Royal Mail,,High
609564,SKU_1504,Wireless Mouse,35,2025-08-04 20:00,63.0,,Belgium,0.05,paypall,9.1,Apparel,Online,Not Returned,DHL,Rome,High
595353,SKU_1242,Desk Lamp,-15,2025-08-05 13:00,2.79,,Netherlands,0.05,Credit Card,,Stationery,Online,Returned,Royal Mail,,Medium
962435,SKU_1102,White Mug,-2,2025-08-05 21:00,-39.14,,Sweden,0.1,Credit Card,,Electronics,In-store,Not Returned,DHL,,Low
537919,SKU_1532,Blue Pen,-44,2025-08-06 03:00,36.8,,Australia,0.13,paypall,,Accessories,In-store,Not Returned,DHL,,Medium
585305,SKU_1921,USB Cable,-14,2025-08-06 09:00,-88.96,,Sweden,1.0630906538791098,Bank Transfer,,Apparel,In-store,Not Returned,Royal Mail,,High
422786,SKU_1227,Desk Lamp,48,2025-08-06 17:00,6.57,,Sweden,0.48,Credit Card,22.71,Furniture,Online,Not Returned,Royal Mail,,Low
245286,SKU_1989,Office Chair,32,2025-08-06 21:00,88.29,,Sweden,0.41,Credit Card,27.86,Electronics,Online,Not Returned,UPS,Paris,High
883028,SKU_1223,Blue Pen,-37,2025-08-07 18:00,-63.83,,Portugal,1.3891788196582642,paypall,,Electronics,In-store,Not Returned,FedEx,,High
674831,SKU_1366,Wall Clock,45,2025-08-07 20:00,77.76,,United Kingdom,0.15,Bank Transfer,16.78,Accessories,Online,Not Returned,Royal Mail,Amsterdam,High
547902,SKU_1536,White Mug,-44,2025-08-08 01:00,-12.25,,Norway,0.39,paypall,,Accessories,Online,Not Returned,FedEx,,High
713556,SKU_1307,T-shirt,-3,2025-08-08 05:00,-21.15,,United Kingdom,1.394597122098974,Bank Transfer,,Stationery,Online,Not Returned,UPS,,Low
245283,SKU_1882,Wireless Mouse,-10,2025-08-08 10:00,-49.11,,Norway,1.380938391131665,Credit Card,,Furniture,Online,Not Returned,FedEx,,Medium
152200,SKU_1529,T-shirt,34,2025-08-08 20:00,90.53,,Spain,0.0,Bank Transfer,14.76,Furniture,Online,Not Returned,Royal Mail,Paris,High
696437,SKU_1092,Wall Clock,-33,2025-08-09 04:00,-14.92,,Netherlands,1.1677695511591248,Credit Card,,Electronics,In-store,Not Returned,Royal Mail,,High
923519,SKU_1080,Office Chair,-10,2025-08-09 05:00,31.74,,Germany,0.02,Credit Card,,Apparel,Online,Returned,Royal Mail,,Low
874062,SKU_1657,T-shirt,-25,2025-08-09 11:00,-7.17,,United Kingdom,1.236483683452568,Bank Transfer,,Stationery,In-store,Returned,Royal Mail,,Low
800046,SKU_1944,USB Cable,-48,2025-08-10 01:00,-43.0,,United States,0.25,Credit Card,,Apparel,Online,Not Returned,FedEx,,Medium
221914,SKU_1985,Wireless Mouse,-7,2025-08-10 02:00,-17.48,,France,0.01,Credit Card,,Accessories,In-store,Not Returned,UPS,,Medium
971135,SKU_1481,White Mug,7,2025-08-10 15:00,63.04,,United States,0.12,Credit Card,7.3,Accessories,In-store,Not Returned,DHL,,Medium
221456,SKU_1638,Notebook,36,2025-08-11 14:00,49.27,,United States,0.48,Bank Transfer,17.33,Stationery,Online,Not Returned,UPS,Berlin,High
122716,SKU_1664,USB Cable,5,2025-08-12 12:00,8.15,,United Kingdom,0.36,Credit Card,11.8,Stationery,Online,Not Returned,Royal Mail,Paris,Low
421831,SKU_1093,Wireless Mouse,48,2025-08-14 07:00,38.62,,United States,0.05,Credit Card,13.68,Furniture,Online,Not Returned,Royal Mail,Rome,High
835494,SKU_1341,White Mug,32,2025-08-14 11:00,69.56,,United Kingdom,0.35,paypall,26.2,Apparel,In-store,Not Returned,Royal Mail,,Medium
295883,SKU_1593,Office Chair,23,2025-08-15 08:00,97.18,,Netherlands,0.2,Credit Card,7.83,Accessories,In-store,Not Returned,UPS,Paris,Medium
267078,SKU_1266,USB Cable,29,2025-08-15 15:00,85.15,,United Kingdom,0.44,Credit Card,20.59,Furniture,Online,Not Returned,DHL,London,Medium
669544,SKU_1558,USB Cable,-41,2025-08-16 00:00,94.84,,Australia,0.41,Bank Transfer,,Furniture,Online,Not Returned,DHL,,High
251981,SKU_1415,Desk Lamp,-44,2025-08-16 20:00,68.93,,Spain,0.08,Credit Card,,Apparel,In-store,Not Returned,UPS,,Low
273027,SKU_1286,Wall Clock,10,2025-08-17 11:00,73.11,,United States,0.24,Bank Transfer,29.83,Stationery,Online,Not Returned,DHL,Rome,Low
248993,SKU_1017,Blue Pen,-50,2025-08-17 19:00,-11.96,,Germany,1.4824107832771114,paypall,,Accessories,In-store,Not Returned,FedEx,,Low
697424,SKU_1089,Wireless Mouse,1,2025-08-19 00:00,14.04,,United States,0.31,Bank Transfer,27.38,Apparel,Online,Not Returned,DHL,London,Low
909540,SKU_1584,Office Chair,-41,2025-08-19 10:00,70.66,,Australia,0.28,Bank Transfer,,Furniture,Online,Not Returned,DHL,,High
904283,SKU_1363,Office Chair,-25,2025-08-19 12:00,-83.34,,Spain,1.7014096788711517,paypall,,Furniture,Online,Returned,DHL,,Low
358821,SKU_1506,Desk Lamp,-21,2025-08-19 14:00,-68.71,,Norway,0.49,paypall,,Accessories,In-store,Not Returned,UPS,,High
874886,SKU_1910,Wireless Mouse,-11,2025-08-20 04:00,-23.08,,Norway,0.31,paypall,,Stationery,Online,Returned,DHL,,High
315139,SKU_1388,Notebook,-38,2025-08-20 14:00,39.17,,United States,0.22,Credit Card,,Electronics,In-store,Not Returned,Royal Mail,,High
847111,SKU_1168,Notebook,-47,2025-08-20 16:00,32.05,,Norway,0.23,paypall,,Stationery,Online,Not Returned,UPS,,Medium
723473,SKU_1256,Wireless Mouse,19,2025-08-20 20:00,24.3,,Portugal,0.24,Credit Card,13.77,Furniture,In-store,Not Returned,UPS,Rome,Medium
946868,SKU_1571,Desk Lamp,-12,2025-08-20 21:00,73.48,,Australia,0.34,Bank Transfer,,Electronics,Online,Not Returned,Royal Mail,,High
914009,SKU_1259,USB Cable,38,2025-08-21 01:00,41.93,,Netherlands,0.17,Credit Card,20.57,Furniture,In-store,Not Returned,Royal Mail,,High
768854,SKU_1014,USB Cable,-9,2025-08-21 02:00,77.88,,Sweden,0.26,Credit Card,,Electronics,In-store,Not Returned,FedEx,,Medium
879482,SKU_1074,Blue Pen,-25,2025-08-21 16:00,-11.41,,Spain,0.34,paypall,,Stationery,Online,Not Returned,UPS,,Medium
654559,SKU_1667,USB Cable,-31,2025-08-22 02:00,-84.45,,France,1.816007991128841,paypall,,Accessories,Online,Not Returned,DHL,,Medium
232054,SKU_1382,White Mug,-17,2025-08-23 03:00,-13.91,,Portugal,1.7085433940142236,Credit Card,,Stationery,Online,Not Returned,Royal Mail,,High
698348,SKU_1533,White Mug,-12,2025-08-23 05:00,-3.62,,Sweden,1.133877486839065,Credit Card,,Apparel,Online,Not Returned,FedEx,,Low
798533,SKU_1636,Wireless Mouse,-13,2025-08-23 08:00,-89.26,,Sweden,0.09,Credit Card,,Stationery,Online,Not Returned,DHL,,Low
213684,SKU_1465,Wall Clock,9,2025-08-23 15:00,23.57,,Belgium,0.4,Bank Transfer,28.95,Electronics,Online,Not Returned,Royal Mail,Paris,Medium
297761,SKU_1703,T-shirt,41,2025-08-23 21:00,67.31,,Netherlands,0.38,Credit Card,13.04,Accessories,Online,Not Returned,UPS,Rome,Medium
709410,SKU_1035,T-shirt,-3,2025-08-24 10:00,-71.17,,Spain,1.5867168409734094,paypall,,Stationery,In-store,Returned,DHL,,Medium
282310,SKU_1373,USB Cable,-30,2025-08-24 11:00,69.56,,Norway,0.07,Bank Transfer,,Electronics,Online,Not Returned,UPS,,Low
513889,SKU_1006,Office Chair,9,2025-08-24 17:00,16.08,,Portugal,0.33,Bank Transfer,15.97,Accessories,In-store,Not Returned,FedEx,London,Medium
726233,SKU_1415,Blue Pen,-38,2025-08-24 19:00,91.17,,Australia,0.26,paypall,,Accessories,Online,Not Returned,UPS,,Low
704398,SKU_1068,Blue Pen,-39,2025-08-24 22:00,-10.11,,Norway,0.31,paypall,,Accessories,Online,Not Returned,DHL,,Low
220819,SKU_1719,Wall Clock,-2,2025-08-25 04:00,-67.62,,Australia,0.42,Bank Transfer,,Apparel,Online,Returned,UPS,,High
598317,SKU_1027,White Mug,-49,2025-08-25 11:00,51.77,,Sweden,0.25,Bank Transfer,,Furniture,In-store,Not Returned,Royal Mail,,Low
283933,SKU_1413,Headphones,-45,2025-08-25 14:00,-51.77,,Australia,0.12,Credit Card,,Electronics,Online,Returned,FedEx,,High
781624,SKU_1786,Backpack,-23,2025-08-25 16:00,-64.56,,Belgium,1.943148766870696,Credit Card,,Apparel,In-store,Not Returned,FedEx,,High
628052,SKU_1290,Wall Clock,-44,2025-08-25 20:00,-62.39,,Norway,1.935814133851512,Credit Card,,Accessories,Online,Not Returned,Royal Mail,,High
428911,SKU_1029,Notebook,10,2025-08-26 13:00,35.07,,Spain,0.17,paypall,18.14,Accessories,Online,Not Returned,Royal Mail,Rome,Low
504046,SKU_1157,Office Chair,-39,2025-08-26 16:00,65.77,,Australia,0.24,Bank Transfer,,Stationery,Online,Not Returned,FedEx,,Medium
727403,SKU_1507,White Mug,-2,2025-08-27 13:00,26.52,,Netherlands,0.06,paypall,,Apparel,Online,Not Returned,FedEx,,Medium
692747,SKU_1087,Wireless Mouse,48,2025-08-27 21:00,16.19,,Sweden,0.04,Bank Transfer,9.87,Stationery,Online,Not Returned,FedEx,London,Low
686694,SKU_1060,Blue Pen,29,2025-08-28 02:00,41.41,,Belgium,0.06,Bank Transfer,29.71,Stationery,Online,Not Returned,Royal Mail,,Medium
196888,SKU_1081,Office Chair,-34,2025-08-28 03:00,62.16,,Belgium,0.01,Credit Card,,Furniture,In-store,Not Returned,FedEx,,Low
355420,SKU_1107,Office Chair,-34,2025-08-28 17:00,-73.23,,Italy,1.376160078068068,Credit Card,,Furniture,In-store,Not Returned,DHL,,High
765061,SKU_1191,Notebook,41,2025-08-29 04:00,62.75,,Portugal,0.36,Bank Transfer,21.1,Furniture,In-store,Not Returned,Royal Mail,Rome,Medium
733594,SKU_1811,Notebook,-50,2025-08-29 14:00,-32.91,,United States,1.6082327361719488,paypall,,Electronics,In-store,Not Returned,Royal Mail,,Medium
306000,SKU_1575,Office Chair,-28,2025-08-29 15:00,83.59,,Sweden,0.45,paypall,,Accessories,Online,Not Returned,FedEx,,Medium
989690,SKU_1400,T-shirt,-13,2025-08-29 22:00,36.85,,Netherlands,0.34,Credit Card,,Apparel,Online,Not Returned,DHL,,Medium
783828,SKU_1078,USB Cable,40,2025-08-30 05:00,38.24,,United Kingdom,0.27,paypall,19.5,Electronics,In-store,Not Returned,FedEx,Paris,High
554870,SKU_1307,T-shirt,33,2025-08-30 06:00,72.81,,Portugal,0.21,Bank Transfer,26.31,Apparel,In-store,Not Returned,UPS,Paris,Low
862209,SKU_1844,Office Chair,37,2025-08-30 11:00,75.43,,Belgium,0.34,paypall,10.51,Furniture,In-store,Returned,DHL,,Medium
622187,SKU_1197,USB Cable,-8,2025-08-31 02:00,91.33,,Spain,0.28,Credit Card,,Stationery,In-store,Returned,Royal Mail,,Medium
516911,SKU_1742,Wireless Mouse,20,2025-09-01 05:00,48.76,,Germany,0.5,Bank Transfer,27.65,Accessories,Online,Not Returned,Royal Mail,London,High
472371,SKU_1924,Headphones,30,2025-09-01 06:00,35.54,,Germany,0.07,paypall,24.2,Stationery,In-store,Not Returned,UPS,Berlin,Medium
553510,SKU_1943,T-shirt,-4,2025-09-01 11:00,-74.57,,France,1.3066129371102018,Credit Card,,Stationery,Online,Not Returned,Royal Mail,,Low
855821,SKU_1500,Wireless Mouse,-11,2025-09-01 15:00,-18.88,,Portugal,1.5690815295670952,Bank Transfer,,Furniture,In-store,Not Returned,FedEx,,Low
774988,SKU_1719,T-shirt,-5,2025-09-01 17:00,80.79,,Spain,0.1,paypall,,Electronics,In-store,Not Returned,DHL,,High
745888,SKU_1224,T-shirt,-2,2025-09-02 14:00,-84.25,,United States,1.4206645981744788,Bank Transfer,,Accessories,In-store,Not Returned,Royal Mail,,Medium
575966,SKU_1410,Backpack,19,2025-09-02 23:00,81.84,,Spain,0.29,paypall,18.43,Stationery,In-store,Not Returned,DHL,Amsterdam,Medium
487771,SKU_1083,Wall Clock,-7,2025-09-03 02:00,-57.31,,United Kingdom,1.1398687331339277,paypall,,Accessories,Online,Not Returned,DHL,,Low
106493,SKU_1736,Desk Lamp,-40,2025-09-03 11:00,-51.34,,Netherlands,0.23,Bank Transfer,,Accessories,In-store,Not Returned,FedEx,,Medium
540459,SKU_1405,White Mug,-36,2025-09-03 21:00,12.21,,Portugal,0.29,paypall,,Stationery,Online,Not Returned,UPS,,High
726763,SKU_1273,White Mug,-34,2025-09-04 08:00,10.34,,France,0.35,Credit Card,,Furniture,Online,Not Returned,DHL,,High
829071,SKU_1000,Wall Clock,1,2025-09-04 09:00,27.81,,Sweden,0.39,Bank Transfer,7.4,Apparel,In-store,Not Returned,DHL,,Low
625657,SKU_1628,Office Chair,-30,2025-09-04 18:00,16.82,,France,0.34,Credit Card,,Electronics,Online,Not Returned,DHL,,Low
